image_id,feed_id,frame_number,frame_path,bbox,plate_width_px,plate_height_px,plate_area_px,plate_area_frac,plate_aspect,plate_size_category,detection_confidence,detection_source,blur_score,brightness,contrast,glare,crop_quality,skew_deg,angle_category,touches_border,lighting,vehicles_in_frame,readability,ocr_text,ocr_confidence,difficulty,needs_human_review,review_reason,split,image_file,unit,frame_blur_score,frame_brightness,frame_contrast,visibility,occlusion,ocr_readable,difficulty_category,label_source,adjudicated_by,verified_by_human,proposal_id
cam01_10001_309_648_156x118,cam01,10001,D:\tessttt\testttttt\reports\deep\frames\cam01_0001.jpg,"[30.3, 63.0, 39.4, 68.2]",9.1,5.2,47.32,0.0026,1.75,VERY_SMALL,0.6327,vehicle_crop,3579.9111,78.8444,30.0998,0.0,0.5046,,UNKNOWN,False,DAY,1,UNREADABLE_TOO_SMALL,,0.0,"['tiny', 'low_light', 'low_contrast', 'unreadable']",False,,val,images/val/cam01_10001_309_648_156x118.jpg,vehicle_crop,890.787,137.72,75.68,UNKNOWN,UNKNOWN,UNREADABLE_TOO_SMALL,tiny|low_light|low_contrast|unreadable,adjudicated_proposal,vlm,False,p000000
cam01_10002_698_631_115x100,cam01,10002,D:\tessttt\testttttt\reports\deep\frames\cam01_0002.jpg,"[33.1, 53.9, 48.2, 58.7]",15.2,4.9,74.48,0.0065,3.102,SMALL,0.2037,vehicle_crop,1556.1838,87.7067,49.0251,0.0,0.5893,,UNKNOWN,False,DAY,1,UNREADABLE_TOO_SMALL,,0.0,"['low_confidence', 'unreadable']",False,,val,images/val/cam01_10002_698_631_115x100.jpg,vehicle_crop,904.567,137.13,76.32,UNKNOWN,UNKNOWN,UNREADABLE_TOO_SMALL,low_confidence|unreadable,adjudicated_proposal,vlm,False,p000001
cam01_10004_685_685_120x139,cam01,10004,D:\tessttt\testttttt\reports\deep\frames\cam01_0004.jpg,"[71.9, 98.8, 82.5, 106.6]",10.5,7.8,81.9,0.0049,1.3462,SMALL,0.2828,vehicle_crop,2659.2557,86.1477,37.8425,0.0,0.5424,,UNKNOWN,False,DAY,1,UNREADABLE_TOO_SMALL,,0.0,"['low_confidence', 'unreadable']",False,,val,images/val/cam01_10004_685_685_120x139.jpg,vehicle_crop,854.857,140.31,77.48,UNKNOWN,UNKNOWN,UNREADABLE_TOO_SMALL,low_confidence|unreadable,adjudicated_proposal,vlm,False,p000003
cam01_10005_756_664_102x113,cam01,10005,D:\tessttt\testttttt\reports\deep\frames\cam01_0005.jpg,"[51.7, 79.4, 59.8, 83.5]",8.0,4.1,32.8,0.0028,1.9512,VERY_SMALL,0.2914,vehicle_crop,756.874,56.0938,13.7463,0.0,0.4232,,UNKNOWN,False,DAY,1,UNREADABLE_TOO_SMALL,,0.0,"['tiny', 'low_light', 'low_contrast', 'low_confidence', 'unreadable']",False,,val,images/val/cam01_10005_756_664_102x113.jpg,vehicle_crop,628.736,136.7,78.52,UNKNOWN,UNKNOWN,UNREADABLE_TOO_SMALL,tiny|low_light|low_contrast|low_confidence|unreadable,adjudicated_proposal,vlm,False,p000005
cam01_10008_968_736_162x149,cam01,10008,D:\tessttt\testttttt\reports\deep\frames\cam01_0008.jpg,"[58.8, 99.5, 94.1, 110.9]",35.3,11.3,398.89,0.0165,3.1239,MEDIUM,0.3105,vehicle_crop,5925.504,121.3914,65.0204,0.0,0.7048,0.0,FRONTAL,False,DAY,1,UNREADABLE_TOO_SMALL,,0.0,"['low_confidence', 'unreadable']",False,,val,images/val/cam01_10008_968_736_162x149.jpg,vehicle_crop,581.638,143.11,79.21,UNKNOWN,UNKNOWN,UNREADABLE_TOO_SMALL,low_confidence|unreadable,adjudicated_proposal,vlm,False,p000008
cam01_10011_407_655_150x108,cam01,10011,D:\tessttt\testttttt\reports\deep\frames\cam01_0011.jpg,"[120.8, 51.1, 129.0, 53.6]",8.2,2.5,20.5,0.0013,3.28,VERY_SMALL,0.5501,vehicle_crop,4454.0,102.1667,25.7061,0.0,0.5154,,UNKNOWN,False,DAY,1,UNREADABLE_TOO_SMALL,,0.0,"['tiny', 'low_contrast', 'unreadable']",False,,val,images/val/cam01_10011_407_655_150x108.jpg,vehicle_crop,661.404,131.82,77.45,UNKNOWN,UNKNOWN,UNREADABLE_TOO_SMALL,tiny|low_contrast|unreadable,adjudicated_proposal,vlm,False,p000010
cam01_10011_860_540_151x168,cam01,10011,D:\tessttt\testttttt\reports\deep\frames\cam01_0011.jpg,"[57.2, 130.9, 70.5, 135.7]",13.3,4.8,63.84,0.0025,2.7708,SMALL,0.375,vehicle_crop,1795.2133,111.9077,26.5085,0.0,0.5368,,UNKNOWN,False,DAY,1,UNREADABLE_TOO_SMALL,,0.0,"['low_contrast', 'unreadable']",False,,val,images/val/cam01_10011_860_540_151x168.jpg,vehicle_crop,661.404,131.82,77.45,UNKNOWN,UNKNOWN,UNREADABLE_TOO_SMALL,low_contrast|unreadable,adjudicated_proposal,vlm,False,p000011
cam01_10011_996_537_274x395,cam01,10011,D:\tessttt\testttttt\reports\deep\frames\cam01_0011.jpg,"[109.1, 324.4, 143.4, 337.1]",34.3,12.6,432.18,0.004,2.7222,MEDIUM,0.2774,vehicle_crop,3791.019,108.1606,51.7086,0.0,0.6587,0.0,FRONTAL,False,DAY,1,UNREADABLE_TOO_SMALL,,0.0,"['low_confidence', 'unreadable']",False,,val,images/val/cam01_10011_996_537_274x395.jpg,vehicle_crop,661.404,131.82,77.45,UNKNOWN,UNKNOWN,UNREADABLE_TOO_SMALL,low_confidence|unreadable,adjudicated_proposal,vlm,False,p000012
cam01_10012_407_653_149x110,cam01,10012,D:\tessttt\testttttt\reports\deep\frames\cam01_0012.jpg,"[120.8, 52.9, 129.0, 55.8]",8.2,3.0,24.6,0.0015,2.7333,VERY_SMALL,0.4559,vehicle_crop,3739.0151,86.9259,30.2862,0.0,0.514,,UNKNOWN,False,DAY,1,UNREADABLE_TOO_SMALL,,0.0,"['tiny', 'low_contrast', 'unreadable']",False,,val,images/val/cam01_10012_407_653_149x110.jpg,vehicle_crop,655.884,132.12,76.55,UNKNOWN,UNKNOWN,UNREADABLE_TOO_SMALL,tiny|low_contrast|unreadable,adjudicated_proposal,vlm,False,p000013
cam01_10012_893_533_119x141,cam01,10012,D:\tessttt\testttttt\reports\deep\frames\cam01_0012.jpg,"[67.0, 109.7, 79.6, 112.7]",12.6,3.0,37.8,0.0023,4.2,SMALL,0.3903,vehicle_crop,5332.8233,90.25,34.7046,0.0,0.5384,,UNKNOWN,False,DAY,1,UNREADABLE_TOO_SMALL,,0.0,['unreadable'],False,,val,images/val/cam01_10012_893_533_119x141.jpg,vehicle_crop,655.884,132.12,76.55,UNKNOWN,UNKNOWN,UNREADABLE_TOO_SMALL,unreadable,adjudicated_proposal,vlm,False,p000014
cam01_10012_1366_614_111x63,cam01,10012,D:\tessttt\testttttt\reports\deep\frames\cam01_0012.jpg,"[57.7, 43.3, 65.7, 46.8]",8.1,3.5,28.35,0.0041,2.3143,VERY_SMALL,0.3668,vehicle_crop,2312.9097,164.6667,16.7747,0.0,0.4718,,UNKNOWN,False,DAY,1,UNREADABLE_TOO_SMALL,,0.0,"['tiny', 'low_contrast', 'unreadable']",False,,val,images/val/cam01_10012_1366_614_111x63.jpg,vehicle_crop,655.884,132.12,76.55,UNKNOWN,UNKNOWN,UNREADABLE_TOO_SMALL,tiny|low_contrast|unreadable,adjudicated_proposal,vlm,False,p000015
cam01_10013_341_662_443x343,cam01,10013,D:\tessttt\testttttt\reports\deep\frames\cam01_0013.jpg,"[125.6, 274.6, 164.7, 285.4]",39.1,10.8,422.28,0.0028,3.6204,MEDIUM,0.4092,vehicle_crop,6785.0121,127.2704,48.4957,0.0,0.6789,0.0,FRONTAL,False,DAY,1,UNREADABLE_TOO_SMALL,,0.0,['unreadable'],False,,val,images/val/cam01_10013_341_662_443x343.jpg,vehicle_crop,847.557,135.94,77.55,UNKNOWN,UNKNOWN,UNREADABLE_TOO_SMALL,unreadable,adjudicated_proposal,vlm,False,p000017
cam01_10013_747_616_104x106,cam01,10013,D:\tessttt\testttttt\reports\deep\frames\cam01_0013.jpg,"[32.7, 61.0, 45.2, 64.1]",12.5,3.1,38.75,0.0035,4.0323,SMALL,0.2962,vehicle_crop,2972.2301,125.4872,28.6445,0.0,0.5587,,UNKNOWN,False,DAY,1,UNREADABLE_TOO_SMALL,,0.0,"['low_contrast', 'low_confidence', 'unreadable']",False,,val,images/val/cam01_10013_747_616_104x106.jpg,vehicle_crop,847.557,135.94,77.55,UNKNOWN,UNKNOWN,UNREADABLE_TOO_SMALL,low_contrast|low_confidence|unreadable,adjudicated_proposal,vlm,False,p000018
cam01_10013_1570_661_174x104,cam01,10013,D:\tessttt\testttttt\reports\deep\frames\cam01_0013.jpg,"[117.7, 68.6, 137.0, 73.4]",19.3,4.8,92.64,0.0051,4.0208,SMALL,0.5604,vehicle_crop,1403.1544,134.53,23.5964,0.0,0.5515,,UNKNOWN,False,DAY,1,UNREADABLE_TOO_SMALL,,0.0,"['low_contrast', 'unreadable']",False,,val,images/val/cam01_10013_1570_661_174x104.jpg,vehicle_crop,847.557,135.94,77.55,UNKNOWN,UNKNOWN,UNREADABLE_TOO_SMALL,low_contrast|unreadable,adjudicated_proposal,vlm,False,p000016
cam01_10014_356_659_434x336,cam01,10014,D:\tessttt\testttttt\reports\deep\frames\cam01_0014.jpg,"[125.2, 268.2, 164.7, 278.8]",39.6,10.6,419.76,0.0029,3.7358,MEDIUM,0.2372,vehicle_crop,5748.8156,126.9282,47.4576,0.0,0.675,0.0,FRONTAL,False,DAY,1,UNREADABLE_TOO_SMALL,,0.0,"['low_confidence', 'unreadable']",False,,val,images/val/cam01_10014_356_659_434x336.jpg,vehicle_crop,811.719,135.95,77.3,UNKNOWN,UNKNOWN,UNREADABLE_TOO_SMALL,low_confidence|unreadable,adjudicated_proposal,vlm,False,p000021
cam01_10015_747_615_103x106,cam01,10015,D:\tessttt\testttttt\reports\deep\frames\cam01_0015.jpg,"[52.5, 77.9, 58.4, 81.2]",5.9,3.3,19.47,0.0018,1.7879,EXTREMELY_TINY,0.2579,vehicle_crop,2866.2899,103.1667,24.3133,0.0,0.5059,,UNKNOWN,False,DAY,1,UNREADABLE_TOO_SMALL,,0.0,"['tiny', 'low_contrast', 'low_confidence', 'unreadable']",False,,val,images/val/cam01_10015_747_615_103x106.jpg,vehicle_crop,816.014,136.33,76.72,UNKNOWN,UNKNOWN,UNREADABLE_TOO_SMALL,tiny|low_contrast|low_confidence|unreadable,adjudicated_proposal,vlm,False,p000023
cam01_10015_936_505_87x96,cam01,10015,D:\tessttt\testttttt\reports\deep\frames\cam01_0015.jpg,"[71.6, 79.2, 78.7, 81.6]",7.0,2.3,16.1,0.0019,3.0435,EXTREMELY_TINY,0.473,vehicle_crop,9742.2653,91.0714,26.7407,0.0,0.5027,,UNKNOWN,False,DAY,1,UNREADABLE_TOO_SMALL,,0.0,"['tiny', 'low_contrast', 'unreadable']",False,,val,images/val/cam01_10015_936_505_87x96.jpg,vehicle_crop,816.014,136.33,76.72,UNKNOWN,UNKNOWN,UNREADABLE_TOO_SMALL,tiny|low_contrast|unreadable,adjudicated_proposal,vlm,False,p000022
cam01_10016_393_606_117x85,cam01,10016,D:\tessttt\testttttt\reports\deep\frames\cam01_0016.jpg,"[48.3, 53.9, 54.7, 56.4]",6.4,2.5,16.0,0.0016,2.56,EXTREMELY_TINY,0.3304,vehicle_crop,485.7654,20.7778,11.6455,0.0,0.3735,,UNKNOWN,False,DAY,1,UNREADABLE_TOO_SMALL,,0.0,"['tiny', 'low_light', 'low_contrast', 'low_confidence', 'unreadable']",False,,val,images/val/cam01_10016_393_606_117x85.jpg,vehicle_crop,800.271,135.79,77.54,UNKNOWN,UNKNOWN,UNREADABLE_TOO_SMALL,tiny|low_light|low_contrast|low_confidence|unreadable,adjudicated_proposal,vlm,False,p000024
cam01_10016_720_615_135x106,cam01,10016,D:\tessttt\testttttt\reports\deep\frames\cam01_0016.jpg,"[43.9, 60.5, 53.3, 64.2]",9.5,3.7,35.15,0.0025,2.5676,VERY_SMALL,0.2793,vehicle_crop,4187.05,65.975,31.1364,0.0,0.4959,,UNKNOWN,False,DAY,1,UNREADABLE_TOO_SMALL,,0.0,"['tiny', 'low_light', 'low_contrast', 'low_confidence', 'unreadable']",False,,val,images/val/cam01_10016_720_615_135x106.jpg,vehicle_crop,800.271,135.79,77.54,UNKNOWN,UNKNOWN,UNREADABLE_TOO_SMALL,tiny|low_light|low_contrast|low_confidence|unreadable,adjudicated_proposal,vlm,False,p000025
cam01_10017_1062_783_193x181,cam01,10017,D:\tessttt\testttttt\reports\deep\frames\cam01_0017.jpg,"[64.2, 123.2, 102.0, 135.5]",37.8,12.3,464.94,0.0133,3.0732,MEDIUM,0.8434,vehicle_crop,4810.8696,117.5658,38.0722,0.0,0.6315,0.0,FRONTAL,False,DAY,1,UNREADABLE_TOO_SMALL,,0.0,['unreadable'],False,,val,images/val/cam01_10017_1062_783_193x181.jpg,vehicle_crop,768.786,134.89,77.43,UNKNOWN,UNKNOWN,UNREADABLE_TOO_SMALL,unreadable,adjudicated_proposal,vlm,False,p000026
cam01_10018_1110_706_132x126,cam01,10018,D:\tessttt\testttttt\reports\deep\frames\cam01_0018.jpg,"[51.5, 84.7, 80.3, 94.6]",28.7,9.9,284.13,0.0171,2.899,MEDIUM,0.8843,vehicle_crop,4388.0764,120.5862,31.3343,0.0,0.5943,0.0,FRONTAL,False,DAY,1,UNREADABLE_TOO_SMALL,,0.0,"['low_contrast', 'unreadable']",False,,val,images/val/cam01_10018_1110_706_132x126.jpg,vehicle_crop,740.436,134.82,76.78,UNKNOWN,UNKNOWN,UNREADABLE_TOO_SMALL,low_contrast|unreadable,adjudicated_proposal,vlm,False,p000027
cam01_10019_396_602_116x86,cam01,10019,D:\tessttt\testttttt\reports\deep\frames\cam01_0019.jpg,"[44.4, 58.2, 51.6, 61.0]",7.2,2.8,20.16,0.002,2.5714,EXTREMELY_TINY,0.3064,vehicle_crop,352.5624,21.1905,4.9629,0.0,0.3537,,UNKNOWN,False,DAY,1,UNREADABLE_TOO_SMALL,,0.0,"['tiny', 'low_light', 'low_contrast', 'low_confidence', 'unreadable']",False,,val,images/val/cam01_10019_396_602_116x86.jpg,vehicle_crop,757.086,134.83,76.48,UNKNOWN,UNKNOWN,UNREADABLE_TOO_SMALL,tiny|low_light|low_contrast|low_confidence|unreadable,adjudicated_proposal,vlm,False,p000030
cam01_10019_402_652_169x113,cam01,10019,D:\tessttt\testttttt\reports\deep\frames\cam01_0019.jpg,"[125.8, 53.8, 134.3, 56.6]",8.5,2.8,23.8,0.0012,3.0357,VERY_SMALL,0.5296,vehicle_crop,12262.4307,95.4074,50.2956,0.0,0.59,,UNKNOWN,False,DAY,1,UNREADABLE_TOO_SMALL,,0.0,"['tiny', 'unreadable']",False,,val,images/val/cam01_10019_402_652_169x113.jpg,vehicle_crop,757.086,134.83,76.48,UNKNOWN,UNKNOWN,UNREADABLE_TOO_SMALL,tiny|unreadable,adjudicated_proposal,vlm,False,p000029
cam01_10019_1101_655_110x96,cam01,10019,D:\tessttt\testttttt\reports\deep\frames\cam01_0019.jpg,"[50.0, 65.1, 70.9, 71.4]",20.9,6.3,131.67,0.0125,3.3175,SMALL,0.7748,vehicle_crop,1426.9642,115.4833,24.2105,0.0,0.547,,UNKNOWN,False,DAY,1,UNREADABLE_TOO_SMALL,,0.0,"['low_contrast', 'unreadable']",False,,val,images/val/cam01_10019_1101_655_110x96.jpg,vehicle_crop,757.086,134.83,76.48,UNKNOWN,UNKNOWN,UNREADABLE_TOO_SMALL,low_contrast|unreadable,adjudicated_proposal,vlm,False,p000028
cam01_10020_392_605_121x76,cam01,10020,D:\tessttt\testttttt\reports\deep\frames\cam01_0020.jpg,"[72.2, 51.1, 80.0, 52.7]",7.7,1.7,13.09,0.0014,4.5294,EXTREMELY_TINY,0.2107,vehicle_crop,41.4375,160.375,3.6034,0.0,0.1823,,UNKNOWN,False,DAY,1,UNREADABLE_TOO_SMALL,,0.0,"['tiny', 'blur', 'low_contrast', 'low_confidence', 'unreadable']",False,,test,images/test/cam01_10020_392_605_121x76.jpg,vehicle_crop,766.468,135.68,75.97,UNKNOWN,UNKNOWN,UNREADABLE_TOO_SMALL,tiny|blur|low_contrast|low_confidence|unreadable,adjudicated_proposal,vlm,False,p000033
cam01_10020_831_579_173x158,cam01,10020,D:\tessttt\testttttt\reports\deep\frames\cam01_0020.jpg,"[154.6, 64.2, 160.9, 67.8]",6.3,3.7,23.31,0.0009,1.7027,EXTREMELY_TINY,0.2552,vehicle_crop,2878.6821,85.8889,26.5034,0.0,0.4943,,UNKNOWN,False,DAY,1,UNREADABLE_TOO_SMALL,,0.0,"['tiny', 'low_contrast', 'low_confidence', 'unreadable']",False,,test,images/test/cam01_10020_831_579_173x158.jpg,vehicle_crop,766.468,135.68,75.97,UNKNOWN,UNKNOWN,UNREADABLE_TOO_SMALL,tiny|low_contrast|low_confidence|unreadable,adjudicated_proposal,vlm,False,p000032
cam01_10020_1096_740_165x164,cam01,10020,D:\tessttt\testttttt\reports\deep\frames\cam01_0020.jpg,"[64.2, 112.0, 99.0, 122.0]",34.8,10.0,348.0,0.0129,3.48,MEDIUM,0.728,vehicle_crop,9631.5011,135.02,60.8694,0.0,0.7023,0.0,FRONTAL,False,DAY,1,UNREADABLE_TOO_SMALL,,0.0,['unreadable'],False,,test,images/test/cam01_10020_1096_740_165x164.jpg,vehicle_crop,766.468,135.68,75.97,UNKNOWN,UNKNOWN,UNREADABLE_TOO_SMALL,unreadable,adjudicated_proposal,vlm,False,p000031
cam01_10021_394_608_120x68,cam01,10021,D:\tessttt\testttttt\reports\deep\frames\cam01_0021.jpg,"[69.6, 45.0, 77.8, 47.5]",8.2,2.6,21.32,0.0026,3.1538,VERY_SMALL,0.2264,vehicle_crop,3107.9961,181.125,14.641,0.0,0.4467,,UNKNOWN,False,DAY,1,UNREADABLE_TOO_SMALL,,0.0,"['tiny', 'low_contrast', 'low_confidence', 'unreadable']",False,,test,images/test/cam01_10021_394_608_120x68.jpg,vehicle_crop,777.811,135.8,77.29,UNKNOWN,UNKNOWN,UNREADABLE_TOO_SMALL,tiny|low_contrast|low_confidence|unreadable,adjudicated_proposal,vlm,False,p000037
cam01_10021_747_620_101x100,cam01,10021,D:\tessttt\testttttt\reports\deep\frames\cam01_0021.jpg,"[28.9, 57.3, 42.5, 61.0]",13.6,3.7,50.32,0.005,3.6757,SMALL,0.3182,vehicle_crop,4415.2318,111.1607,26.9959,0.0,0.5396,,UNKNOWN,False,DAY,1,UNREADABLE_TOO_SMALL,,0.0,"['low_contrast', 'low_confidence', 'unreadable']",False,,test,images/test/cam01_10021_747_620_101x100.jpg,vehicle_crop,777.811,135.8,77.29,UNKNOWN,UNKNOWN,UNREADABLE_TOO_SMALL,low_contrast|low_confidence|unreadable,adjudicated_proposal,vlm,False,p000036
cam01_10021_957_802_222x179,cam01,10021,D:\tessttt\testttttt\reports\deep\frames\cam01_0021.jpg,"[75.1, 101.7, 115.2, 113.2]",40.1,11.5,461.15,0.0116,3.487,MEDIUM,0.8671,vehicle_crop,6116.5198,125.9333,68.0809,0.0,0.7177,3.3665,FRONTAL,False,DAY,1,UNREADABLE_TOO_SMALL,,0.0,['unreadable'],False,,test,images/test/cam01_10021_957_802_222x179.jpg,vehicle_crop,777.811,135.8,77.29,UNKNOWN,UNKNOWN,UNREADABLE_TOO_SMALL,unreadable,adjudicated_proposal,vlm,False,p000034
cam01_10021_1105_683_127x124,cam01,10021,D:\tessttt\testttttt\reports\deep\frames\cam01_0021.jpg,"[52.2, 83.8, 79.3, 90.6]",27.2,6.8,184.96,0.0117,4.0,MEDIUM,0.8058,vehicle_crop,8738.4385,143.1323,64.9509,0.0,0.6774,,UNKNOWN,False,DAY,1,UNREADABLE_TOO_SMALL,,0.0,['unreadable'],False,,test,images/test/cam01_10021_1105_683_127x124.jpg,vehicle_crop,777.811,135.8,77.29,UNKNOWN,UNKNOWN,UNREADABLE_TOO_SMALL,unreadable,adjudicated_proposal,vlm,False,p000035
cam01_10022_406_651_165x114,cam01,10022,D:\tessttt\testttttt\reports\deep\frames\cam01_0022.jpg,"[121.8, 54.5, 130.0, 57.5]",8.2,3.0,24.6,0.0013,2.7333,VERY_SMALL,0.3106,vehicle_crop,13551.284,98.2593,50.0093,0.0,0.5922,,UNKNOWN,False,DAY,1,UNREADABLE_TOO_SMALL,,0.0,"['tiny', 'low_confidence', 'unreadable']",False,,test,images/test/cam01_10022_406_651_165x114.jpg,vehicle_crop,769.698,136.0,76.76,UNKNOWN,UNKNOWN,UNREADABLE_TOO_SMALL,tiny|low_confidence|unreadable,adjudicated_proposal,vlm,False,p000040
cam01_10022_1027_719_152x143,cam01,10022,D:\tessttt\testttttt\reports\deep\frames\cam01_0022.jpg,"[57.3, 72.3, 87.9, 81.1]",30.6,8.8,269.28,0.0124,3.4773,MEDIUM,0.8493,vehicle_crop,8419.9384,133.9926,64.2046,0.0,0.6934,0.0,FRONTAL,False,DAY,1,UNREADABLE_TOO_SMALL,,0.0,['unreadable'],False,,test,images/test/cam01_10022_1027_719_152x143.jpg,vehicle_crop,769.698,136.0,76.76,UNKNOWN,UNKNOWN,UNREADABLE_TOO_SMALL,unreadable,adjudicated_proposal,vlm,False,p000038
cam01_10022_1094_644_110x99,cam01,10022,D:\tessttt\testttttt\reports\deep\frames\cam01_0022.jpg,"[48.7, 63.1, 70.6, 69.8]",21.9,6.6,144.54,0.0133,3.3182,MEDIUM,0.2429,vehicle_crop,10540.0806,150.4545,56.8589,0.0,0.649,,UNKNOWN,False,DAY,1,UNREADABLE_TOO_SMALL,,0.0,"['low_confidence', 'unreadable']",False,,test,images/test/cam01_10022_1094_644_110x99.jpg,vehicle_crop,769.698,136.0,76.76,UNKNOWN,UNKNOWN,UNREADABLE_TOO_SMALL,low_confidence|unreadable,adjudicated_proposal,vlm,False,p000041
cam01_10022_1360_593_153x115,cam01,10022,D:\tessttt\testttttt\reports\deep\frames\cam01_0022.jpg,"[63.0, 67.8, 74.4, 71.6]",11.4,3.7,42.18,0.0024,3.0811,SMALL,0.4768,vehicle_crop,1766.6508,75.2955,24.9605,0.0,0.4876,,UNKNOWN,False,DAY,1,UNREADABLE_TOO_SMALL,,0.0,"['low_light', 'low_contrast', 'unreadable']",False,,test,images/test/cam01_10022_1360_593_153x115.jpg,vehicle_crop,769.698,136.0,76.76,UNKNOWN,UNKNOWN,UNREADABLE_TOO_SMALL,low_light|low_contrast|unreadable,adjudicated_proposal,vlm,False,p000039
cam01_10023_944_659_93x124,cam01,10023,D:\tessttt\testttttt\reports\deep\frames\cam01_0023.jpg,"[63.6, 82.7, 74.0, 88.8]",10.4,6.1,63.44,0.0055,1.7049,SMALL,0.5543,vehicle_crop,4961.8551,110.1515,48.3736,0.0,0.6037,,UNKNOWN,False,DAY,1,UNREADABLE_TOO_SMALL,,0.0,['unreadable'],False,,test,images/test/cam01_10023_944_659_93x124.jpg,vehicle_crop,801.346,137.38,75.65,UNKNOWN,UNKNOWN,UNREADABLE_TOO_SMALL,unreadable,adjudicated_proposal,vlm,False,p000044
cam01_10023_1049_673_116x102,cam01,10023,D:\tessttt\testttttt\reports\deep\frames\cam01_0023.jpg,"[54.6, 52.0, 71.7, 58.6]",17.1,6.5,111.15,0.0094,2.6308,SMALL,0.8056,vehicle_crop,8066.4517,149.3824,52.5337,0.0,0.6257,,UNKNOWN,False,DAY,1,UNREADABLE_TOO_SMALL,,0.0,['unreadable'],False,,test,images/test/cam01_10023_1049_673_116x102.jpg,vehicle_crop,801.346,137.38,75.65,UNKNOWN,UNKNOWN,UNREADABLE_TOO_SMALL,unreadable,adjudicated_proposal,vlm,False,p000042
cam01_10023_1524_629_236x152,cam01,10023,D:\tessttt\testttttt\reports\deep\frames\cam01_0023.jpg,"[134.0, 88.5, 154.2, 98.6]",20.2,10.1,204.02,0.0057,2.0,SMALL,0.7098,vehicle_crop,4229.86,102.0,50.2675,0.0,0.6191,0.0,FRONTAL,False,DAY,1,UNREADABLE_TOO_SMALL,,0.0,['unreadable'],False,,test,images/test/cam01_10023_1524_629_236x152.jpg,vehicle_crop,801.346,137.38,75.65,UNKNOWN,UNKNOWN,UNREADABLE_TOO_SMALL,unreadable,adjudicated_proposal,vlm,False,p000043
cam01_10023_1525_628_234x152,cam01,10023,D:\tessttt\testttttt\reports\deep\frames\cam01_0023.jpg,"[9.0, 42.0, 21.8, 47.8]",12.8,5.7,72.96,0.0021,2.2456,SMALL,0.4127,vehicle_crop,114.5656,22.3667,6.7872,0.0,0.2086,,UNKNOWN,False,DAY,1,UNREADABLE_TOO_SMALL,,0.0,"['low_light', 'low_contrast', 'unreadable']",False,,test,images/test/cam01_10023_1525_628_234x152.jpg,vehicle_crop,801.346,137.38,75.65,UNKNOWN,UNKNOWN,UNREADABLE_TOO_SMALL,low_light|low_contrast|unreadable,adjudicated_proposal,vlm,False,p000045
cam01_10023_1525_628_234x152,cam01,10023,D:\tessttt\testttttt\reports\deep\frames\cam01_0023.jpg,"[190.0, 90.2, 202.8, 99.5]",12.8,9.3,119.04,0.0033,1.3763,SMALL,0.3417,vehicle_crop,3584.0071,107.4444,56.0893,0.0,0.6285,,UNKNOWN,False,DAY,1,UNREADABLE_TOO_SMALL,,0.0,"['low_confidence', 'unreadable']",False,,test,images/test/cam01_10023_1525_628_234x152.jpg,vehicle_crop,801.346,137.38,75.65,UNKNOWN,UNKNOWN,UNREADABLE_TOO_SMALL,low_confidence|unreadable,adjudicated_proposal,vlm,False,p000046
cam01_10024_914_808_206x181,cam01,10024,D:\tessttt\testttttt\reports\deep\frames\cam01_0024.jpg,"[58.9, 121.3, 99.7, 134.9]",40.8,13.5,550.8,0.0148,3.0222,MEDIUM,0.6215,vehicle_crop,4039.141,114.334,66.7312,0.0,0.7071,0.0,FRONTAL,False,DAY,1,UNREADABLE_TOO_SMALL,,0.0,['unreadable'],False,,test,images/test/cam01_10024_914_808_206x181.jpg,vehicle_crop,749.801,137.35,75.95,UNKNOWN,UNKNOWN,UNREADABLE_TOO_SMALL,unreadable,adjudicated_proposal,vlm,False,p000048
cam01_10024_1038_636_113x86,cam01,10024,D:\tessttt\testttttt\reports\deep\frames\cam01_0024.jpg,"[81.6, 60.4, 91.9, 67.3]",10.3,6.8,70.04,0.0072,1.5147,VERY_SMALL,0.2848,vehicle_crop,4503.3967,63.9286,31.4062,0.0,0.4946,,UNKNOWN,False,DAY,1,UNREADABLE_TOO_SMALL,,0.0,"['tiny', 'low_light', 'low_contrast', 'low_confidence', 'unreadable']",False,,test,images/test/cam01_10024_1038_636_113x86.jpg,vehicle_crop,749.801,137.35,75.95,UNKNOWN,UNKNOWN,UNREADABLE_TOO_SMALL,tiny|low_light|low_contrast|low_confidence|unreadable,adjudicated_proposal,vlm,False,p000049
cam01_10024_1142_761_168x151,cam01,10024,D:\tessttt\testttttt\reports\deep\frames\cam01_0024.jpg,"[65.1, 100.3, 101.3, 109.0]",36.2,8.7,314.94,0.0124,4.1609,MEDIUM,0.6612,vehicle_crop,4314.1261,150.0247,32.1145,0.0,0.595,0.0,FRONTAL,False,DAY,1,UNREADABLE_TOO_SMALL,,0.0,['unreadable'],False,,test,images/test/cam01_10024_1142_761_168x151.jpg,vehicle_crop,749.801,137.35,75.95,UNKNOWN,UNKNOWN,UNREADABLE_TOO_SMALL,unreadable,adjudicated_proposal,vlm,False,p000047
cam01_10025_402_651_166x114,cam01,10025,D:\tessttt\testttttt\reports\deep\frames\cam01_0025.jpg,"[125.5, 54.3, 134.1, 57.3]",8.6,3.0,25.8,0.0014,2.8667,VERY_SMALL,0.5087,vehicle_crop,14869.8765,126.3704,50.4081,0.0,0.6242,,UNKNOWN,False,DAY,1,UNREADABLE_TOO_SMALL,,0.0,"['tiny', 'unreadable']",False,,test,images/test/cam01_10025_402_651_166x114.jpg,vehicle_crop,734.836,137.62,75.7,UNKNOWN,UNKNOWN,UNREADABLE_TOO_SMALL,tiny|unreadable,adjudicated_proposal,vlm,False,p000051
cam01_10025_761_609_90x112,cam01,10025,D:\tessttt\testttttt\reports\deep\frames\cam01_0025.jpg,"[22.6, 75.1, 45.2, 80.7]",22.5,5.6,126.0,0.0125,4.0179,MEDIUM,0.7408,vehicle_crop,347.6154,50.5652,14.2115,0.0,0.4487,,UNKNOWN,False,DAY,1,UNREADABLE_TOO_SMALL,,0.0,"['low_light', 'low_contrast', 'unreadable']",False,,test,images/test/cam01_10025_761_609_90x112.jpg,vehicle_crop,734.836,137.62,75.7,UNKNOWN,UNKNOWN,UNREADABLE_TOO_SMALL,low_light|low_contrast|unreadable,adjudicated_proposal,vlm,False,p000050
cam01_10025_761_609_90x112,cam01,10025,D:\tessttt\testttttt\reports\deep\frames\cam01_0025.jpg,"[28.6, 65.0, 42.3, 69.5]",13.7,4.6,63.02,0.0063,2.9783,SMALL,0.2669,vehicle_crop,3575.5635,111.4107,27.6578,0.0,0.542,,UNKNOWN,False,DAY,1,UNREADABLE_TOO_SMALL,,0.0,"['low_contrast', 'low_confidence', 'unreadable']",False,,test,images/test/cam01_10025_761_609_90x112.jpg,vehicle_crop,734.836,137.62,75.7,UNKNOWN,UNKNOWN,UNREADABLE_TOO_SMALL,low_contrast|low_confidence|unreadable,adjudicated_proposal,vlm,False,p000054
cam01_10025_1027_721_127x125,cam01,10025,D:\tessttt\testttttt\reports\deep\frames\cam01_0025.jpg,"[21.9, 67.9, 29.5, 72.0]",7.6,4.1,31.16,0.002,1.8537,EXTREMELY_TINY,0.3991,vehicle_crop,5022.89,86.3,33.1589,0.0,0.5209,,UNKNOWN,False,DAY,1,UNREADABLE_TOO_SMALL,,0.0,"['tiny', 'unreadable']",False,,test,images/test/cam01_10025_1027_721_127x125.jpg,vehicle_crop,734.836,137.62,75.7,UNKNOWN,UNKNOWN,UNREADABLE_TOO_SMALL,tiny|unreadable,adjudicated_proposal,vlm,False,p000052
cam01_10025_1027_721_127x125,cam01,10025,D:\tessttt\testttttt\reports\deep\frames\cam01_0025.jpg,"[44.2, 83.4, 75.3, 94.5]",31.1,11.1,345.21,0.0217,2.8018,MEDIUM,0.3894,vehicle_crop,5004.3686,100.0411,62.4779,0.0,0.6714,0.0,FRONTAL,False,DAY,1,UNREADABLE_TOO_SMALL,,0.0,['unreadable'],False,,test,images/test/cam01_10025_1027_721_127x125.jpg,vehicle_crop,734.836,137.62,75.7,UNKNOWN,UNKNOWN,UNREADABLE_TOO_SMALL,unreadable,adjudicated_proposal,vlm,False,p000053
cam01_10026_398_652_166x113,cam01,10026,D:\tessttt\testttttt\reports\deep\frames\cam01_0026.jpg,"[49.8, 77.2, 57.8, 80.2]",8.1,3.0,24.3,0.0013,2.7,VERY_SMALL,0.6154,vehicle_crop,4501.4722,106.0833,25.1759,0.0,0.5159,,UNKNOWN,False,DAY,1,UNREADABLE_TOO_SMALL,,0.0,"['tiny', 'low_contrast', 'unreadable']",False,,test,images/test/cam01_10026_398_652_166x113.jpg,vehicle_crop,743.853,136.94,75.66,UNKNOWN,UNKNOWN,UNREADABLE_TOO_SMALL,tiny|low_contrast|unreadable,adjudicated_proposal,vlm,False,p000056
cam01_10026_398_652_166x113,cam01,10026,D:\tessttt\testttttt\reports\deep\frames\cam01_0026.jpg,"[129.8, 53.8, 138.1, 56.3]",8.3,2.5,20.75,0.0011,3.32,VERY_SMALL,0.4152,vehicle_crop,13921.2949,108.6296,49.5798,0.0,0.6021,,UNKNOWN,False,DAY,1,UNREADABLE_TOO_SMALL,,0.0,"['tiny', 'unreadable']",False,,test,images/test/cam01_10026_398_652_166x113.jpg,vehicle_crop,743.853,136.94,75.66,UNKNOWN,UNKNOWN,UNREADABLE_TOO_SMALL,tiny|unreadable,adjudicated_proposal,vlm,False,p000058
cam01_10026_648_750_255x187,cam01,10026,D:\tessttt\testttttt\reports\deep\frames\cam01_0026.jpg,"[70.2, 101.7, 105.9, 113.4]",35.7,11.6,414.12,0.0087,3.0776,MEDIUM,0.8356,vehicle_crop,4379.8105,81.0071,38.4301,0.0,0.5867,0.0,FRONTAL,False,DAY,1,UNREADABLE_TOO_SMALL,,0.0,"['low_light', 'unreadable']",False,,test,images/test/cam01_10026_648_750_255x187.jpg,vehicle_crop,743.853,136.94,75.66,UNKNOWN,UNKNOWN,UNREADABLE_TOO_SMALL,low_light|unreadable,adjudicated_proposal,vlm,False,p000055
cam01_10026_1040_666_98x103,cam01,10026,D:\tessttt\testttttt\reports\deep\frames\cam01_0026.jpg,"[39.4, 67.9, 63.1, 75.1]",23.7,7.1,168.27,0.0167,3.338,MEDIUM,0.5599,vehicle_crop,12770.8671,113.2708,68.2914,0.0,0.6719,0.0,FRONTAL,False,DAY,1,UNREADABLE_TOO_SMALL,,0.0,['unreadable'],False,,test,images/test/cam01_10026_1040_666_98x103.jpg,vehicle_crop,743.853,136.94,75.66,UNKNOWN,UNKNOWN,UNREADABLE_TOO_SMALL,unreadable,adjudicated_proposal,vlm,False,p000057
cam01_10027_789_696_177x141,cam01,10027,D:\tessttt\testttttt\reports\deep\frames\cam01_0027.jpg,"[53.1, 75.1, 82.5, 83.7]",29.4,8.6,252.84,0.0101,3.4186,MEDIUM,0.6251,vehicle_crop,4792.56,75.0862,32.2174,0.0,0.5475,0.0,FRONTAL,False,DAY,1,UNREADABLE_TOO_SMALL,,0.0,"['low_light', 'unreadable']",False,,test,images/test/cam01_10027_789_696_177x141.jpg,vehicle_crop,888.428,137.04,75.93,UNKNOWN,UNKNOWN,UNREADABLE_TOO_SMALL,low_light|unreadable,adjudicated_proposal,vlm,False,p000059
cam01_10028_516_587_133x117,cam01,10028,D:\tessttt\testttttt\reports\deep\frames\cam01_0028.jpg,"[123.7, 89.6, 128.8, 92.1]",5.1,2.4,12.24,0.0008,2.125,EXTREMELY_TINY,0.2802,vehicle_crop,6436.2222,82.0667,29.0068,0.0,0.4964,,UNKNOWN,False,DAY,1,UNREADABLE_TOO_SMALL,,0.0,"['tiny', 'low_light', 'low_contrast', 'low_confidence', 'unreadable']",False,,test,images/test/cam01_10028_516_587_133x117.jpg,vehicle_crop,848.898,137.59,75.88,UNKNOWN,UNKNOWN,UNREADABLE_TOO_SMALL,tiny|low_light|low_contrast|low_confidence|unreadable,adjudicated_proposal,vlm,False,p000061
cam01_10028_870_655_133x117,cam01,10028,D:\tessttt\testttttt\reports\deep\frames\cam01_0028.jpg,"[43.3, 60.9, 66.2, 67.6]",22.8,6.7,152.76,0.0098,3.403,MEDIUM,0.8128,vehicle_crop,4638.4541,78.118,29.8465,0.0,0.5309,,UNKNOWN,False,DAY,1,UNREADABLE_TOO_SMALL,,0.0,"['low_light', 'low_contrast', 'unreadable']",False,,test,images/test/cam01_10028_870_655_133x117.jpg,vehicle_crop,848.898,137.59,75.88,UNKNOWN,UNKNOWN,UNREADABLE_TOO_SMALL,low_light|low_contrast|unreadable,adjudicated_proposal,vlm,False,p000060
cam01_10029_467_829_240x183,cam01,10029,D:\tessttt\testttttt\reports\deep\frames\cam01_0029.jpg,"[64.8, 106.0, 98.1, 124.4]",33.4,18.3,611.22,0.0139,1.8251,MEDIUM,0.6443,vehicle_crop,1211.5612,62.4951,43.1218,0.0,0.5801,0.0,FRONTAL,False,DAY,1,UNREADABLE_TOO_SMALL,,0.0,"['low_light', 'unreadable']",False,,test,images/test/cam01_10029_467_829_240x183.jpg,vehicle_crop,707.285,136.75,76.19,UNKNOWN,UNKNOWN,UNREADABLE_TOO_SMALL,low_light|unreadable,adjudicated_proposal,vlm,False,p000062
cam01_10029_918_626_102x94,cam01,10029,D:\tessttt\testttttt\reports\deep\frames\cam01_0029.jpg,"[35.1, 46.0, 50.9, 51.7]",15.8,5.6,88.48,0.0092,2.8214,SMALL,0.2188,vehicle_crop,3795.7145,79.8133,30.5796,0.0,0.5192,,UNKNOWN,False,DAY,1,UNREADABLE_TOO_SMALL,,0.0,"['low_light', 'low_contrast', 'low_confidence', 'unreadable']",False,,test,images/test/cam01_10029_918_626_102x94.jpg,vehicle_crop,707.285,136.75,76.19,UNKNOWN,UNKNOWN,UNREADABLE_TOO_SMALL,low_light|low_contrast|low_confidence|unreadable,adjudicated_proposal,vlm,False,p000064
cam01_10030_955_747_150x151,cam01,10030,D:\tessttt\testttttt\reports\deep\frames\cam01_0030.jpg,"[47.4, 102.2, 83.6, 113.5]",36.2,11.3,409.06,0.0181,3.2035,MEDIUM,0.7405,vehicle_crop,5423.1304,129.3914,64.6509,0.0,0.7105,2.1211,FRONTAL,False,DAY,1,UNREADABLE_TOO_SMALL,,0.0,['unreadable'],False,,test,images/test/cam01_10030_955_747_150x151.jpg,vehicle_crop,674.978,136.21,77.01,UNKNOWN,UNKNOWN,UNREADABLE_TOO_SMALL,unreadable,adjudicated_proposal,vlm,False,p000065
cam01_10030_1375_606_110x67,cam01,10030,D:\tessttt\testttttt\reports\deep\frames\cam01_0030.jpg,"[73.4, 42.0, 81.2, 44.9]",7.8,2.8,21.84,0.003,2.7857,EXTREMELY_TINY,0.4429,vehicle_crop,302.2773,52.875,7.6393,0.0,0.3993,,UNKNOWN,False,DAY,1,UNREADABLE_TOO_SMALL,,0.0,"['tiny', 'low_light', 'low_contrast', 'unreadable']",False,,test,images/test/cam01_10030_1375_606_110x67.jpg,vehicle_crop,674.978,136.21,77.01,UNKNOWN,UNKNOWN,UNREADABLE_TOO_SMALL,tiny|low_light|low_contrast|unreadable,adjudicated_proposal,vlm,False,p000066
cam01_10031_1427_639_137x101,cam01,10031,D:\tessttt\testttttt\reports\deep\frames\cam01_0031.jpg,"[68.6, 73.4, 76.9, 77.6]",8.3,4.1,34.03,0.0025,2.0244,VERY_SMALL,0.6113,vehicle_crop,5079.9023,85.4688,38.3715,0.0,0.5374,,UNKNOWN,False,DAY,1,UNREADABLE_TOO_SMALL,,0.0,"['tiny', 'unreadable']",False,,test,images/test/cam01_10031_1427_639_137x101.jpg,vehicle_crop,712.011,135.78,77.06,UNKNOWN,UNKNOWN,UNREADABLE_TOO_SMALL,tiny|unreadable,adjudicated_proposal,vlm,False,p000067
cam01_10031_1427_639_137x101,cam01,10031,D:\tessttt\testttttt\reports\deep\frames\cam01_0031.jpg,"[84.8, 65.3, 94.3, 69.1]",9.5,3.7,35.15,0.0025,2.5676,VERY_SMALL,0.4987,vehicle_crop,12109.05,86.875,39.8668,0.0,0.5479,,UNKNOWN,False,DAY,1,UNREADABLE_TOO_SMALL,,0.0,"['tiny', 'unreadable']",False,,test,images/test/cam01_10031_1427_639_137x101.jpg,vehicle_crop,712.011,135.78,77.06,UNKNOWN,UNKNOWN,UNREADABLE_TOO_SMALL,tiny|unreadable,adjudicated_proposal,vlm,False,p000068
cam01_10031_1427_639_137x101,cam01,10031,D:\tessttt\testttttt\reports\deep\frames\cam01_0031.jpg,"[93.0, 70.1, 102.2, 73.4]",9.1,3.3,30.03,0.0022,2.7576,VERY_SMALL,0.2393,vehicle_crop,3026.3704,106.9259,18.1861,0.0,0.4956,,UNKNOWN,False,DAY,1,UNREADABLE_TOO_SMALL,,0.0,"['tiny', 'low_contrast', 'low_confidence', 'unreadable']",False,,test,images/test/cam01_10031_1427_639_137x101.jpg,vehicle_crop,712.011,135.78,77.06,UNKNOWN,UNKNOWN,UNREADABLE_TOO_SMALL,tiny|low_contrast|low_confidence|unreadable,adjudicated_proposal,vlm,False,p000070
cam01_10031_1505_635_140x97,cam01,10031,D:\tessttt\testttttt\reports\deep\frames\cam01_0031.jpg,"[94.5, 71.3, 103.0, 74.7]",8.5,3.4,28.9,0.0021,2.5,VERY_SMALL,0.2766,vehicle_crop,1698.7599,25.8519,13.3353,0.0,0.3907,,UNKNOWN,False,DAY,1,UNREADABLE_TOO_SMALL,,0.0,"['tiny', 'low_light', 'low_contrast', 'low_confidence', 'unreadable']",False,,test,images/test/cam01_10031_1505_635_140x97.jpg,vehicle_crop,712.011,135.78,77.06,UNKNOWN,UNKNOWN,UNREADABLE_TOO_SMALL,tiny|low_light|low_contrast|low_confidence|unreadable,adjudicated_proposal,vlm,False,p000069
cam01_10033_393_607_119x76,cam01,10033,D:\tessttt\testttttt\reports\deep\frames\cam01_0033.jpg,"[39.0, 55.5, 46.6, 58.9]",7.6,3.4,25.84,0.0029,2.2353,EXTREMELY_TINY,0.2624,vehicle_crop,46.5079,34.0952,3.1,0.0,0.1174,,UNKNOWN,False,DAY,1,UNREADABLE_TOO_SMALL,,0.0,"['tiny', 'blur', 'low_light', 'low_contrast', 'low_confidence', 'unreadable']",False,,test,images/test/cam01_10033_393_607_119x76.jpg,vehicle_crop,785.964,136.22,76.91,UNKNOWN,UNKNOWN,UNREADABLE_TOO_SMALL,tiny|blur|low_light|low_contrast|low_confidence|unreadable,adjudicated_proposal,vlm,False,p000073
cam01_10033_926_670_97x126,cam01,10033,D:\tessttt\testttttt\reports\deep\frames\cam01_0033.jpg,"[33.8, 94.3, 38.1, 97.4]",4.2,3.1,13.02,0.0011,1.3548,EXTREMELY_TINY,0.3562,vehicle_crop,19649.5289,167.6,50.373,0.0,0.5746,,UNKNOWN,False,DAY,1,UNREADABLE_TOO_SMALL,,0.0,"['tiny', 'unreadable']",False,,test,images/test/cam01_10033_926_670_97x126.jpg,vehicle_crop,785.964,136.22,76.91,UNKNOWN,UNKNOWN,UNREADABLE_TOO_SMALL,tiny|unreadable,adjudicated_proposal,vlm,False,p000072
cam01_10033_944_805_239x197,cam01,10033,D:\tessttt\testttttt\reports\deep\frames\cam01_0033.jpg,"[68.2, 108.8, 112.0, 122.7]",43.8,13.9,608.82,0.0129,3.1511,LARGE,0.8447,vehicle_crop,5211.5395,118.1331,52.3053,0.0,0.6916,0.0,FRONTAL,False,DAY,1,UNREADABLE_TOO_SMALL,,0.0,['unreadable'],False,,test,images/test/cam01_10033_944_805_239x197.jpg,vehicle_crop,785.964,136.22,76.91,UNKNOWN,UNKNOWN,UNREADABLE_TOO_SMALL,unreadable,adjudicated_proposal,vlm,False,p000071
cam01_10034_393_607_119x75,cam01,10034,D:\tessttt\testttttt\reports\deep\frames\cam01_0034.jpg,"[39.0, 55.1, 46.8, 58.7]",7.8,3.6,28.08,0.0031,2.1667,EXTREMELY_TINY,0.412,vehicle_crop,46.5079,34.0952,3.1,0.0,0.1174,,UNKNOWN,False,DAY,1,UNREADABLE_TOO_SMALL,,0.0,"['tiny', 'blur', 'low_light', 'low_contrast', 'unreadable']",False,,test,images/test/cam01_10034_393_607_119x75.jpg,vehicle_crop,756.563,136.11,76.17,UNKNOWN,UNKNOWN,UNREADABLE_TOO_SMALL,tiny|blur|low_light|low_contrast|unreadable,adjudicated_proposal,vlm,False,p000075
cam01_10034_1057_733_164x142,cam01,10034,D:\tessttt\testttttt\reports\deep\frames\cam01_0034.jpg,"[55.7, 76.8, 88.5, 86.2]",32.8,9.4,308.32,0.0132,3.4894,MEDIUM,0.6933,vehicle_crop,6063.6148,122.103,55.7017,0.0,0.6852,0.0,FRONTAL,False,DAY,1,UNREADABLE_TOO_SMALL,,0.0,['unreadable'],False,,test,images/test/cam01_10034_1057_733_164x142.jpg,vehicle_crop,756.563,136.11,76.17,UNKNOWN,UNKNOWN,UNREADABLE_TOO_SMALL,unreadable,adjudicated_proposal,vlm,False,p000074
cam01_10037_403_651_167x114,cam01,10037,D:\tessttt\testttttt\reports\deep\frames\cam01_0037.jpg,"[124.5, 54.6, 132.9, 57.4]",8.4,2.8,23.52,0.0012,3.0,VERY_SMALL,0.5811,vehicle_crop,8160.8264,99.0417,41.3214,0.0,0.5621,,UNKNOWN,False,DAY,1,UNREADABLE_TOO_SMALL,,0.0,"['tiny', 'unreadable']",False,,test,images/test/cam01_10037_403_651_167x114.jpg,vehicle_crop,909.626,135.84,76.5,UNKNOWN,UNKNOWN,UNREADABLE_TOO_SMALL,tiny|unreadable,adjudicated_proposal,vlm,False,p000077
cam01_10037_668_823_280x207,cam01,10037,D:\tessttt\testttttt\reports\deep\frames\cam01_0037.jpg,"[79.6, 114.9, 123.9, 128.1]",44.3,13.2,584.76,0.0101,3.3561,LARGE,0.7519,vehicle_crop,3121.0065,105.474,65.4875,0.0,0.7034,2.6026,FRONTAL,False,DAY,1,UNREADABLE_TOO_SMALL,,0.0,['unreadable'],False,,test,images/test/cam01_10037_668_823_280x207.jpg,vehicle_crop,909.626,135.84,76.5,UNKNOWN,UNKNOWN,UNREADABLE_TOO_SMALL,unreadable,adjudicated_proposal,vlm,False,p000076
cam01_10038_405_651_165x114,cam01,10038,D:\tessttt\testttttt\reports\deep\frames\cam01_0038.jpg,"[122.5, 54.8, 131.0, 57.5]",8.5,2.8,23.8,0.0013,3.0357,VERY_SMALL,0.6433,vehicle_crop,8033.3032,100.7407,41.2055,0.0,0.5655,,UNKNOWN,False,DAY,1,UNREADABLE_TOO_SMALL,,0.0,"['tiny', 'unreadable']",False,,test,images/test/cam01_10038_405_651_165x114.jpg,vehicle_crop,886.185,136.17,75.98,UNKNOWN,UNKNOWN,UNREADABLE_TOO_SMALL,tiny|unreadable,adjudicated_proposal,vlm,False,p000079
cam01_10038_405_651_165x114,cam01,10038,D:\tessttt\testttttt\reports\deep\frames\cam01_0038.jpg,"[90.8, 69.2, 99.2, 72.8]",8.5,3.5,29.75,0.0016,2.4286,VERY_SMALL,0.215,vehicle_crop,571.1139,41.3333,9.6762,0.0,0.3955,,UNKNOWN,False,DAY,1,UNREADABLE_TOO_SMALL,,0.0,"['tiny', 'low_light', 'low_contrast', 'low_confidence', 'unreadable']",False,,test,images/test/cam01_10038_405_651_165x114.jpg,vehicle_crop,886.185,136.17,75.98,UNKNOWN,UNKNOWN,UNREADABLE_TOO_SMALL,tiny|low_light|low_contrast|low_confidence|unreadable,adjudicated_proposal,vlm,False,p000080
cam01_10038_1595_679_206x128,cam01,10038,D:\tessttt\testttttt\reports\deep\frames\cam01_0038.jpg,"[136.5, 87.9, 160.4, 95.2]",23.9,7.2,172.08,0.0065,3.3194,MEDIUM,0.794,vehicle_crop,4435.7949,108.2083,62.0347,0.0,0.6664,0.0,FRONTAL,False,DAY,1,UNREADABLE_TOO_SMALL,,0.0,['unreadable'],False,,test,images/test/cam01_10038_1595_679_206x128.jpg,vehicle_crop,886.185,136.17,75.98,UNKNOWN,UNKNOWN,UNREADABLE_TOO_SMALL,unreadable,adjudicated_proposal,vlm,False,p000078
cam01_10039_405_652_166x113,cam01,10039,D:\tessttt\testttttt\reports\deep\frames\cam01_0039.jpg,"[122.8, 53.8, 131.1, 56.6]",8.3,2.8,23.24,0.0012,2.9643,VERY_SMALL,0.3024,vehicle_crop,16184.0247,102.0,53.4748,0.0,0.6078,,UNKNOWN,False,DAY,1,UNREADABLE_TOO_SMALL,,0.0,"['tiny', 'low_confidence', 'unreadable']",False,,test,images/test/cam01_10039_405_652_166x113.jpg,vehicle_crop,875.983,137.18,75.67,UNKNOWN,UNKNOWN,UNREADABLE_TOO_SMALL,tiny|low_confidence|unreadable,adjudicated_proposal,vlm,False,p000082
cam01_10039_1178_506_148x125,cam01,10039,D:\tessttt\testttttt\reports\deep\frames\cam01_0039.jpg,"[107.6, 87.9, 118.0, 91.8]",10.4,3.8,39.52,0.0021,2.7368,SMALL,0.5833,vehicle_crop,8928.9917,110.8409,50.6983,0.0,0.6122,,UNKNOWN,False,DAY,1,UNREADABLE_TOO_SMALL,,0.0,['unreadable'],False,,test,images/test/cam01_10039_1178_506_148x125.jpg,vehicle_crop,875.983,137.18,75.67,UNKNOWN,UNKNOWN,UNREADABLE_TOO_SMALL,unreadable,adjudicated_proposal,vlm,False,p000081
cam01_10040_405_651_166x114,cam01,10040,D:\tessttt\testttttt\reports\deep\frames\cam01_0040.jpg,"[122.5, 54.3, 131.1, 57.6]",8.6,3.3,28.38,0.0015,2.6061,VERY_SMALL,0.281,vehicle_crop,14556.546,103.1481,51.9677,0.0,0.604,,UNKNOWN,False,DAY,1,UNREADABLE_TOO_SMALL,,0.0,"['tiny', 'low_confidence', 'unreadable']",False,,train,images/train/cam01_10040_405_651_166x114.jpg,vehicle_crop,859.992,136.29,75.74,UNKNOWN,UNKNOWN,UNREADABLE_TOO_SMALL,tiny|low_confidence|unreadable,adjudicated_proposal,vlm,False,p000084
cam01_10040_919_724_189x184,cam01,10040,D:\tessttt\testttttt\reports\deep\frames\cam01_0040.jpg,"[66.9, 125.3, 99.7, 135.9]",32.8,10.6,347.68,0.01,3.0943,MEDIUM,0.6398,vehicle_crop,1335.5708,108.9667,22.3994,0.0,0.5598,2.6026,FRONTAL,False,DAY,1,UNREADABLE_TOO_SMALL,,0.0,"['low_contrast', 'unreadable']",False,,train,images/train/cam01_10040_919_724_189x184.jpg,vehicle_crop,859.992,136.29,75.74,UNKNOWN,UNKNOWN,UNREADABLE_TOO_SMALL,low_contrast|unreadable,adjudicated_proposal,vlm,False,p000083
cam01_10041_986_658_122x127,cam01,10041,D:\tessttt\testttttt\reports\deep\frames\cam01_0041.jpg,"[48.9, 85.7, 70.6, 91.9]",21.7,6.2,134.54,0.0087,3.5,SMALL,0.3662,vehicle_crop,1127.3779,101.5985,23.7624,0.0,0.5343,,UNKNOWN,False,DAY,1,UNREADABLE_TOO_SMALL,,0.0,"['low_contrast', 'unreadable']",False,,train,images/train/cam01_10041_986_658_122x127.jpg,vehicle_crop,877.441,136.58,76.06,UNKNOWN,UNKNOWN,UNREADABLE_TOO_SMALL,low_contrast|unreadable,adjudicated_proposal,vlm,False,p000085
cam01_10042_997_616_98x96,cam01,10042,D:\tessttt\testttttt\reports\deep\frames\cam01_0042.jpg,"[42.8, 64.0, 58.3, 70.0]",15.6,6.0,93.6,0.0099,2.6,SMALL,0.4783,vehicle_crop,2206.9266,112.7604,27.1519,0.0,0.5458,,UNKNOWN,False,DAY,1,UNREADABLE_TOO_SMALL,,0.0,"['low_contrast', 'unreadable']",False,,train,images/train/cam01_10042_997_616_98x96.jpg,vehicle_crop,869.565,136.7,75.73,UNKNOWN,UNKNOWN,UNREADABLE_TOO_SMALL,low_contrast|unreadable,adjudicated_proposal,vlm,False,p000087
cam01_10043_405_653_165x112,cam01,10043,D:\tessttt\testttttt\reports\deep\frames\cam01_0043.jpg,"[122.8, 52.8, 131.0, 55.8]",8.2,3.0,24.6,0.0013,2.7333,VERY_SMALL,0.4343,vehicle_crop,11725.0151,98.4074,50.0202,0.0,0.5924,,UNKNOWN,False,DAY,1,UNREADABLE_TOO_SMALL,,0.0,"['tiny', 'unreadable']",False,,train,images/train/cam01_10043_405_653_165x112.jpg,vehicle_crop,822.611,137.12,75.92,UNKNOWN,UNKNOWN,UNREADABLE_TOO_SMALL,tiny|unreadable,adjudicated_proposal,vlm,False,p000088
cam01_10044_371_800_219x237,cam01,10044,D:\tessttt\testttttt\reports\deep\frames\cam01_0044.jpg,"[37.2, 170.7, 45.2, 175.4]",8.0,4.7,37.6,0.0007,1.7021,VERY_SMALL,0.2875,vehicle_crop,2346.4944,96.325,21.5539,0.0,0.4932,,UNKNOWN,False,DAY,1,UNREADABLE_TOO_SMALL,,0.0,"['tiny', 'low_contrast', 'low_confidence', 'unreadable']",False,,train,images/train/cam01_10044_371_800_219x237.jpg,vehicle_crop,779.884,136.93,76.42,UNKNOWN,UNKNOWN,UNREADABLE_TOO_SMALL,tiny|low_contrast|low_confidence|unreadable,adjudicated_proposal,vlm,False,p000091
cam01_10044_405_652_166x113,cam01,10044,D:\tessttt\testttttt\reports\deep\frames\cam01_0044.jpg,"[122.8, 53.8, 131.1, 56.6]",8.3,2.8,23.24,0.0012,2.9643,VERY_SMALL,0.4963,vehicle_crop,11725.0151,98.4074,50.0202,0.0,0.5924,,UNKNOWN,False,DAY,1,UNREADABLE_TOO_SMALL,,0.0,"['tiny', 'unreadable']",False,,train,images/train/cam01_10044_405_652_166x113.jpg,vehicle_crop,779.884,136.93,76.42,UNKNOWN,UNKNOWN,UNREADABLE_TOO_SMALL,tiny|unreadable,adjudicated_proposal,vlm,False,p000089
cam01_10044_1017_792_197x180,cam01,10044,D:\tessttt\testttttt\reports\deep\frames\cam01_0044.jpg,"[70.9, 134.5, 95.4, 144.4]",24.5,9.9,242.55,0.0068,2.4747,MEDIUM,0.2223,vehicle_crop,2955.5744,100.824,41.555,0.0,0.5988,0.0,FRONTAL,False,DAY,1,UNREADABLE_TOO_SMALL,,0.0,"['low_confidence', 'unreadable']",False,,train,images/train/cam01_10044_1017_792_197x180.jpg,vehicle_crop,779.884,136.93,76.42,UNKNOWN,UNKNOWN,UNREADABLE_TOO_SMALL,low_confidence|unreadable,adjudicated_proposal,vlm,False,p000092
cam01_10045_394_606_120x77,cam01,10045,D:\tessttt\testttttt\reports\deep\frames\cam01_0045.jpg,"[70.0, 53.0, 76.4, 55.6]",6.4,2.6,16.64,0.0018,2.4615,EXTREMELY_TINY,0.2888,vehicle_crop,402.6667,34.25,5.4486,0.0,0.3676,,UNKNOWN,False,DAY,1,UNREADABLE_TOO_SMALL,,0.0,"['tiny', 'low_light', 'low_contrast', 'low_confidence', 'unreadable']",False,,train,images/train/cam01_10045_394_606_120x77.jpg,vehicle_crop,712.28,136.21,76.42,UNKNOWN,UNKNOWN,UNREADABLE_TOO_SMALL,tiny|low_light|low_contrast|low_confidence|unreadable,adjudicated_proposal,vlm,False,p000095
cam01_10045_1394_615_137x98,cam01,10045,D:\tessttt\testttttt\reports\deep\frames\cam01_0045.jpg,"[94.1, 65.3, 102.2, 68.0]",8.1,2.7,21.87,0.0016,3.0,VERY_SMALL,0.4269,vehicle_crop,3592.1927,149.5,18.7061,0.0,0.4948,,UNKNOWN,False,DAY,1,UNREADABLE_TOO_SMALL,,0.0,"['tiny', 'low_contrast', 'unreadable']",False,,train,images/train/cam01_10045_1394_615_137x98.jpg,vehicle_crop,712.28,136.21,76.42,UNKNOWN,UNKNOWN,UNREADABLE_TOO_SMALL,tiny|low_contrast|unreadable,adjudicated_proposal,vlm,False,p000094
cam01_10045_1394_615_137x98,cam01,10045,D:\tessttt\testttttt\reports\deep\frames\cam01_0045.jpg,"[94.1, 68.7, 102.2, 72.2]",8.1,3.5,28.35,0.0021,2.3143,VERY_SMALL,0.2823,vehicle_crop,669.1084,107.125,27.5361,0.0,0.525,,UNKNOWN,False,DAY,1,UNREADABLE_TOO_SMALL,,0.0,"['tiny', 'low_contrast', 'low_confidence', 'unreadable']",False,,train,images/train/cam01_10045_1394_615_137x98.jpg,vehicle_crop,712.28,136.21,76.42,UNKNOWN,UNKNOWN,UNREADABLE_TOO_SMALL,tiny|low_contrast|low_confidence|unreadable,adjudicated_proposal,vlm,False,p000096
cam01_10045_1507_633_133x81,cam01,10045,D:\tessttt\testttttt\reports\deep\frames\cam01_0045.jpg,"[91.7, 55.8, 103.5, 60.1]",11.8,4.3,50.74,0.0047,2.7442,SMALL,0.6346,vehicle_crop,8512.8142,124.9333,44.6516,0.0,0.6095,,UNKNOWN,False,DAY,1,UNREADABLE_TOO_SMALL,,0.0,['unreadable'],False,,train,images/train/cam01_10045_1507_633_133x81.jpg,vehicle_crop,712.28,136.21,76.42,UNKNOWN,UNKNOWN,UNREADABLE_TOO_SMALL,unreadable,adjudicated_proposal,vlm,False,p000093
cam01_10047_404_652_165x112,cam01,10047,D:\tessttt\testttttt\reports\deep\frames\cam01_0047.jpg,"[123.8, 53.8, 132.0, 56.5]",8.2,2.8,22.96,0.0012,2.9286,VERY_SMALL,0.3916,vehicle_crop,10145.7723,100.037,43.6938,0.0,0.5731,,UNKNOWN,False,DAY,1,UNREADABLE_TOO_SMALL,,0.0,"['tiny', 'unreadable']",False,,train,images/train/cam01_10047_404_652_165x112.jpg,vehicle_crop,857.207,136.29,75.6,UNKNOWN,UNKNOWN,UNREADABLE_TOO_SMALL,tiny|unreadable,adjudicated_proposal,vlm,False,p000098
cam01_10047_763_658_105x120,cam01,10047,D:\tessttt\testttttt\reports\deep\frames\cam01_0047.jpg,"[61.5, 78.9, 71.7, 83.7]",10.2,4.7,47.94,0.0038,2.1702,VERY_SMALL,0.3165,vehicle_crop,4788.76,104.52,47.1174,0.0,0.5914,,UNKNOWN,False,DAY,1,UNREADABLE_TOO_SMALL,,0.0,"['tiny', 'low_confidence', 'unreadable']",False,,train,images/train/cam01_10047_763_658_105x120.jpg,vehicle_crop,857.207,136.29,75.6,UNKNOWN,UNKNOWN,UNREADABLE_TOO_SMALL,tiny|low_confidence|unreadable,adjudicated_proposal,vlm,False,p000099
cam01_10048_404_652_165x112,cam01,10048,D:\tessttt\testttttt\reports\deep\frames\cam01_0048.jpg,"[123.5, 53.8, 132.0, 56.5]",8.5,2.8,23.8,0.0013,3.0357,VERY_SMALL,0.3353,vehicle_crop,9612.0933,100.4815,43.7454,0.0,0.5737,,UNKNOWN,False,DAY,1,UNREADABLE_TOO_SMALL,,0.0,"['tiny', 'low_confidence', 'unreadable']",False,,train,images/train/cam01_10048_404_652_165x112.jpg,vehicle_crop,842.638,136.1,75.84,UNKNOWN,UNKNOWN,UNREADABLE_TOO_SMALL,tiny|low_confidence|unreadable,adjudicated_proposal,vlm,False,p000100
cam01_10048_1541_625_92x89,cam01,10048,D:\tessttt\testttttt\reports\deep\frames\cam01_0048.jpg,"[37.3, 54.0, 43.0, 55.7]",5.7,1.7,9.69,0.0012,3.3529,EXTREMELY_TINY,0.2154,vehicle_crop,93.1389,25.3333,4.9216,0.0,0.1679,,UNKNOWN,False,DAY,1,UNREADABLE_TOO_SMALL,,0.0,"['tiny', 'low_light', 'low_contrast', 'low_confidence', 'unreadable']",False,,train,images/train/cam01_10048_1541_625_92x89.jpg,vehicle_crop,842.638,136.1,75.84,UNKNOWN,UNKNOWN,UNREADABLE_TOO_SMALL,tiny|low_light|low_contrast|low_confidence|unreadable,adjudicated_proposal,vlm,False,p000101
cam01_10049_404_652_166x114,cam01,10049,D:\tessttt\testttttt\reports\deep\frames\cam01_0049.jpg,"[123.8, 53.6, 132.1, 56.6]",8.3,3.0,24.9,0.0013,2.7667,VERY_SMALL,0.3458,vehicle_crop,12629.9122,94.5556,41.5472,0.0,0.5599,,UNKNOWN,False,DAY,1,UNREADABLE_TOO_SMALL,,0.0,"['tiny', 'low_confidence', 'unreadable']",False,,train,images/train/cam01_10049_404_652_166x114.jpg,vehicle_crop,888.163,135.62,76.16,UNKNOWN,UNKNOWN,UNREADABLE_TOO_SMALL,tiny|low_confidence|unreadable,adjudicated_proposal,vlm,False,p000102
cam01_10051_391_606_122x83,cam01,10051,D:\tessttt\testttttt\reports\deep\frames\cam01_0051.jpg,"[73.0, 52.5, 78.0, 54.7]",5.0,2.2,11.0,0.0011,2.2727,EXTREMELY_TINY,0.2824,vehicle_crop,179.36,23.9,4.9285,0.0,0.2678,,UNKNOWN,False,DAY,1,UNREADABLE_TOO_SMALL,,0.0,"['tiny', 'low_light', 'low_contrast', 'low_confidence', 'unreadable']",False,,train,images/train/cam01_10051_391_606_122x83.jpg,vehicle_crop,872.0,137.23,76.09,UNKNOWN,UNKNOWN,UNREADABLE_TOO_SMALL,tiny|low_light|low_contrast|low_confidence|unreadable,adjudicated_proposal,vlm,False,p000103
cam01_10052_391_606_122x84,cam01,10052,D:\tessttt\testttttt\reports\deep\frames\cam01_0052.jpg,"[73.0, 52.7, 78.2, 54.9]",5.2,2.2,11.44,0.0011,2.3636,EXTREMELY_TINY,0.3253,vehicle_crop,179.36,23.9,4.9285,0.0,0.2678,,UNKNOWN,False,DAY,1,UNREADABLE_TOO_SMALL,,0.0,"['tiny', 'low_light', 'low_contrast', 'low_confidence', 'unreadable']",False,,train,images/train/cam01_10052_391_606_122x84.jpg,vehicle_crop,865.37,136.13,76.53,UNKNOWN,UNKNOWN,UNREADABLE_TOO_SMALL,tiny|low_light|low_contrast|low_confidence|unreadable,adjudicated_proposal,vlm,False,p000104
cam01_10053_404_652_166x112,cam01,10053,D:\tessttt\testttttt\reports\deep\frames\cam01_0053.jpg,"[123.8, 53.6, 132.1, 56.3]",8.3,2.8,23.24,0.0013,2.9643,VERY_SMALL,0.3193,vehicle_crop,10685.6296,88.037,46.3844,0.0,0.5689,,UNKNOWN,False,DAY,1,UNREADABLE_TOO_SMALL,,0.0,"['tiny', 'low_confidence', 'unreadable']",False,,train,images/train/cam01_10053_404_652_166x112.jpg,vehicle_crop,783.669,135.52,76.88,UNKNOWN,UNKNOWN,UNREADABLE_TOO_SMALL,tiny|low_confidence|unreadable,adjudicated_proposal,vlm,False,p000106
cam01_10054_802_722_148x172,cam01,10054,D:\tessttt\testttttt\reports\deep\frames\cam01_0054.jpg,"[85.2, 118.7, 100.1, 126.8]",14.9,8.1,120.69,0.0047,1.8395,SMALL,0.7675,vehicle_crop,2015.5456,94.0417,39.0859,0.0,0.5631,,UNKNOWN,False,DAY,1,UNREADABLE_TOO_SMALL,,0.0,['unreadable'],False,,train,images/train/cam01_10054_802_722_148x172.jpg,vehicle_crop,763.048,135.65,76.48,UNKNOWN,UNKNOWN,UNREADABLE_TOO_SMALL,unreadable,adjudicated_proposal,vlm,False,p000107
cam01_10054_1480_568_319x195,cam01,10054,D:\tessttt\testttttt\reports\deep\frames\cam01_0054.jpg,"[229.1, 135.1, 237.9, 140.9]",8.8,5.8,51.04,0.0008,1.5172,VERY_SMALL,0.3978,vehicle_crop,1777.3594,101.325,36.6336,0.0,0.5489,,UNKNOWN,False,DAY,1,UNREADABLE_TOO_SMALL,,0.0,"['tiny', 'unreadable']",False,,train,images/train/cam01_10054_1480_568_319x195.jpg,vehicle_crop,763.048,135.65,76.48,UNKNOWN,UNKNOWN,UNREADABLE_TOO_SMALL,tiny|unreadable,adjudicated_proposal,vlm,False,p000108
cam01_10057_565_726_157x168,cam01,10057,D:\tessttt\testttttt\reports\deep\frames\cam01_0057.jpg,"[87.1, 114.1, 101.6, 121.7]",14.5,7.6,110.2,0.0042,1.9079,SMALL,0.8464,vehicle_crop,6523.8176,134.8776,45.0914,0.0,0.6108,,UNKNOWN,False,DAY,1,UNREADABLE_TOO_SMALL,,0.0,['unreadable'],False,,train,images/train/cam01_10057_565_726_157x168.jpg,vehicle_crop,858.542,136.04,76.09,UNKNOWN,UNKNOWN,UNREADABLE_TOO_SMALL,unreadable,adjudicated_proposal,vlm,False,p000110
cam01_10057_1115_753_160x171,cam01,10057,D:\tessttt\testttttt\reports\deep\frames\cam01_0057.jpg,"[60.8, 93.8, 96.2, 105.0]",35.3,11.2,395.36,0.0145,3.1518,MEDIUM,0.8859,vehicle_crop,5810.7767,105.3241,40.2132,0.0,0.6212,0.0,FRONTAL,False,DAY,1,UNREADABLE_TOO_SMALL,,0.0,['unreadable'],False,,train,images/train/cam01_10057_1115_753_160x171.jpg,vehicle_crop,858.542,136.04,76.09,UNKNOWN,UNKNOWN,UNREADABLE_TOO_SMALL,unreadable,adjudicated_proposal,vlm,False,p000109
cam01_10058_924_654_89x114,cam01,10058,D:\tessttt\testttttt\reports\deep\frames\cam01_0058.jpg,"[12.8, 78.7, 18.7, 81.7]",5.9,2.9,17.11,0.0017,2.0345,EXTREMELY_TINY,0.2301,vehicle_crop,3616.9506,95.7778,26.5383,0.0,0.5052,,UNKNOWN,False,DAY,1,UNREADABLE_TOO_SMALL,,0.0,"['tiny', 'low_contrast', 'low_confidence', 'unreadable']",False,,train,images/train/cam01_10058_924_654_89x114.jpg,vehicle_crop,799.799,136.11,75.7,UNKNOWN,UNKNOWN,UNREADABLE_TOO_SMALL,tiny|low_contrast|low_confidence|unreadable,adjudicated_proposal,vlm,False,p000112
cam01_10058_1129_673_114x117,cam01,10058,D:\tessttt\testttttt\reports\deep\frames\cam01_0058.jpg,"[46.6, 62.6, 71.4, 69.1]",24.9,6.6,164.34,0.0123,3.7727,MEDIUM,0.7103,vehicle_crop,4149.9641,113.8057,35.2428,0.0,0.592,,UNKNOWN,False,DAY,1,UNREADABLE_TOO_SMALL,,0.0,['unreadable'],False,,train,images/train/cam01_10058_1129_673_114x117.jpg,vehicle_crop,799.799,136.11,75.7,UNKNOWN,UNKNOWN,UNREADABLE_TOO_SMALL,unreadable,adjudicated_proposal,vlm,False,p000111
cam01_10060_400_652_171x114,cam01,10060,D:\tessttt\testttttt\reports\deep\frames\cam01_0060.jpg,"[127.8, 53.3, 136.2, 56.7]",8.3,3.4,28.22,0.0014,2.4412,VERY_SMALL,0.3084,vehicle_crop,5439.0562,92.4444,38.4258,0.0,0.5472,,UNKNOWN,False,DAY,1,UNREADABLE_TOO_SMALL,,0.0,"['tiny', 'low_confidence', 'unreadable']",False,,train,images/train/cam01_10060_400_652_171x114.jpg,vehicle_crop,721.879,137.08,75.8,UNKNOWN,UNKNOWN,UNREADABLE_TOO_SMALL,tiny|low_confidence|unreadable,adjudicated_proposal,vlm,False,p000113
cam01_10060_758_653_99x104,cam01,10060,D:\tessttt\testttttt\reports\deep\frames\cam01_0060.jpg,"[23.9, 70.7, 30.5, 74.0]",6.5,3.4,22.1,0.0021,1.9118,EXTREMELY_TINY,0.2603,vehicle_crop,6008.2895,112.5,32.38,0.0,0.545,,UNKNOWN,False,DAY,1,UNREADABLE_TOO_SMALL,,0.0,"['tiny', 'low_confidence', 'unreadable']",False,,train,images/train/cam01_10060_758_653_99x104.jpg,vehicle_crop,721.879,137.08,75.8,UNKNOWN,UNKNOWN,UNREADABLE_TOO_SMALL,tiny|low_confidence|unreadable,adjudicated_proposal,vlm,False,p000114
cam01_10061_556_825_275x192,cam01,10061,D:\tessttt\testttttt\reports\deep\frames\cam01_0061.jpg,"[72.0, 140.0, 114.2, 155.1]",42.2,15.0,633.0,0.012,2.8133,MEDIUM,0.5208,vehicle_crop,6687.3888,133.0111,49.6875,0.0,0.6841,0.0,FRONTAL,False,DAY,1,UNREADABLE_TOO_SMALL,,0.0,['unreadable'],False,,train,images/train/cam01_10061_556_825_275x192.jpg,vehicle_crop,830.116,136.76,76.07,UNKNOWN,UNKNOWN,UNREADABLE_TOO_SMALL,unreadable,adjudicated_proposal,vlm,False,p000116
cam01_10062_685_776_208x155,cam01,10062,D:\tessttt\testttttt\reports\deep\frames\cam01_0062.jpg,"[59.1, 114.6, 95.0, 125.4]",35.9,10.8,387.72,0.012,3.3241,MEDIUM,0.2161,vehicle_crop,7155.2546,140.9571,47.1477,0.0,0.655,0.0,FRONTAL,False,DAY,1,UNREADABLE_TOO_SMALL,,0.0,"['low_confidence', 'unreadable']",False,,train,images/train/cam01_10062_685_776_208x155.jpg,vehicle_crop,824.019,137.05,75.75,UNKNOWN,UNKNOWN,UNREADABLE_TOO_SMALL,low_confidence|unreadable,adjudicated_proposal,vlm,False,p000117
cam01_10064_401_652_170x113,cam01,10064,D:\tessttt\testttttt\reports\deep\frames\cam01_0064.jpg,"[126.8, 53.8, 135.3, 56.6]",8.5,2.8,23.8,0.0012,3.0357,VERY_SMALL,0.5457,vehicle_crop,9647.9451,92.1481,46.5186,0.0,0.5738,,UNKNOWN,False,DAY,1,UNREADABLE_TOO_SMALL,,0.0,"['tiny', 'unreadable']",False,,train,images/train/cam01_10064_401_652_170x113.jpg,vehicle_crop,848.78,136.01,77.34,UNKNOWN,UNKNOWN,UNREADABLE_TOO_SMALL,tiny|unreadable,adjudicated_proposal,vlm,False,p000118
cam01_10064_1021_845_235x195,cam01,10064,D:\tessttt\testttttt\reports\deep\frames\cam01_0064.jpg,"[75.3, 117.7, 123.4, 131.7]",48.0,14.0,672.0,0.0147,3.4286,LARGE,0.2034,vehicle_crop,2287.9633,138.9613,50.4939,0.0,0.6923,-0.0,FRONTAL,False,DAY,1,UNREADABLE_TOO_SMALL,,0.0,"['low_confidence', 'unreadable']",False,,train,images/train/cam01_10064_1021_845_235x195.jpg,vehicle_crop,848.78,136.01,77.34,UNKNOWN,UNKNOWN,UNREADABLE_TOO_SMALL,low_confidence|unreadable,adjudicated_proposal,vlm,False,p000119
cam01_10065_613_735_164x185,cam01,10065,D:\tessttt\testttttt\reports\deep\frames\cam01_0065.jpg,"[82.2, 128.4, 97.8, 136.3]",15.6,7.9,123.24,0.0041,1.9747,SMALL,0.5214,vehicle_crop,6088.1716,119.075,45.354,0.0,0.6114,,UNKNOWN,False,DAY,1,UNREADABLE_TOO_SMALL,,0.0,['unreadable'],False,,train,images/train/cam01_10065_613_735_164x185.jpg,vehicle_crop,800.431,134.95,76.78,UNKNOWN,UNKNOWN,UNREADABLE_TOO_SMALL,unreadable,adjudicated_proposal,vlm,False,p000120
cam01_10066_664_840_99x123,cam01,10066,D:\tessttt\testttttt\reports\deep\frames\cam01_0066.jpg,"[78.1, 21.5, 84.6, 24.5]",6.6,3.0,19.8,0.0016,2.2,EXTREMELY_TINY,0.2743,vehicle_crop,6397.4228,107.6667,26.7769,0.0,0.519,,UNKNOWN,False,DAY,1,UNREADABLE_TOO_SMALL,,0.0,"['tiny', 'low_contrast', 'low_confidence', 'unreadable']",False,,train,images/train/cam01_10066_664_840_99x123.jpg,vehicle_crop,795.224,135.28,76.19,UNKNOWN,UNKNOWN,UNREADABLE_TOO_SMALL,tiny|low_contrast|low_confidence|unreadable,adjudicated_proposal,vlm,False,p000121
cam01_10067_394_605_119x74,cam01,10067,D:\tessttt\testttttt\reports\deep\frames\cam01_0067.jpg,"[70.1, 50.0, 77.7, 51.8]",7.6,1.8,13.68,0.0016,4.2222,EXTREMELY_TINY,0.3529,vehicle_crop,13.4286,174.8571,1.7261,0.0,0.1246,,UNKNOWN,False,DAY,1,UNREADABLE_TOO_SMALL,,0.0,"['tiny', 'blur', 'low_contrast', 'unreadable']",False,,train,images/train/cam01_10067_394_605_119x74.jpg,vehicle_crop,773.179,135.7,76.54,UNKNOWN,UNKNOWN,UNREADABLE_TOO_SMALL,tiny|blur|low_contrast|unreadable,adjudicated_proposal,vlm,False,p000122
cam01_10068_392_605_121x75,cam01,10068,D:\tessttt\testttttt\reports\deep\frames\cam01_0068.jpg,"[72.1, 50.2, 80.0, 52.2]",7.9,2.0,15.8,0.0017,3.95,EXTREMELY_TINY,0.4125,vehicle_crop,758.9844,167.4375,7.5247,0.0,0.4379,,UNKNOWN,False,DAY,1,UNREADABLE_TOO_SMALL,,0.0,"['tiny', 'low_contrast', 'unreadable']",False,,train,images/train/cam01_10068_392_605_121x75.jpg,vehicle_crop,759.686,135.36,76.24,UNKNOWN,UNKNOWN,UNREADABLE_TOO_SMALL,tiny|low_contrast|unreadable,adjudicated_proposal,vlm,False,p000124
cam01_10068_392_605_121x75,cam01,10068,D:\tessttt\testttttt\reports\deep\frames\cam01_0068.jpg,"[73.5, 55.1, 80.3, 57.5]",6.8,2.4,16.32,0.0018,2.8333,EXTREMELY_TINY,0.2225,vehicle_crop,43.0663,24.7143,2.462,0.0,0.1009,,UNKNOWN,False,DAY,1,UNREADABLE_TOO_SMALL,,0.0,"['tiny', 'blur', 'low_light', 'low_contrast', 'low_confidence', 'unreadable']",False,,train,images/train/cam01_10068_392_605_121x75.jpg,vehicle_crop,759.686,135.36,76.24,UNKNOWN,UNKNOWN,UNREADABLE_TOO_SMALL,tiny|blur|low_light|low_contrast|low_confidence|unreadable,adjudicated_proposal,vlm,False,p000125
cam01_10068_777_708_149x156,cam01,10068,D:\tessttt\testttttt\reports\deep\frames\cam01_0068.jpg,"[21.0, 105.0, 27.5, 108.1]",6.4,3.1,19.84,0.0009,2.0645,EXTREMELY_TINY,0.4911,vehicle_crop,8093.5833,112.0,27.5197,0.0,0.5262,,UNKNOWN,False,DAY,1,UNREADABLE_TOO_SMALL,,0.0,"['tiny', 'low_contrast', 'unreadable']",False,,train,images/train/cam01_10068_777_708_149x156.jpg,vehicle_crop,759.686,135.36,76.24,UNKNOWN,UNKNOWN,UNREADABLE_TOO_SMALL,tiny|low_contrast|unreadable,adjudicated_proposal,vlm,False,p000123
cam01_10069_403_652_168x113,cam01,10069,D:\tessttt\testttttt\reports\deep\frames\cam01_0069.jpg,"[51.1, 84.3, 60.8, 91.9]",9.7,7.6,73.72,0.0039,1.2763,VERY_SMALL,0.464,vehicle_crop,27.1655,8.7778,2.0193,0.0,0.0669,,UNKNOWN,False,DAY,1,UNREADABLE_TOO_SMALL,,0.0,"['tiny', 'blur', 'low_light', 'low_contrast', 'unreadable']",False,,train,images/train/cam01_10069_403_652_168x113.jpg,vehicle_crop,856.761,135.61,76.04,UNKNOWN,UNKNOWN,UNREADABLE_TOO_SMALL,tiny|blur|low_light|low_contrast|unreadable,adjudicated_proposal,vlm,False,p000126
cam01_10070_404_652_166x113,cam01,10070,D:\tessttt\testttttt\reports\deep\frames\cam01_0070.jpg,"[123.8, 53.8, 132.1, 56.3]",8.3,2.5,20.75,0.0011,3.32,VERY_SMALL,0.4227,vehicle_crop,11165.2593,107.6296,45.0482,0.0,0.5859,,UNKNOWN,False,DAY,1,UNREADABLE_TOO_SMALL,,0.0,"['tiny', 'unreadable']",False,,train,images/train/cam01_10070_404_652_166x113.jpg,vehicle_crop,865.504,135.98,75.84,UNKNOWN,UNKNOWN,UNREADABLE_TOO_SMALL,tiny|unreadable,adjudicated_proposal,vlm,False,p000127
cam01_10071_792_629_89x93,cam01,10071,D:\tessttt\testttttt\reports\deep\frames\cam01_0071.jpg,"[15.7, 63.4, 23.7, 66.2]",7.9,2.8,22.12,0.0027,2.8214,EXTREMELY_TINY,0.2639,vehicle_crop,4682.9149,60.7917,35.5445,0.0,0.501,,UNKNOWN,False,DAY,1,UNREADABLE_TOO_SMALL,,0.0,"['tiny', 'low_light', 'low_confidence', 'unreadable']",False,,train,images/train/cam01_10071_792_629_89x93.jpg,vehicle_crop,861.634,135.61,76.36,UNKNOWN,UNKNOWN,UNREADABLE_TOO_SMALL,tiny|low_light|low_confidence|unreadable,adjudicated_proposal,vlm,False,p000128
cam01_10072_790_628_91x94,cam01,10072,D:\tessttt\testttttt\reports\deep\frames\cam01_0072.jpg,"[17.7, 64.7, 24.5, 67.2]",6.7,2.6,17.42,0.002,2.5769,EXTREMELY_TINY,0.2062,vehicle_crop,4357.3787,59.0,35.996,0.0,0.4985,,UNKNOWN,False,DAY,1,UNREADABLE_TOO_SMALL,,0.0,"['tiny', 'low_light', 'low_confidence', 'unreadable']",False,,train,images/train/cam01_10072_790_628_91x94.jpg,vehicle_crop,857.742,135.8,76.04,UNKNOWN,UNKNOWN,UNREADABLE_TOO_SMALL,tiny|low_light|low_confidence|unreadable,adjudicated_proposal,vlm,False,p000130
cam01_10072_881_682_112x135,cam01,10072,D:\tessttt\testttttt\reports\deep\frames\cam01_0072.jpg,"[46.5, 104.5, 55.0, 107.6]",8.4,3.1,26.04,0.0017,2.7097,VERY_SMALL,0.3018,vehicle_crop,24188.2332,107.5556,56.0042,0.0,0.6223,,UNKNOWN,False,DAY,1,UNREADABLE_TOO_SMALL,,0.0,"['tiny', 'low_confidence', 'unreadable']",False,,train,images/train/cam01_10072_881_682_112x135.jpg,vehicle_crop,857.742,135.8,76.04,UNKNOWN,UNKNOWN,UNREADABLE_TOO_SMALL,tiny|low_confidence|unreadable,adjudicated_proposal,vlm,False,p000129
cam01_10073_405_652_165x113,cam01,10073,D:\tessttt\testttttt\reports\deep\frames\cam01_0073.jpg,"[122.8, 53.8, 131.2, 56.8]",8.5,3.0,25.5,0.0014,2.8333,VERY_SMALL,0.2669,vehicle_crop,15562.4966,103.1111,53.2189,0.0,0.6082,,UNKNOWN,False,DAY,1,UNREADABLE_TOO_SMALL,,0.0,"['tiny', 'low_confidence', 'unreadable']",False,,train,images/train/cam01_10073_405_652_165x113.jpg,vehicle_crop,919.759,136.42,76.2,UNKNOWN,UNKNOWN,UNREADABLE_TOO_SMALL,tiny|low_confidence|unreadable,adjudicated_proposal,vlm,False,p000131
cam01_10074_725_516_113x71,cam01,10074,D:\tessttt\testttttt\reports\deep\frames\cam01_0074.jpg,"[43.0, 45.8, 48.8, 48.2]",5.8,2.4,13.92,0.0017,2.4167,EXTREMELY_TINY,0.294,vehicle_crop,2986.4622,87.2667,14.3177,0.0,0.4532,,UNKNOWN,False,DAY,1,UNREADABLE_TOO_SMALL,,0.0,"['tiny', 'low_contrast', 'low_confidence', 'unreadable']",False,,train,images/train/cam01_10074_725_516_113x71.jpg,vehicle_crop,908.615,135.54,76.92,UNKNOWN,UNKNOWN,UNREADABLE_TOO_SMALL,tiny|low_contrast|low_confidence|unreadable,adjudicated_proposal,vlm,False,p000134
cam01_10074_794_631_85x93,cam01,10074,D:\tessttt\testttttt\reports\deep\frames\cam01_0074.jpg,"[37.1, 32.9, 46.0, 37.9]",8.9,5.1,45.39,0.0057,1.7451,VERY_SMALL,0.2277,vehicle_crop,9287.124,57.6889,33.5545,0.0,0.4929,,UNKNOWN,False,DAY,1,UNREADABLE_TOO_SMALL,,0.0,"['tiny', 'low_light', 'low_confidence', 'unreadable']",False,,train,images/train/cam01_10074_794_631_85x93.jpg,vehicle_crop,908.615,135.54,76.92,UNKNOWN,UNKNOWN,UNREADABLE_TOO_SMALL,tiny|low_light|low_confidence|unreadable,adjudicated_proposal,vlm,False,p000135
cam01_10074_1487_646_138x92,cam01,10074,D:\tessttt\testttttt\reports\deep\frames\cam01_0074.jpg,"[92.9, 60.8, 109.4, 65.4]",16.5,4.6,75.9,0.006,3.587,SMALL,0.539,vehicle_crop,1525.7738,125.5412,28.6285,0.0,0.5667,,UNKNOWN,False,DAY,1,UNREADABLE_TOO_SMALL,,0.0,"['low_contrast', 'unreadable']",False,,train,images/train/cam01_10074_1487_646_138x92.jpg,vehicle_crop,908.615,135.54,76.92,UNKNOWN,UNKNOWN,UNREADABLE_TOO_SMALL,low_contrast|unreadable,adjudicated_proposal,vlm,False,p000132
cam01_10075_405_652_166x113,cam01,10075,D:\tessttt\testttttt\reports\deep\frames\cam01_0075.jpg,"[122.5, 53.8, 131.1, 56.6]",8.6,2.8,24.08,0.0013,3.0714,VERY_SMALL,0.5097,vehicle_crop,13571.7064,106.7778,52.4152,0.0,0.6095,,UNKNOWN,False,DAY,1,UNREADABLE_TOO_SMALL,,0.0,"['tiny', 'unreadable']",False,,train,images/train/cam01_10075_405_652_166x113.jpg,vehicle_crop,875.848,135.05,77.37,UNKNOWN,UNKNOWN,UNREADABLE_TOO_SMALL,tiny|unreadable,adjudicated_proposal,vlm,False,p000136
cam01_10075_771_682_118x132,cam01,10075,D:\tessttt\testttttt\reports\deep\frames\cam01_0075.jpg,"[52.5, 56.0, 66.1, 61.6]",13.6,5.7,77.52,0.005,2.386,SMALL,0.4773,vehicle_crop,5936.6263,121.7714,35.3792,0.0,0.5791,,UNKNOWN,False,DAY,1,UNREADABLE_TOO_SMALL,,0.0,['unreadable'],False,,train,images/train/cam01_10075_771_682_118x132.jpg,vehicle_crop,875.848,135.05,77.37,UNKNOWN,UNKNOWN,UNREADABLE_TOO_SMALL,unreadable,adjudicated_proposal,vlm,False,p000137
cam01_10075_771_682_118x132,cam01,10075,D:\tessttt\testttttt\reports\deep\frames\cam01_0075.jpg,"[44.0, 11.1, 51.1, 13.9]",7.1,2.8,19.88,0.0013,2.5357,EXTREMELY_TINY,0.4541,vehicle_crop,2949.9643,127.6429,20.9782,0.0,0.5235,,UNKNOWN,False,DAY,1,UNREADABLE_TOO_SMALL,,0.0,"['tiny', 'low_contrast', 'unreadable']",False,,train,images/train/cam01_10075_771_682_118x132.jpg,vehicle_crop,875.848,135.05,77.37,UNKNOWN,UNKNOWN,UNREADABLE_TOO_SMALL,tiny|low_contrast|unreadable,adjudicated_proposal,vlm,False,p000138
cam01_10076_405_653_166x112,cam01,10076,D:\tessttt\testttttt\reports\deep\frames\cam01_0076.jpg,"[122.3, 52.6, 131.1, 55.6]",8.8,3.0,26.4,0.0014,2.9333,VERY_SMALL,0.4156,vehicle_crop,13571.7064,106.7778,52.4152,0.0,0.6095,,UNKNOWN,False,DAY,1,UNREADABLE_TOO_SMALL,,0.0,"['tiny', 'unreadable']",False,,train,images/train/cam01_10076_405_653_166x112.jpg,vehicle_crop,877.661,134.43,78.31,UNKNOWN,UNKNOWN,UNREADABLE_TOO_SMALL,tiny|unreadable,adjudicated_proposal,vlm,False,p000139
cam01_10077_792_628_88x95,cam01,10077,D:\tessttt\testttttt\reports\deep\frames\cam01_0077.jpg,"[39.8, 36.3, 48.0, 40.8]",8.2,4.5,36.9,0.0044,1.8222,VERY_SMALL,0.3167,vehicle_crop,81.6111,47.6667,9.6724,0.0,0.2003,,UNKNOWN,False,DAY,1,UNREADABLE_TOO_SMALL,,0.0,"['tiny', 'blur', 'low_light', 'low_contrast', 'low_confidence', 'unreadable']",False,,train,images/train/cam01_10077_792_628_88x95.jpg,vehicle_crop,879.818,133.36,79.62,UNKNOWN,UNKNOWN,UNREADABLE_TOO_SMALL,tiny|blur|low_light|low_contrast|low_confidence|unreadable,adjudicated_proposal,vlm,False,p000140
cam01_10078_727_512_105x71,cam01,10078,D:\tessttt\testttttt\reports\deep\frames\cam01_0078.jpg,"[59.9, 53.5, 65.1, 55.4]",5.2,1.9,9.88,0.0013,2.7368,EXTREMELY_TINY,0.2359,vehicle_crop,525.3542,151.5,10.054,0.0,0.4598,,UNKNOWN,False,DAY,1,UNREADABLE_TOO_SMALL,,0.0,"['tiny', 'low_contrast', 'low_confidence', 'unreadable']",False,,train,images/train/cam01_10078_727_512_105x71.jpg,vehicle_crop,857.244,133.04,79.91,UNKNOWN,UNKNOWN,UNREADABLE_TOO_SMALL,tiny|low_contrast|low_confidence|unreadable,adjudicated_proposal,vlm,False,p000142
cam01_10078_906_816_85x104,cam01,10078,D:\tessttt\testttttt\reports\deep\frames\cam01_0078.jpg,"[16.1, 53.0, 19.8, 54.3]",3.7,1.3,4.81,0.0005,2.8462,EXTREMELY_TINY,0.3015,vehicle_crop,1966.2222,220.3333,15.8395,0.0,0.3978,,UNKNOWN,False,DAY,1,UNREADABLE_TOO_SMALL,,0.0,"['tiny', 'overexposed', 'low_contrast', 'low_confidence', 'unreadable']",False,,train,images/train/cam01_10078_906_816_85x104.jpg,vehicle_crop,857.244,133.04,79.91,UNKNOWN,UNKNOWN,UNREADABLE_TOO_SMALL,tiny|overexposed|low_contrast|low_confidence|unreadable,adjudicated_proposal,vlm,False,p000141
cam01_10081_396_652_176x113,cam01,10081,D:\tessttt\testttttt\reports\deep\frames\cam01_0081.jpg,"[131.4, 54.1, 140.2, 56.5]",8.8,2.4,21.12,0.0011,3.6667,VERY_SMALL,0.4149,vehicle_crop,3873.8889,107.3333,23.7159,0.0,0.5144,,UNKNOWN,False,DAY,1,UNREADABLE_TOO_SMALL,,0.0,"['tiny', 'low_contrast', 'unreadable']",False,,test,images/test/cam01_10081_396_652_176x113.jpg,vehicle_crop,694.783,135.52,79.74,UNKNOWN,UNKNOWN,UNREADABLE_TOO_SMALL,tiny|low_contrast|unreadable,adjudicated_proposal,vlm,False,p000143
cam01_10082_396_652_177x113,cam01,10082,D:\tessttt\testttttt\reports\deep\frames\cam01_0082.jpg,"[131.3, 54.1, 140.0, 56.5]",8.6,2.4,20.64,0.001,3.5833,VERY_SMALL,0.4893,vehicle_crop,3873.8889,107.3333,23.7159,0.0,0.5144,,UNKNOWN,False,DAY,1,UNREADABLE_TOO_SMALL,,0.0,"['tiny', 'low_contrast', 'unreadable']",False,,test,images/test/cam01_10082_396_652_177x113.jpg,vehicle_crop,691.176,135.68,79.37,UNKNOWN,UNKNOWN,UNREADABLE_TOO_SMALL,tiny|low_contrast|unreadable,adjudicated_proposal,vlm,False,p000144
cam01_10082_1440_611_114x79,cam01,10082,D:\tessttt\testttttt\reports\deep\frames\cam01_0082.jpg,"[73.4, 52.9, 79.6, 56.4]",6.2,3.5,21.7,0.0024,1.7714,EXTREMELY_TINY,0.2579,vehicle_crop,3846.276,116.625,28.0428,0.0,0.533,,UNKNOWN,False,DAY,1,UNREADABLE_TOO_SMALL,,0.0,"['tiny', 'low_contrast', 'low_confidence', 'unreadable']",False,,test,images/test/cam01_10082_1440_611_114x79.jpg,vehicle_crop,691.176,135.68,79.37,UNKNOWN,UNKNOWN,UNREADABLE_TOO_SMALL,tiny|low_contrast|low_confidence|unreadable,adjudicated_proposal,vlm,False,p000146
cam01_10083_938_577_327x346,cam01,10083,D:\tessttt\testttttt\reports\deep\frames\cam01_0083.jpg,"[123.9, 233.2, 151.9, 251.1]",28.0,18.0,504.0,0.0045,1.5556,MEDIUM,0.4813,vehicle_crop,1913.7103,91.9028,52.445,0.0,0.6313,3.1798,FRONTAL,False,DAY,1,UNREADABLE_TOO_SMALL,,0.0,['unreadable'],False,,test,images/test/cam01_10083_938_577_327x346.jpg,vehicle_crop,714.021,135.81,78.38,UNKNOWN,UNKNOWN,UNREADABLE_TOO_SMALL,unreadable,adjudicated_proposal,vlm,False,p000148
cam01_10083_1610_647_158x102,cam01,10083,D:\tessttt\testttttt\reports\deep\frames\cam01_0083.jpg,"[38.9, 68.6, 46.1, 71.9]",7.3,3.4,24.82,0.0015,2.1471,EXTREMELY_TINY,0.3092,vehicle_crop,1314.8733,58.6667,19.9534,0.0,0.4467,,UNKNOWN,False,DAY,1,UNREADABLE_TOO_SMALL,,0.0,"['tiny', 'low_light', 'low_contrast', 'low_confidence', 'unreadable']",False,,test,images/test/cam01_10083_1610_647_158x102.jpg,vehicle_crop,714.021,135.81,78.38,UNKNOWN,UNKNOWN,UNREADABLE_TOO_SMALL,tiny|low_light|low_contrast|low_confidence|unreadable,adjudicated_proposal,vlm,False,p000150
cam01_10084_724_508_153x81,cam01,10084,D:\tessttt\testttttt\reports\deep\frames\cam01_0084.jpg,"[60.0, 52.7, 67.9, 56.0]",7.9,3.3,26.07,0.0021,2.3939,EXTREMELY_TINY,0.4124,vehicle_crop,1492.361,64.7857,14.4057,0.0,0.4329,,UNKNOWN,False,DAY,1,UNREADABLE_TOO_SMALL,,0.0,"['tiny', 'low_light', 'low_contrast', 'unreadable']",False,,test,images/test/cam01_10084_724_508_153x81.jpg,vehicle_crop,676.477,138.46,77.29,UNKNOWN,UNKNOWN,UNREADABLE_TOO_SMALL,tiny|low_light|low_contrast|unreadable,adjudicated_proposal,vlm,False,p000152
cam01_10084_784_638_98x78,cam01,10084,D:\tessttt\testttttt\reports\deep\frames\cam01_0084.jpg,"[31.5, 55.2, 39.8, 58.1]",8.2,2.8,22.96,0.003,2.9286,VERY_SMALL,0.3568,vehicle_crop,4448.4722,76.0,23.4325,0.0,0.4772,,UNKNOWN,False,DAY,1,UNREADABLE_TOO_SMALL,,0.0,"['tiny', 'low_light', 'low_contrast', 'unreadable']",False,,test,images/test/cam01_10084_784_638_98x78.jpg,vehicle_crop,676.477,138.46,77.29,UNKNOWN,UNKNOWN,UNREADABLE_TOO_SMALL,tiny|low_light|low_contrast|unreadable,adjudicated_proposal,vlm,False,p000153
cam01_10084_1034_658_193x179,cam01,10084,D:\tessttt\testttttt\reports\deep\frames\cam01_0084.jpg,"[86.8, 86.3, 108.7, 99.5]",22.0,13.2,290.4,0.0084,1.6667,MEDIUM,0.3556,vehicle_crop,4271.5361,99.8531,45.928,0.0,0.6063,0.0,FRONTAL,False,DAY,1,UNREADABLE_TOO_SMALL,,0.0,['unreadable'],False,,test,images/test/cam01_10084_1034_658_193x179.jpg,vehicle_crop,676.477,138.46,77.29,UNKNOWN,UNKNOWN,UNREADABLE_TOO_SMALL,unreadable,adjudicated_proposal,vlm,False,p000154
cam01_10085_399_652_173x113,cam01,10085,D:\tessttt\testttttt\reports\deep\frames\cam01_0085.jpg,"[128.6, 53.7, 137.0, 56.6]",8.4,2.9,24.36,0.0012,2.8966,VERY_SMALL,0.2815,vehicle_crop,12761.4513,98.5185,48.2358,0.0,0.5865,,UNKNOWN,False,DAY,1,UNREADABLE_TOO_SMALL,,0.0,"['tiny', 'low_confidence', 'unreadable']",False,,test,images/test/cam01_10085_399_652_173x113.jpg,vehicle_crop,783.438,136.84,76.83,UNKNOWN,UNKNOWN,UNREADABLE_TOO_SMALL,tiny|low_confidence|unreadable,adjudicated_proposal,vlm,False,p000155
cam01_10085_796_631_84x89,cam01,10085,D:\tessttt\testttttt\reports\deep\frames\cam01_0085.jpg,"[19.6, 62.1, 24.1, 64.7]",4.5,2.6,11.7,0.0016,1.7308,EXTREMELY_TINY,0.2154,vehicle_crop,18332.64,149.8,47.0442,0.0,0.583,,UNKNOWN,False,DAY,1,UNREADABLE_TOO_SMALL,,0.0,"['tiny', 'low_confidence', 'unreadable']",False,,test,images/test/cam01_10085_796_631_84x89.jpg,vehicle_crop,783.438,136.84,76.83,UNKNOWN,UNKNOWN,UNREADABLE_TOO_SMALL,tiny|low_confidence|unreadable,adjudicated_proposal,vlm,False,p000157
cam01_10086_793_636_93x81,cam01,10086,D:\tessttt\testttttt\reports\deep\frames\cam01_0086.jpg,"[34.7, 52.2, 54.4, 55.6]",19.7,3.4,66.98,0.0089,5.7941,SMALL,0.2013,vehicle_crop,10650.6067,108.6833,38.1674,0.0,0.5861,,UNKNOWN,False,DAY,1,UNREADABLE_TOO_SMALL,,0.0,"['low_confidence', 'unreadable']",False,,test,images/test/cam01_10086_793_636_93x81.jpg,vehicle_crop,768.784,136.56,76.68,UNKNOWN,UNKNOWN,UNREADABLE_TOO_SMALL,low_confidence|unreadable,adjudicated_proposal,vlm,False,p000159
cam01_10087_929_518_101x123,cam01,10087,D:\tessttt\testttttt\reports\deep\frames\cam01_0087.jpg,"[70.4, 41.4, 77.1, 45.1]",6.8,3.8,25.84,0.0021,1.7895,EXTREMELY_TINY,0.2695,vehicle_crop,3500.0957,124.1429,24.7498,0.0,0.5323,,UNKNOWN,False,DAY,1,UNREADABLE_TOO_SMALL,,0.0,"['tiny', 'low_contrast', 'low_confidence', 'unreadable']",False,,test,images/test/cam01_10087_929_518_101x123.jpg,vehicle_crop,800.396,135.31,77.37,UNKNOWN,UNKNOWN,UNREADABLE_TOO_SMALL,tiny|low_contrast|low_confidence|unreadable,adjudicated_proposal,vlm,False,p000162
cam01_10087_975_666_112x117,cam01,10087,D:\tessttt\testttttt\reports\deep\frames\cam01_0087.jpg,"[20.6, 58.1, 25.1, 60.2]",4.4,2.1,9.24,0.0007,2.0952,EXTREMELY_TINY,0.2973,vehicle_crop,5368.81,156.1,27.3768,0.0,0.5105,,UNKNOWN,False,DAY,1,UNREADABLE_TOO_SMALL,,0.0,"['tiny', 'low_contrast', 'low_confidence', 'unreadable']",False,,test,images/test/cam01_10087_975_666_112x117.jpg,vehicle_crop,800.396,135.31,77.37,UNKNOWN,UNKNOWN,UNREADABLE_TOO_SMALL,tiny|low_contrast|low_confidence|unreadable,adjudicated_proposal,vlm,False,p000161
cam01_10087_1092_782_210x175,cam01,10087,D:\tessttt\testttttt\reports\deep\frames\cam01_0087.jpg,"[74.1, 123.4, 114.5, 135.3]",40.4,11.9,480.76,0.0131,3.395,MEDIUM,0.5091,vehicle_crop,7782.6557,125.6813,75.36,0.0,0.7175,-1.6847,FRONTAL,False,DAY,1,UNREADABLE_TOO_SMALL,,0.0,['unreadable'],False,,test,images/test/cam01_10087_1092_782_210x175.jpg,vehicle_crop,800.396,135.31,77.37,UNKNOWN,UNKNOWN,UNREADABLE_TOO_SMALL,unreadable,adjudicated_proposal,vlm,False,p000160
cam01_10089_1120_676_137x121,cam01,10089,D:\tessttt\testttttt\reports\deep\frames\cam01_0089.jpg,"[62.2, 76.9, 88.3, 84.2]",26.1,7.3,190.53,0.0115,3.5753,MEDIUM,0.673,vehicle_crop,10340.6731,135.3654,70.5388,0.0,0.6839,0.0,FRONTAL,False,DAY,1,UNREADABLE_TOO_SMALL,,0.0,['unreadable'],False,,test,images/test/cam01_10089_1120_676_137x121.jpg,vehicle_crop,896.246,135.93,76.93,UNKNOWN,UNKNOWN,UNREADABLE_TOO_SMALL,unreadable,adjudicated_proposal,vlm,False,p000163
cam01_10090_1054_766_167x159,cam01,10090,D:\tessttt\testttttt\reports\deep\frames\cam01_0090.jpg,"[58.9, 113.9, 96.2, 125.6]",37.2,11.7,435.24,0.0164,3.1795,MEDIUM,0.8773,vehicle_crop,6264.2435,130.9825,47.2175,0.0,0.6701,0.0,FRONTAL,False,DAY,1,UNREADABLE_TOO_SMALL,,0.0,['unreadable'],False,,test,images/test/cam01_10090_1054_766_167x159.jpg,vehicle_crop,869.726,135.1,76.98,UNKNOWN,UNKNOWN,UNREADABLE_TOO_SMALL,unreadable,adjudicated_proposal,vlm,False,p000165
cam01_10090_1105_650_116x94,cam01,10090,D:\tessttt\testttttt\reports\deep\frames\cam01_0090.jpg,"[53.2, 57.9, 75.6, 63.7]",22.4,5.8,129.92,0.0119,3.8621,MEDIUM,0.3533,vehicle_crop,4971.5351,124.5455,66.4025,0.0,0.6802,,UNKNOWN,False,DAY,1,UNREADABLE_TOO_SMALL,,0.0,['unreadable'],False,,test,images/test/cam01_10090_1105_650_116x94.jpg,vehicle_crop,869.726,135.1,76.98,UNKNOWN,UNKNOWN,UNREADABLE_TOO_SMALL,unreadable,adjudicated_proposal,vlm,False,p000166
cam01_10091_1080_692_124x124,cam01,10091,D:\tessttt\testttttt\reports\deep\frames\cam01_0091.jpg,"[49.3, 84.1, 76.7, 92.0]",27.4,7.9,216.46,0.0141,3.4684,MEDIUM,0.8644,vehicle_crop,4435.4414,131.3009,39.2516,0.0,0.6212,0.0,FRONTAL,False,DAY,1,UNREADABLE_TOO_SMALL,,0.0,['unreadable'],False,,test,images/test/cam01_10091_1080_692_124x124.jpg,vehicle_crop,877.501,136.7,76.35,UNKNOWN,UNKNOWN,UNREADABLE_TOO_SMALL,unreadable,adjudicated_proposal,vlm,False,p000168
cam01_10092_843_745_227x191,cam01,10092,D:\tessttt\testttttt\reports\deep\frames\cam01_0092.jpg,"[67.0, 105.7, 102.6, 117.8]",35.6,12.1,430.76,0.0099,2.9421,MEDIUM,0.8424,vehicle_crop,4537.4494,105.1357,40.4922,0.0,0.62,0.0,FRONTAL,False,DAY,1,UNREADABLE_TOO_SMALL,,0.0,['unreadable'],False,,test,images/test/cam01_10092_843_745_227x191.jpg,vehicle_crop,861.227,135.57,76.65,UNKNOWN,UNKNOWN,UNREADABLE_TOO_SMALL,unreadable,adjudicated_proposal,vlm,False,p000169
cam01_10092_1082_651_96x90,cam01,10092,D:\tessttt\testttttt\reports\deep\frames\cam01_0092.jpg,"[38.4, 62.3, 61.2, 68.8]",22.8,6.6,150.48,0.0174,3.4545,MEDIUM,0.4496,vehicle_crop,3878.8019,134.4058,28.9013,0.0,0.5753,,UNKNOWN,False,DAY,1,UNREADABLE_TOO_SMALL,,0.0,"['low_contrast', 'unreadable']",False,,test,images/test/cam01_10092_1082_651_96x90.jpg,vehicle_crop,861.227,135.57,76.65,UNKNOWN,UNKNOWN,UNREADABLE_TOO_SMALL,low_contrast|unreadable,adjudicated_proposal,vlm,False,p000170
cam01_10094_1021_626_98x106,cam01,10094,D:\tessttt\testttttt\reports\deep\frames\cam01_0094.jpg,"[39.0, 53.2, 59.2, 59.4]",20.2,6.2,125.24,0.0121,3.2581,SMALL,0.6871,vehicle_crop,1987.5527,101.5167,31.7724,0.0,0.5569,,UNKNOWN,False,DAY,1,UNREADABLE_TOO_SMALL,,0.0,"['low_contrast', 'unreadable']",False,,test,images/test/cam01_10094_1021_626_98x106.jpg,vehicle_crop,851.781,135.95,76.12,UNKNOWN,UNKNOWN,UNREADABLE_TOO_SMALL,low_contrast|unreadable,adjudicated_proposal,vlm,False,p000171
cam01_10094_1417_621_116x72,cam01,10094,D:\tessttt\testttttt\reports\deep\frames\cam01_0094.jpg,"[74.3, 48.4, 86.8, 51.9]",12.5,3.5,43.75,0.0052,3.5714,SMALL,0.3436,vehicle_crop,4652.9506,167.7222,31.6444,0.0,0.526,,UNKNOWN,False,DAY,1,UNREADABLE_TOO_SMALL,,0.0,"['low_contrast', 'low_confidence', 'unreadable']",False,,test,images/test/cam01_10094_1417_621_116x72.jpg,vehicle_crop,851.781,135.95,76.12,UNKNOWN,UNKNOWN,UNREADABLE_TOO_SMALL,low_contrast|low_confidence|unreadable,adjudicated_proposal,vlm,False,p000172
cam01_10095_625_634_127x100,cam01,10095,D:\tessttt\testttttt\reports\deep\frames\cam01_0095.jpg,"[42.5, 57.6, 53.3, 60.7]",10.9,3.1,33.79,0.0027,3.5161,SMALL,0.4074,vehicle_crop,16389.0523,99.9091,52.5446,0.0,0.6064,,UNKNOWN,False,DAY,1,UNREADABLE_TOO_SMALL,,0.0,['unreadable'],False,,test,images/test/cam01_10095_625_634_127x100.jpg,vehicle_crop,915.286,136.56,75.73,UNKNOWN,UNKNOWN,UNREADABLE_TOO_SMALL,unreadable,adjudicated_proposal,vlm,False,p000174
cam01_10095_1014_606_91x73,cam01,10095,D:\tessttt\testttttt\reports\deep\frames\cam01_0095.jpg,"[40.5, 37.3, 56.6, 41.3]",16.2,4.0,64.8,0.0098,4.05,SMALL,0.249,vehicle_crop,9007.2283,100.4219,31.4199,0.0,0.5466,,UNKNOWN,False,DAY,1,UNREADABLE_TOO_SMALL,,0.0,"['low_contrast', 'low_confidence', 'unreadable']",False,,test,images/test/cam01_10095_1014_606_91x73.jpg,vehicle_crop,915.286,136.56,75.73,UNKNOWN,UNKNOWN,UNREADABLE_TOO_SMALL,low_contrast|low_confidence|unreadable,adjudicated_proposal,vlm,False,p000175
cam01_10095_1559_656_166x93,cam01,10095,D:\tessttt\testttttt\reports\deep\frames\cam01_0095.jpg,"[113.2, 61.4, 130.8, 66.7]",17.6,5.3,93.28,0.006,3.3208,SMALL,0.5731,vehicle_crop,4602.9528,143.2,36.9336,0.0,0.5805,,UNKNOWN,False,DAY,1,UNREADABLE_TOO_SMALL,,0.0,['unreadable'],False,,test,images/test/cam01_10095_1559_656_166x93.jpg,vehicle_crop,915.286,136.56,75.73,UNKNOWN,UNKNOWN,UNREADABLE_TOO_SMALL,unreadable,adjudicated_proposal,vlm,False,p000173
cam01_10096_815_649_100x112,cam01,10096,D:\tessttt\testttttt\reports\deep\frames\cam01_0096.jpg,"[4.0, 37.4, 8.7, 40.2]",4.7,2.9,13.63,0.0012,1.6207,EXTREMELY_TINY,0.4375,vehicle_crop,905.0764,60.5833,11.8072,0.0,0.4136,,UNKNOWN,False,DAY,1,UNREADABLE_TOO_SMALL,,0.0,"['tiny', 'low_light', 'low_contrast', 'unreadable']",False,,test,images/test/cam01_10096_815_649_100x112.jpg,vehicle_crop,912.856,136.59,75.57,UNKNOWN,UNKNOWN,UNREADABLE_TOO_SMALL,tiny|low_light|low_contrast|unreadable,adjudicated_proposal,vlm,False,p000176
cam01_10097_730_513_124x70,cam01,10097,D:\tessttt\testttttt\reports\deep\frames\cam01_0097.jpg,"[53.8, 48.6, 62.3, 51.8]",8.5,3.2,27.2,0.0031,2.6562,VERY_SMALL,0.3449,vehicle_crop,1194.406,75.2593,29.5392,0.0,0.4988,,UNKNOWN,False,DAY,1,UNREADABLE_TOO_SMALL,,0.0,"['tiny', 'low_light', 'low_contrast', 'low_confidence', 'unreadable']",False,,test,images/test/cam01_10097_730_513_124x70.jpg,vehicle_crop,881.548,136.69,75.42,UNKNOWN,UNKNOWN,UNREADABLE_TOO_SMALL,tiny|low_light|low_contrast|low_confidence|unreadable,adjudicated_proposal,vlm,False,p000177
cam01_10100_615_637_139x98,cam01,10100,D:\tessttt\testttttt\reports\deep\frames\cam01_0100.jpg,"[43.5, 54.7, 53.6, 58.3]",10.1,3.6,36.36,0.0027,2.8056,VERY_SMALL,0.2548,vehicle_crop,5936.56,99.325,40.5761,0.0,0.5639,,UNKNOWN,False,DAY,1,UNREADABLE_TOO_SMALL,,0.0,"['tiny', 'low_confidence', 'unreadable']",False,,val,images/val/cam01_10100_615_637_139x98.jpg,vehicle_crop,873.724,136.37,75.47,UNKNOWN,UNKNOWN,UNREADABLE_TOO_SMALL,tiny|low_confidence|unreadable,adjudicated_proposal,vlm,False,p000182
cam01_10101_1554_640_153x118,cam01,10101,D:\tessttt\testttttt\reports\deep\frames\cam01_0101.jpg,"[99.7, 86.0, 119.5, 91.6]",19.9,5.6,111.44,0.0062,3.5536,SMALL,0.7822,vehicle_crop,6384.9339,136.16,47.7577,0.0,0.6303,,UNKNOWN,False,DAY,1,UNREADABLE_TOO_SMALL,,0.0,['unreadable'],False,,val,images/val/cam01_10101_1554_640_153x118.jpg,vehicle_crop,919.498,136.34,76.2,UNKNOWN,UNKNOWN,UNREADABLE_TOO_SMALL,unreadable,adjudicated_proposal,vlm,False,p000185
cam01_10101_1689_666_148x89,cam01,10101,D:\tessttt\testttttt\reports\deep\frames\cam01_0101.jpg,"[115.5, 62.1, 127.0, 67.5]",11.5,5.4,62.1,0.0047,2.1296,SMALL,0.6924,vehicle_crop,6257.3622,120.3667,42.613,0.0,0.5977,,UNKNOWN,False,DAY,1,UNREADABLE_TOO_SMALL,,0.0,['unreadable'],False,,val,images/val/cam01_10101_1689_666_148x89.jpg,vehicle_crop,919.498,136.34,76.2,UNKNOWN,UNKNOWN,UNREADABLE_TOO_SMALL,unreadable,adjudicated_proposal,vlm,False,p000186
cam01_10106_1337_603_104x70,cam01,10106,D:\tessttt\testttttt\reports\deep\frames\cam01_0106.jpg,"[70.7, 45.3, 82.3, 49.7]",11.6,4.5,52.2,0.0072,2.5778,SMALL,0.2387,vehicle_crop,5001.5764,119.2292,34.0932,0.0,0.5681,,UNKNOWN,False,DAY,1,UNREADABLE_TOO_SMALL,,0.0,"['low_confidence', 'unreadable']",False,,val,images/val/cam01_10106_1337_603_104x70.jpg,vehicle_crop,871.868,136.45,76.03,UNKNOWN,UNKNOWN,UNREADABLE_TOO_SMALL,low_confidence|unreadable,adjudicated_proposal,vlm,False,p000189
cam01_10107_725_511_110x83,cam01,10107,D:\tessttt\testttttt\reports\deep\frames\cam01_0107.jpg,"[52.8, 51.5, 57.3, 53.3]",4.5,1.8,8.1,0.0009,2.5,EXTREMELY_TINY,0.2365,vehicle_crop,5729.8,144.7,25.1557,0.0,0.5156,,UNKNOWN,False,DAY,1,UNREADABLE_TOO_SMALL,,0.0,"['tiny', 'low_contrast', 'low_confidence', 'unreadable']",False,,val,images/val/cam01_10107_725_511_110x83.jpg,vehicle_crop,894.192,136.43,76.39,UNKNOWN,UNKNOWN,UNREADABLE_TOO_SMALL,tiny|low_contrast|low_confidence|unreadable,adjudicated_proposal,vlm,False,p000191
cam01_10107_1514_646_145x89,cam01,10107,D:\tessttt\testttttt\reports\deep\frames\cam01_0107.jpg,"[99.2, 58.0, 116.2, 62.2]",17.0,4.2,71.4,0.0055,4.0476,SMALL,0.7606,vehicle_crop,5038.4481,139.1471,30.3902,0.0,0.5631,,UNKNOWN,False,DAY,1,UNREADABLE_TOO_SMALL,,0.0,"['low_contrast', 'unreadable']",False,,val,images/val/cam01_10107_1514_646_145x89.jpg,vehicle_crop,894.192,136.43,76.39,UNKNOWN,UNKNOWN,UNREADABLE_TOO_SMALL,low_contrast|unreadable,adjudicated_proposal,vlm,False,p000190
cam01_10108_725_511_110x83,cam01,10108,D:\tessttt\testttttt\reports\deep\frames\cam01_0108.jpg,"[53.0, 51.5, 57.2, 53.2]",4.2,1.7,7.14,0.0008,2.4706,EXTREMELY_TINY,0.2985,vehicle_crop,5965.8594,153.375,20.3589,0.0,0.4881,,UNKNOWN,False,DAY,1,UNREADABLE_TOO_SMALL,,0.0,"['tiny', 'low_contrast', 'low_confidence', 'unreadable']",False,,val,images/val/cam01_10108_725_511_110x83.jpg,vehicle_crop,880.875,138.16,76.49,UNKNOWN,UNKNOWN,UNREADABLE_TOO_SMALL,tiny|low_contrast|low_confidence|unreadable,adjudicated_proposal,vlm,False,p000192
cam01_10109_404_653_168x111,cam01,10109,D:\tessttt\testttttt\reports\deep\frames\cam01_0109.jpg,"[123.8, 53.2, 132.2, 56.2]",8.4,3.1,26.04,0.0014,2.7097,VERY_SMALL,0.4474,vehicle_crop,4736.5377,109.8519,31.1278,0.0,0.5419,,UNKNOWN,False,DAY,1,UNREADABLE_TOO_SMALL,,0.0,"['tiny', 'low_contrast', 'unreadable']",False,,val,images/val/cam01_10109_404_653_168x111.jpg,vehicle_crop,741.256,136.42,75.7,UNKNOWN,UNKNOWN,UNREADABLE_TOO_SMALL,tiny|low_contrast|unreadable,adjudicated_proposal,vlm,False,p000194
cam01_10109_516_595_131x108,cam01,10109,D:\tessttt\testttttt\reports\deep\frames\cam01_0109.jpg,"[5.0, 12.4, 9.2, 14.4]",4.2,2.0,8.4,0.0006,2.1,EXTREMELY_TINY,0.2503,vehicle_crop,14943.4844,93.375,33.4923,0.0,0.5218,,UNKNOWN,False,DAY,1,UNREADABLE_TOO_SMALL,,0.0,"['tiny', 'low_confidence', 'unreadable']",False,,val,images/val/cam01_10109_516_595_131x108.jpg,vehicle_crop,741.256,136.42,75.7,UNKNOWN,UNKNOWN,UNREADABLE_TOO_SMALL,tiny|low_confidence|unreadable,adjudicated_proposal,vlm,False,p000196
cam01_10109_614_636_141x98,cam01,10109,D:\tessttt\testttttt\reports\deep\frames\cam01_0109.jpg,"[45.6, 56.6, 54.1, 59.6]",8.6,3.0,25.8,0.0019,2.8667,VERY_SMALL,0.5061,vehicle_crop,10000.4225,105.3704,41.3057,0.0,0.5709,,UNKNOWN,False,DAY,1,UNREADABLE_TOO_SMALL,,0.0,"['tiny', 'unreadable']",False,,val,images/val/cam01_10109_614_636_141x98.jpg,vehicle_crop,741.256,136.42,75.7,UNKNOWN,UNKNOWN,UNREADABLE_TOO_SMALL,tiny|unreadable,adjudicated_proposal,vlm,False,p000193
cam01_10109_615_635_140x100,cam01,10109,D:\tessttt\testttttt\reports\deep\frames\cam01_0109.jpg,"[32.7, 66.8, 37.8, 69.1]",5.1,2.3,11.73,0.0008,2.2174,EXTREMELY_TINY,0.2277,vehicle_crop,6284.3289,78.6667,31.4105,0.0,0.5007,,UNKNOWN,False,DAY,1,UNREADABLE_TOO_SMALL,,0.0,"['tiny', 'low_light', 'low_contrast', 'low_confidence', 'unreadable']",False,,val,images/val/cam01_10109_615_635_140x100.jpg,vehicle_crop,741.256,136.42,75.7,UNKNOWN,UNKNOWN,UNREADABLE_TOO_SMALL,tiny|low_light|low_contrast|low_confidence|unreadable,adjudicated_proposal,vlm,False,p000197
cam01_10109_1397_557_144x125,cam01,10109,D:\tessttt\testttttt\reports\deep\frames\cam01_0109.jpg,"[106.2, 96.0, 114.1, 101.7]",7.9,5.7,45.03,0.0025,1.386,EXTREMELY_TINY,0.3064,vehicle_crop,3217.0494,77.65,33.8523,0.0,0.5138,,UNKNOWN,False,DAY,1,UNREADABLE_TOO_SMALL,,0.0,"['tiny', 'low_light', 'low_confidence', 'unreadable']",False,,val,images/val/cam01_10109_1397_557_144x125.jpg,vehicle_crop,741.256,136.42,75.7,UNKNOWN,UNKNOWN,UNREADABLE_TOO_SMALL,tiny|low_light|low_confidence|unreadable,adjudicated_proposal,vlm,False,p000195
cam01_10110_614_637_142x106,cam01,10110,D:\tessttt\testttttt\reports\deep\frames\cam01_0110.jpg,"[45.6, 64.8, 58.1, 67.8]",12.5,3.0,37.5,0.0025,4.1667,SMALL,0.2418,vehicle_crop,6534.522,78.3846,38.5564,0.0,0.5403,,UNKNOWN,False,DAY,1,UNREADABLE_TOO_SMALL,,0.0,"['low_light', 'low_confidence', 'unreadable']",False,,val,images/val/cam01_10110_614_637_142x106.jpg,vehicle_crop,696.047,136.45,78.38,UNKNOWN,UNKNOWN,UNREADABLE_TOO_SMALL,low_light|low_confidence|unreadable,adjudicated_proposal,vlm,False,p000198
cam01_10112_405_653_164x110,cam01,10112,D:\tessttt\testttttt\reports\deep\frames\cam01_0112.jpg,"[122.7, 53.2, 131.2, 55.9]",8.4,2.7,22.68,0.0013,3.1111,VERY_SMALL,0.3339,vehicle_crop,11690.7654,93.8333,29.3281,0.0,0.5184,,UNKNOWN,False,DAY,1,UNREADABLE_TOO_SMALL,,0.0,"['tiny', 'low_contrast', 'low_confidence', 'unreadable']",False,,val,images/val/cam01_10112_405_653_164x110.jpg,vehicle_crop,526.165,130.46,77.49,UNKNOWN,UNKNOWN,UNREADABLE_TOO_SMALL,tiny|low_contrast|low_confidence|unreadable,adjudicated_proposal,vlm,False,p000200
cam01_10113_513_584_140x120,cam01,10113,D:\tessttt\testttttt\reports\deep\frames\cam01_0113.jpg,"[6.0, 23.5, 11.1, 25.6]",5.1,2.1,10.71,0.0006,2.4286,EXTREMELY_TINY,0.2413,vehicle_crop,3099.24,108.5,14.2285,0.0,0.4761,,UNKNOWN,False,DAY,1,UNREADABLE_TOO_SMALL,,0.0,"['tiny', 'low_contrast', 'low_confidence', 'unreadable']",False,,val,images/val/cam01_10113_513_584_140x120.jpg,vehicle_crop,768.149,133.97,77.08,UNKNOWN,UNKNOWN,UNREADABLE_TOO_SMALL,tiny|low_contrast|low_confidence|unreadable,adjudicated_proposal,vlm,False,p000203
cam01_10113_910_527_268x363,cam01,10113,D:\tessttt\testttttt\reports\deep\frames\cam01_0113.jpg,"[102.8, 281.5, 134.3, 292.5]",31.5,11.1,349.65,0.0036,2.8378,MEDIUM,0.6297,vehicle_crop,5288.1224,89.7898,53.4995,0.0,0.6405,3.3665,FRONTAL,False,DAY,1,UNREADABLE_TOO_SMALL,,0.0,['unreadable'],False,,val,images/val/cam01_10113_910_527_268x363.jpg,vehicle_crop,768.149,133.97,77.08,UNKNOWN,UNKNOWN,UNREADABLE_TOO_SMALL,unreadable,adjudicated_proposal,vlm,False,p000201
cam01_10114_959_755_193x176,cam01,10114,D:\tessttt\testttttt\reports\deep\frames\cam01_0114.jpg,"[67.4, 110.6, 102.3, 120.6]",34.8,10.0,348.0,0.0102,3.48,MEDIUM,0.8694,vehicle_crop,8082.9194,146.94,68.2404,0.0,0.6893,0.0,FRONTAL,False,DAY,1,UNREADABLE_TOO_SMALL,,0.0,['unreadable'],False,,val,images/val/cam01_10114_959_755_193x176.jpg,vehicle_crop,723.613,133.45,76.89,UNKNOWN,UNKNOWN,UNREADABLE_TOO_SMALL,unreadable,adjudicated_proposal,vlm,False,p000204
cam01_10115_403_649_173x116,cam01,10115,D:\tessttt\testttttt\reports\deep\frames\cam01_0115.jpg,"[124.6, 56.8, 133.1, 60.5]",8.4,3.7,31.08,0.0015,2.2703,VERY_SMALL,0.2915,vehicle_crop,11019.1728,78.75,49.4601,0.0,0.569,,UNKNOWN,False,DAY,1,UNREADABLE_TOO_SMALL,,0.0,"['tiny', 'low_light', 'low_confidence', 'unreadable']",False,,val,images/val/cam01_10115_403_649_173x116.jpg,vehicle_crop,850.899,134.26,76.46,UNKNOWN,UNKNOWN,UNREADABLE_TOO_SMALL,tiny|low_light|low_confidence|unreadable,adjudicated_proposal,vlm,False,p000207
cam01_10115_847_688_151x120,cam01,10115,D:\tessttt\testttttt\reports\deep\frames\cam01_0115.jpg,"[48.6, 72.5, 73.9, 79.4]",25.3,6.9,174.57,0.0096,3.6667,MEDIUM,0.5144,vehicle_crop,7483.5734,138.4114,46.6161,0.0,0.634,,UNKNOWN,False,DAY,1,UNREADABLE_TOO_SMALL,,0.0,['unreadable'],False,,val,images/val/cam01_10115_847_688_151x120.jpg,vehicle_crop,850.899,134.26,76.46,UNKNOWN,UNKNOWN,UNREADABLE_TOO_SMALL,unreadable,adjudicated_proposal,vlm,False,p000206
cam01_10115_1026_689_139x132,cam01,10115,D:\tessttt\testttttt\reports\deep\frames\cam01_0115.jpg,"[52.5, 79.5, 79.1, 86.9]",26.5,7.4,196.1,0.0107,3.5811,MEDIUM,0.5931,vehicle_crop,8042.4389,132.672,68.1376,0.0,0.6889,,UNKNOWN,False,DAY,1,UNREADABLE_TOO_SMALL,,0.0,['unreadable'],False,,val,images/val/cam01_10115_1026_689_139x132.jpg,vehicle_crop,850.899,134.26,76.46,UNKNOWN,UNKNOWN,UNREADABLE_TOO_SMALL,unreadable,adjudicated_proposal,vlm,False,p000205
cam01_10116_401_651_173x114,cam01,10116,D:\tessttt\testttttt\reports\deep\frames\cam01_0116.jpg,"[125.9, 55.0, 134.6, 58.4]",8.7,3.4,29.58,0.0015,2.5588,VERY_SMALL,0.3212,vehicle_crop,7404.5926,92.2593,36.1782,0.0,0.5395,,UNKNOWN,False,DAY,1,UNREADABLE_TOO_SMALL,,0.0,"['tiny', 'low_confidence', 'unreadable']",False,,val,images/val/cam01_10116_401_651_173x114.jpg,vehicle_crop,841.456,134.12,76.36,UNKNOWN,UNKNOWN,UNREADABLE_TOO_SMALL,tiny|low_confidence|unreadable,adjudicated_proposal,vlm,False,p000208
cam01_10116_619_911_112x111,cam01,10116,D:\tessttt\testttttt\reports\deep\frames\cam01_0116.jpg,"[36.3, 71.6, 44.3, 74.6]",8.0,3.0,24.0,0.0019,2.6667,VERY_SMALL,0.2528,vehicle_crop,11844.5399,140.5833,29.7698,0.0,0.5415,,UNKNOWN,False,DAY,1,UNREADABLE_TOO_SMALL,,0.0,"['tiny', 'low_contrast', 'low_confidence', 'unreadable']",False,,val,images/val/cam01_10116_619_911_112x111.jpg,vehicle_crop,841.456,134.12,76.36,UNKNOWN,UNKNOWN,UNREADABLE_TOO_SMALL,tiny|low_contrast|low_confidence|unreadable,adjudicated_proposal,vlm,False,p000209
cam01_10116_619_911_112x111,cam01,10116,D:\tessttt\testttttt\reports\deep\frames\cam01_0116.jpg,"[56.3, 62.3, 65.6, 65.8]",9.3,3.6,33.48,0.0027,2.5833,VERY_SMALL,0.215,vehicle_crop,4659.2785,52.8519,33.1882,0.0,0.4864,,UNKNOWN,False,DAY,1,UNREADABLE_TOO_SMALL,,0.0,"['tiny', 'low_light', 'low_confidence', 'unreadable']",False,,val,images/val/cam01_10116_619_911_112x111.jpg,vehicle_crop,841.456,134.12,76.36,UNKNOWN,UNKNOWN,UNREADABLE_TOO_SMALL,tiny|low_light|low_confidence|unreadable,adjudicated_proposal,vlm,False,p000210
cam01_10117_1044_616_93x84,cam01,10117,D:\tessttt\testttttt\reports\deep\frames\cam01_0117.jpg,"[58.0, 49.8, 75.7, 54.6]",17.7,4.8,84.96,0.0109,3.6875,SMALL,0.4074,vehicle_crop,6833.6188,30.7294,35.6299,0.0,0.4864,,UNKNOWN,False,DAY,1,UNREADABLE_TOO_SMALL,,0.0,"['low_light', 'unreadable']",False,,val,images/val/cam01_10117_1044_616_93x84.jpg,vehicle_crop,878.716,135.92,75.45,UNKNOWN,UNKNOWN,UNREADABLE_TOO_SMALL,low_light|unreadable,adjudicated_proposal,vlm,False,p000211
cam02_20003_1538_256_111x90,cam02,20003,D:\tessttt\testttttt\reports\deep\frames\cam02_0003.jpg,"[36.0, 57.7, 55.2, 63.1]",19.1,5.4,103.14,0.0103,3.537,SMALL,0.8483,vehicle_crop,16581.6617,143.3596,81.1191,0.0,0.6612,,UNKNOWN,False,DAY,1,UNREADABLE_TOO_SMALL,,0.0,['unreadable'],False,,train,images/train/cam02_20003_1538_256_111x90.jpg,vehicle_crop,1177.314,144.09,45.82,UNKNOWN,UNKNOWN,UNREADABLE_TOO_SMALL,unreadable,adjudicated_proposal,vlm,False,p000212
cam02_20003_1580_291_131x120,cam02,20003,D:\tessttt\testttttt\reports\deep\frames\cam02_0003.jpg,"[5.0, 22.9, 13.2, 28.3]",8.2,5.4,44.28,0.0028,1.5185,VERY_SMALL,0.6118,vehicle_crop,8970.9336,144.8125,84.5837,0.0,0.6376,,UNKNOWN,False,DAY,1,UNREADABLE_TOO_SMALL,,0.0,"['tiny', 'unreadable']",False,,train,images/train/cam02_20003_1580_291_131x120.jpg,vehicle_crop,1177.314,144.09,45.82,UNKNOWN,UNKNOWN,UNREADABLE_TOO_SMALL,tiny|unreadable,adjudicated_proposal,vlm,False,p000213
cam02_20004_1493_326_167x152,cam02,20004,D:\tessttt\testttttt\reports\deep\frames\cam02_0004.jpg,"[7.0, 32.3, 15.9, 38.2]",8.9,5.8,51.62,0.002,1.5345,VERY_SMALL,0.7691,vehicle_crop,12413.5816,177.5625,62.3648,0.0,0.6018,,UNKNOWN,False,DAY,1,UNREADABLE_TOO_SMALL,,0.0,"['tiny', 'unreadable']",False,,train,images/train/cam02_20004_1493_326_167x152.jpg,vehicle_crop,1177.494,144.89,45.27,UNKNOWN,UNKNOWN,UNREADABLE_TOO_SMALL,tiny|unreadable,adjudicated_proposal,vlm,False,p000215
cam02_20005_1309_326_176x144,cam02,20005,D:\tessttt\testttttt\reports\deep\frames\cam02_0005.jpg,"[51.2, 98.2, 78.8, 106.3]",27.6,8.0,220.8,0.0087,3.45,MEDIUM,0.8524,vehicle_crop,16865.0671,145.1759,72.9089,0.0,0.6752,3.5763,FRONTAL,False,DAY,1,UNREADABLE_TOO_SMALL,,0.0,['unreadable'],False,,train,images/train/cam02_20005_1309_326_176x144.jpg,vehicle_crop,1240.678,143.29,46.1,UNKNOWN,UNKNOWN,UNREADABLE_TOO_SMALL,unreadable,adjudicated_proposal,vlm,False,p000217
cam02_20005_1370_380_218x194,cam02,20005,D:\tessttt\testttttt\reports\deep\frames\cam02_0005.jpg,"[9.0, 44.7, 17.9, 52.0]",8.9,7.3,64.97,0.0015,1.2192,VERY_SMALL,0.7892,vehicle_crop,3978.5898,141.1406,79.0124,0.0,0.6416,,UNKNOWN,False,DAY,1,UNREADABLE_TOO_SMALL,,0.0,"['tiny', 'unreadable']",False,,train,images/train/cam02_20005_1370_380_218x194.jpg,vehicle_crop,1240.678,143.29,46.1,UNKNOWN,UNKNOWN,UNREADABLE_TOO_SMALL,tiny|unreadable,adjudicated_proposal,vlm,False,p000218
cam02_20005_1370_380_218x194,cam02,20005,D:\tessttt\testttttt\reports\deep\frames\cam02_0005.jpg,"[66.5, 131.6, 101.9, 143.9]",35.4,12.2,431.88,0.0102,2.9016,MEDIUM,0.563,vehicle_crop,4259.2299,176.381,46.0545,0.0,0.6106,3.5763,FRONTAL,False,DAY,1,UNREADABLE_TOO_SMALL,,0.0,['unreadable'],False,,train,images/train/cam02_20005_1370_380_218x194.jpg,vehicle_crop,1240.678,143.29,46.1,UNKNOWN,UNKNOWN,UNREADABLE_TOO_SMALL,unreadable,adjudicated_proposal,vlm,False,p000219
cam02_20006_1088_392_250x205,cam02,20006,D:\tessttt\testttttt\reports\deep\frames\cam02_0006.jpg,"[68.5, 131.5, 105.7, 144.0]",37.2,12.5,465.0,0.0091,2.976,MEDIUM,0.8533,vehicle_crop,4580.0728,130.3035,85.1719,0.0,0.7115,0.0,FRONTAL,False,DAY,1,UNREADABLE_TOO_SMALL,,0.0,['unreadable'],False,,train,images/train/cam02_20006_1088_392_250x205.jpg,vehicle_crop,1260.52,139.76,48.12,UNKNOWN,UNKNOWN,UNREADABLE_TOO_SMALL,unreadable,adjudicated_proposal,vlm,False,p000221
cam02_20007_625_500_426x338,cam02,20007,D:\tessttt\testttttt\reports\deep\frames\cam02_0007.jpg,"[101.1, 243.6, 152.4, 261.2]",51.3,17.5,897.75,0.0062,2.9314,LARGE,0.8252,vehicle_crop,2534.9182,136.2331,87.4144,0.0,0.733,0.0,FRONTAL,False,DAY,1,UNREADABLE_TOO_SMALL,,0.0,['unreadable'],False,,train,images/train/cam02_20007_625_500_426x338.jpg,vehicle_crop,1313.635,131.59,52.89,UNKNOWN,UNKNOWN,UNREADABLE_TOO_SMALL,unreadable,adjudicated_proposal,vlm,False,p000224
cam02_20007_797_601_489x436,cam02,20007,D:\tessttt\testttttt\reports\deep\frames\cam02_0007.jpg,"[118.6, 316.6, 186.3, 345.6]",67.7,29.0,1963.3,0.0092,2.3345,LARGE,0.8999,vehicle_crop,1148.3294,150.1014,67.1939,0.0,0.7518,0.0,FRONTAL,False,DAY,1,NOT_ATTEMPTED,,0.0,[],False,,train,images/train/cam02_20007_797_601_489x436.jpg,vehicle_crop,1313.635,131.59,52.89,UNKNOWN,UNKNOWN,NOT_ATTEMPTED,none,adjudicated_proposal,vlm,False,p000223
cam02_20009_273_210_284x229,cam02,20009,D:\tessttt\testttttt\reports\deep\frames\cam02_0009.jpg,"[88.0, 142.7, 104.9, 153.9]",16.9,11.2,189.28,0.0029,1.5089,SMALL,0.8255,vehicle_crop,1812.0522,168.9716,36.7736,0.0,0.5498,,UNKNOWN,False,DAY,1,UNREADABLE_TOO_SMALL,,0.0,['unreadable'],False,,train,images/train/cam02_20009_273_210_284x229.jpg,vehicle_crop,1150.727,146.34,45.52,UNKNOWN,UNKNOWN,UNREADABLE_TOO_SMALL,unreadable,adjudicated_proposal,vlm,False,p000225
cam02_20011_728_179_351x177,cam02,20011,D:\tessttt\testttttt\reports\deep\frames\cam02_0011.jpg,"[84.1, 109.6, 97.5, 118.7]",13.4,9.1,121.94,0.002,1.4725,SMALL,0.7107,vehicle_crop,3474.7719,161.8803,55.4741,0.0,0.6139,,UNKNOWN,False,DAY,1,UNREADABLE_TOO_SMALL,,0.0,['unreadable'],False,,train,images/train/cam02_20011_728_179_351x177.jpg,vehicle_crop,1153.792,147.52,45.26,UNKNOWN,UNKNOWN,UNREADABLE_TOO_SMALL,unreadable,adjudicated_proposal,vlm,False,p000227
cam02_20012_1304_343_191x154,cam02,20012,D:\tessttt\testttttt\reports\deep\frames\cam02_0012.jpg,"[30.0, 108.5, 44.8, 112.2]",14.8,3.8,56.24,0.0019,3.8947,SMALL,0.2003,vehicle_crop,17670.7857,140.8393,73.6332,0.0,0.654,,UNKNOWN,False,DAY,1,UNREADABLE_TOO_SMALL,,0.0,"['low_confidence', 'unreadable']",False,,train,images/train/cam02_20012_1304_343_191x154.jpg,vehicle_crop,1191.906,143.65,45.8,UNKNOWN,UNKNOWN,UNREADABLE_TOO_SMALL,low_confidence|unreadable,adjudicated_proposal,vlm,False,p000228
cam02_20013_1089_396_266x225,cam02,20013,D:\tessttt\testttttt\reports\deep\frames\cam02_0013.jpg,"[70.1, 154.4, 106.7, 167.4]",36.6,13.0,475.8,0.0079,2.8154,MEDIUM,0.8662,vehicle_crop,7011.6214,142.8568,72.0836,0.0,0.6958,0.0,FRONTAL,False,DAY,1,UNREADABLE_TOO_SMALL,,0.0,['unreadable'],False,,train,images/train/cam02_20013_1089_396_266x225.jpg,vehicle_crop,1221.905,144.02,46.77,UNKNOWN,UNKNOWN,UNREADABLE_TOO_SMALL,unreadable,adjudicated_proposal,vlm,False,p000229
cam02_20014_663_533_445x328,cam02,20014,D:\tessttt\testttttt\reports\deep\frames\cam02_0014.jpg,"[99.7, 228.5, 153.2, 249.5]",53.5,21.0,1123.5,0.0077,2.5476,LARGE,0.8536,vehicle_crop,2469.8127,129.0115,76.5276,0.0,0.7469,0.0,FRONTAL,False,DAY,1,UNREADABLE_TOO_SMALL,,0.0,['unreadable'],False,,train,images/train/cam02_20014_663_533_445x328.jpg,vehicle_crop,1221.889,141.63,48.02,UNKNOWN,UNKNOWN,UNREADABLE_TOO_SMALL,unreadable,adjudicated_proposal,vlm,False,p000230
cam02_20014_1714_258_96x74,cam02,20014,D:\tessttt\testttttt\reports\deep\frames\cam02_0014.jpg,"[33.9, 47.2, 52.6, 52.3]",18.7,5.1,95.37,0.0134,3.6667,SMALL,0.7097,vehicle_crop,13580.8592,150.0316,59.6593,0.0,0.6528,,UNKNOWN,False,DAY,1,UNREADABLE_TOO_SMALL,,0.0,['unreadable'],False,,train,images/train/cam02_20014_1714_258_96x74.jpg,vehicle_crop,1221.889,141.63,48.02,UNKNOWN,UNKNOWN,UNREADABLE_TOO_SMALL,unreadable,adjudicated_proposal,vlm,False,p000231
cam02_20015_1656_280_114x94,cam02,20015,D:\tessttt\testttttt\reports\deep\frames\cam02_0015.jpg,"[39.7, 62.0, 62.2, 67.6]",22.5,5.5,123.75,0.0115,4.0909,MEDIUM,0.3008,vehicle_crop,9095.7842,161.0783,63.5588,0.0,0.6498,,UNKNOWN,False,DAY,1,UNREADABLE_TOO_SMALL,,0.0,"['low_confidence', 'unreadable']",False,,train,images/train/cam02_20015_1656_280_114x94.jpg,vehicle_crop,1097.64,139.27,46.85,UNKNOWN,UNKNOWN,UNREADABLE_TOO_SMALL,low_confidence|unreadable,adjudicated_proposal,vlm,False,p000232
cam02_20016_990_199_105x79,cam02,20016,D:\tessttt\testttttt\reports\deep\frames\cam02_0016.jpg,"[65.7, 73.6, 74.1, 76.7]",8.4,3.1,26.04,0.0031,2.7097,VERY_SMALL,0.4114,vehicle_crop,20276.439,186.5926,72.2128,0.0,0.5939,,UNKNOWN,True,DAY,1,UNREADABLE_TOO_SMALL,,0.0,"['tiny', 'partial', 'unreadable']",False,,train,images/train/cam02_20016_990_199_105x79.jpg,vehicle_crop,1175.486,147.28,45.28,UNKNOWN,UNKNOWN,UNREADABLE_TOO_SMALL,tiny|partial|unreadable,adjudicated_proposal,vlm,False,p000234
cam02_20016_1585_312_135x110,cam02,20016,D:\tessttt\testttttt\reports\deep\frames\cam02_0016.jpg,"[42.6, 73.5, 66.3, 80.2]",23.6,6.8,160.48,0.0108,3.4706,MEDIUM,0.6917,vehicle_crop,11100.4726,145.4048,69.5599,0.0,0.669,,UNKNOWN,False,DAY,1,UNREADABLE_TOO_SMALL,,0.0,['unreadable'],False,,train,images/train/cam02_20016_1585_312_135x110.jpg,vehicle_crop,1175.486,147.28,45.28,UNKNOWN,UNKNOWN,UNREADABLE_TOO_SMALL,unreadable,adjudicated_proposal,vlm,False,p000233
cam02_20019_1087_518_314x236,cam02,20019,D:\tessttt\testttttt\reports\deep\frames\cam02_0019.jpg,"[84.3, 169.3, 131.2, 184.2]",46.9,14.8,694.12,0.0094,3.1689,LARGE,0.8493,vehicle_crop,7655.7686,139.6582,81.8886,0.0,0.7212,3.5763,FRONTAL,False,DAY,1,UNREADABLE_TOO_SMALL,,0.0,['unreadable'],False,,train,images/train/cam02_20019_1087_518_314x236.jpg,vehicle_crop,1194.804,144.78,47.49,UNKNOWN,UNKNOWN,UNREADABLE_TOO_SMALL,unreadable,adjudicated_proposal,vlm,False,p000235
cam02_20019_1261_339_199x162,cam02,20019,D:\tessttt\testttttt\reports\deep\frames\cam02_0019.jpg,"[54.9, 111.3, 84.0, 119.8]",29.1,8.5,247.35,0.0077,3.4235,MEDIUM,0.7556,vehicle_crop,5573.7058,169.9625,50.1037,0.0,0.6211,0.0,FRONTAL,False,DAY,1,UNREADABLE_TOO_SMALL,,0.0,['unreadable'],False,,train,images/train/cam02_20019_1261_339_199x162.jpg,vehicle_crop,1194.804,144.78,47.49,UNKNOWN,UNKNOWN,UNREADABLE_TOO_SMALL,unreadable,adjudicated_proposal,vlm,False,p000236
cam02_20020_851_439_343x266,cam02,20020,D:\tessttt\testttttt\reports\deep\frames\cam02_0020.jpg,"[80.5, 185.2, 123.4, 199.3]",42.9,14.1,604.89,0.0066,3.0426,LARGE,0.7591,vehicle_crop,2757.9604,163.5997,65.2724,0.0,0.6871,0.0,FRONTAL,False,DAY,1,UNREADABLE_TOO_SMALL,,0.0,['unreadable'],False,,val,images/val/cam02_20020_851_439_343x266.jpg,vehicle_crop,1190.481,139.94,49.88,UNKNOWN,UNKNOWN,UNREADABLE_TOO_SMALL,unreadable,adjudicated_proposal,vlm,False,p000238
cam02_20027_172_356_191x157,cam02,20027,D:\tessttt\testttttt\reports\deep\frames\cam02_0027.jpg,"[101.5, 112.8, 116.6, 119.2]",15.1,6.4,96.64,0.0032,2.3594,SMALL,0.2451,vehicle_crop,366.1787,70.181,13.2405,0.0,0.4509,,UNKNOWN,False,DAY,1,UNREADABLE_TOO_SMALL,,0.0,"['low_light', 'low_contrast', 'low_confidence', 'unreadable']",False,,val,images/val/cam02_20027_172_356_191x157.jpg,vehicle_crop,1216.735,142.69,44.9,UNKNOWN,UNKNOWN,UNREADABLE_TOO_SMALL,low_light|low_contrast|low_confidence|unreadable,adjudicated_proposal,vlm,False,p000239
cam02_20037_933_428_326x247,cam02,20037,D:\tessttt\testttttt\reports\deep\frames\cam02_0037.jpg,"[78.3, 171.9, 121.4, 187.7]",43.1,15.8,680.98,0.0085,2.7278,LARGE,0.8545,vehicle_crop,3442.462,180.6192,57.6688,0.0,0.6607,0.0,FRONTAL,False,DAY,1,UNREADABLE_TOO_SMALL,,0.0,['unreadable'],False,,val,images/val/cam02_20037_933_428_326x247.jpg,vehicle_crop,919.692,134.45,45.6,UNKNOWN,UNKNOWN,UNREADABLE_TOO_SMALL,unreadable,adjudicated_proposal,vlm,False,p000242
cam02_20046_333_291_132x118,cam02,20046,D:\tessttt\testttttt\reports\deep\frames\cam02_0046.jpg,"[74.8, 73.6, 85.7, 76.6]",10.9,3.0,32.7,0.0021,3.6333,SMALL,0.2716,vehicle_crop,10304.6024,143.1515,46.6893,0.0,0.6011,,UNKNOWN,False,DAY,1,UNREADABLE_TOO_SMALL,,0.0,"['low_confidence', 'unreadable']",False,,val,images/val/cam02_20046_333_291_132x118.jpg,vehicle_crop,1241.456,145.98,44.85,UNKNOWN,UNKNOWN,UNREADABLE_TOO_SMALL,low_confidence|unreadable,adjudicated_proposal,vlm,False,p000245
cam02_20047_181_388_104x84,cam02,20047,D:\tessttt\testttttt\reports\deep\frames\cam02_0047.jpg,"[18.7, 37.8, 23.6, 39.6]",4.9,1.8,8.82,0.001,2.7222,EXTREMELY_TINY,0.2785,vehicle_crop,10151.69,151.8,27.8237,0.0,0.5167,,UNKNOWN,False,DAY,1,UNREADABLE_TOO_SMALL,,0.0,"['tiny', 'low_contrast', 'low_confidence', 'unreadable']",False,,val,images/val/cam02_20047_181_388_104x84.jpg,vehicle_crop,1275.282,143.62,46.16,UNKNOWN,UNKNOWN,UNREADABLE_TOO_SMALL,tiny|low_contrast|low_confidence|unreadable,adjudicated_proposal,vlm,False,p000246
cam02_20048_809_200_111x73,cam02,20048,D:\tessttt\testttttt\reports\deep\frames\cam02_0048.jpg,"[23.6, 53.3, 30.7, 56.2]",7.0,2.9,20.3,0.0025,2.4138,EXTREMELY_TINY,0.3683,vehicle_crop,14460.5351,192.3333,46.6459,0.0,0.5391,,UNKNOWN,False,DAY,1,UNREADABLE_TOO_SMALL,,0.0,"['tiny', 'unreadable']",False,,val,images/val/cam02_20048_809_200_111x73.jpg,vehicle_crop,1209.564,141.46,48.65,UNKNOWN,UNKNOWN,UNREADABLE_TOO_SMALL,tiny|unreadable,adjudicated_proposal,vlm,False,p000247
cam02_20048_809_200_111x73,cam02,20048,D:\tessttt\testttttt\reports\deep\frames\cam02_0048.jpg,"[34.7, 50.3, 40.6, 53.3]",5.9,3.0,17.7,0.0022,1.9667,EXTREMELY_TINY,0.2656,vehicle_crop,8801.1111,143.0556,31.7883,0.0,0.5415,,UNKNOWN,False,DAY,1,UNREADABLE_TOO_SMALL,,0.0,"['tiny', 'low_contrast', 'low_confidence', 'unreadable']",False,,val,images/val/cam02_20048_809_200_111x73.jpg,vehicle_crop,1209.564,141.46,48.65,UNKNOWN,UNKNOWN,UNREADABLE_TOO_SMALL,tiny|low_contrast|low_confidence|unreadable,adjudicated_proposal,vlm,False,p000248
cam02_20053_0_691_228x166,cam02,20053,D:\tessttt\testttttt\reports\deep\frames\cam02_0053.jpg,"[123.4, 63.4, 135.3, 68.5]",11.9,5.1,60.69,0.0016,2.3333,SMALL,0.7068,vehicle_crop,12418.6275,178.7333,72.9965,0.0,0.6085,,UNKNOWN,False,DAY,1,UNREADABLE_TOO_SMALL,,0.0,['unreadable'],False,,val,images/val/cam02_20053_0_691_228x166.jpg,vehicle_crop,1188.461,139.42,48.96,UNKNOWN,UNKNOWN,UNREADABLE_TOO_SMALL,unreadable,adjudicated_proposal,vlm,False,p000249
cam02_20056_879_485_330x273,cam02,20056,D:\tessttt\testttttt\reports\deep\frames\cam02_0056.jpg,"[81.7, 187.1, 127.4, 203.1]",45.6,16.1,734.16,0.0081,2.8323,LARGE,0.8394,vehicle_crop,3223.4826,158.6413,61.7176,0.0,0.6985,0.0,FRONTAL,False,DAY,1,UNREADABLE_TOO_SMALL,,0.0,['unreadable'],False,,val,images/val/cam02_20056_879_485_330x273.jpg,vehicle_crop,1268.673,141.87,47.76,UNKNOWN,UNKNOWN,UNREADABLE_TOO_SMALL,unreadable,adjudicated_proposal,vlm,False,p000252
cam02_20067_0_664_277x169,cam02,20067,D:\tessttt\testttttt\reports\deep\frames\cam02_0067.jpg,"[31.6, 108.0, 41.3, 112.4]",9.7,4.4,42.68,0.0009,2.2045,VERY_SMALL,0.2614,vehicle_crop,6184.6994,147.675,32.451,0.0,0.5467,,UNKNOWN,False,DAY,1,UNREADABLE_TOO_SMALL,,0.0,"['tiny', 'low_confidence', 'unreadable']",False,,test,images/test/cam02_20067_0_664_277x169.jpg,vehicle_crop,1233.135,139.99,49.52,UNKNOWN,UNKNOWN,UNREADABLE_TOO_SMALL,tiny|low_confidence|unreadable,adjudicated_proposal,vlm,False,p000254
cam02_20070_162_197_126x68,cam02,20070,D:\tessttt\testttttt\reports\deep\frames\cam02_0070.jpg,"[77.7, 37.3, 90.2, 43.2]",12.5,6.0,75.0,0.0088,2.0833,SMALL,0.2574,vehicle_crop,463.1823,168.2308,13.8813,0.0,0.4683,,UNKNOWN,False,DAY,1,UNREADABLE_TOO_SMALL,,0.0,"['low_contrast', 'low_confidence', 'unreadable']",False,,test,images/test/cam02_20070_162_197_126x68.jpg,vehicle_crop,1216.533,142.83,47.6,UNKNOWN,UNKNOWN,UNREADABLE_TOO_SMALL,low_contrast|low_confidence|unreadable,adjudicated_proposal,vlm,False,p000256
cam02_20074_1648_275_123x121,cam02,20074,D:\tessttt\testttttt\reports\deep\frames\cam02_0074.jpg,"[47.8, 83.6, 64.1, 88.8]",16.3,5.2,84.76,0.0057,3.1346,SMALL,0.6714,vehicle_crop,9995.2637,163.5765,39.6595,0.0,0.5673,,UNKNOWN,False,DAY,1,UNREADABLE_TOO_SMALL,,0.0,['unreadable'],False,,test,images/test/cam02_20074_1648_275_123x121.jpg,vehicle_crop,1129.897,142.22,47.2,UNKNOWN,UNKNOWN,UNREADABLE_TOO_SMALL,unreadable,adjudicated_proposal,vlm,False,p000259
cam02_20075_1525_158_207x192,cam02,20075,D:\tessttt\testttttt\reports\deep\frames\cam02_0075.jpg,"[62.9, 160.2, 76.2, 164.6]",13.3,4.4,58.52,0.0015,3.0227,SMALL,0.2743,vehicle_crop,3503.861,154.7857,48.4185,0.0,0.6001,,UNKNOWN,False,DAY,1,UNREADABLE_TOO_SMALL,,0.0,"['low_confidence', 'unreadable']",False,,test,images/test/cam02_20075_1525_158_207x192.jpg,vehicle_crop,1113.695,141.69,46.45,UNKNOWN,UNKNOWN,UNREADABLE_TOO_SMALL,low_confidence|unreadable,adjudicated_proposal,vlm,False,p000260
cam02_20075_1583_282_155x168,cam02,20075,D:\tessttt\testttttt\reports\deep\frames\cam02_0075.jpg,"[64.6, 122.0, 73.6, 126.8]",8.9,4.8,42.72,0.0016,1.8542,VERY_SMALL,0.2035,vehicle_crop,3583.4159,158.8889,27.2384,0.0,0.515,,UNKNOWN,False,DAY,1,UNREADABLE_TOO_SMALL,,0.0,"['tiny', 'low_contrast', 'low_confidence', 'unreadable']",False,,test,images/test/cam02_20075_1583_282_155x168.jpg,vehicle_crop,1113.695,141.69,46.45,UNKNOWN,UNKNOWN,UNREADABLE_TOO_SMALL,tiny|low_contrast|low_confidence|unreadable,adjudicated_proposal,vlm,False,p000261
cam02_20076_1365_166_310x270,cam02,20076,D:\tessttt\testttttt\reports\deep\frames\cam02_0076.jpg,"[264.5, 126.1, 280.6, 130.8]",16.0,4.7,75.2,0.0009,3.4043,SMALL,0.6287,vehicle_crop,14226.9724,155.9375,44.8497,0.0,0.5909,,UNKNOWN,False,DAY,1,UNREADABLE_TOO_SMALL,,0.0,['unreadable'],False,,test,images/test/cam02_20076_1365_166_310x270.jpg,vehicle_crop,1200.326,142.8,45.51,UNKNOWN,UNKNOWN,UNREADABLE_TOO_SMALL,unreadable,adjudicated_proposal,vlm,False,p000262
cam02_20076_1365_166_310x270,cam02,20076,D:\tessttt\testttttt\reports\deep\frames\cam02_0076.jpg,"[83.8, 217.7, 108.8, 225.7]",25.0,8.0,200.0,0.0024,3.125,MEDIUM,0.4576,vehicle_crop,12821.4456,102.205,57.7583,0.0,0.6543,4.3987,FRONTAL,False,DAY,1,UNREADABLE_TOO_SMALL,,0.0,['unreadable'],False,,test,images/test/cam02_20076_1365_166_310x270.jpg,vehicle_crop,1200.326,142.8,45.51,UNKNOWN,UNKNOWN,UNREADABLE_TOO_SMALL,unreadable,adjudicated_proposal,vlm,False,p000263
cam02_20076_1464_349_194x195,cam02,20076,D:\tessttt\testttttt\reports\deep\frames\cam02_0076.jpg,"[59.2, 136.8, 90.3, 146.6]",31.1,9.8,304.78,0.0081,3.1735,MEDIUM,0.3231,vehicle_crop,10787.3546,166.0258,60.3683,0.0,0.6604,0.0,FRONTAL,False,DAY,1,UNREADABLE_TOO_SMALL,,0.0,"['low_confidence', 'unreadable']",False,,test,images/test/cam02_20076_1464_349_194x195.jpg,vehicle_crop,1200.326,142.8,45.51,UNKNOWN,UNKNOWN,UNREADABLE_TOO_SMALL,low_confidence|unreadable,adjudicated_proposal,vlm,False,p000264
cam02_20077_1104_188_484x386,cam02,20077,D:\tessttt\testttttt\reports\deep\frames\cam02_0077.jpg,"[437.5, 145.7, 458.1, 153.1]",20.7,7.4,153.18,0.0008,2.7973,SMALL,0.3706,vehicle_crop,10834.1182,145.6964,79.3778,0.0,0.6626,0.0,FRONTAL,False,DAY,1,UNREADABLE_TOO_SMALL,,0.0,['unreadable'],False,,test,images/test/cam02_20077_1104_188_484x386.jpg,vehicle_crop,1165.442,143.31,46.62,UNKNOWN,UNKNOWN,UNREADABLE_TOO_SMALL,unreadable,adjudicated_proposal,vlm,False,p000266
cam02_20077_1319_411_252x253,cam02,20077,D:\tessttt\testttttt\reports\deep\frames\cam02_0077.jpg,"[73.1, 180.1, 112.8, 193.6]",39.6,13.5,534.6,0.0084,2.9333,MEDIUM,0.707,vehicle_crop,7847.0779,156.5641,68.8828,0.0,0.6868,0.0,FRONTAL,False,DAY,1,UNREADABLE_TOO_SMALL,,0.0,['unreadable'],False,,test,images/test/cam02_20077_1319_411_252x253.jpg,vehicle_crop,1165.442,143.31,46.62,UNKNOWN,UNKNOWN,UNREADABLE_TOO_SMALL,unreadable,adjudicated_proposal,vlm,False,p000265
cam02_20078_1161_473_327x334,cam02,20078,D:\tessttt\testttttt\reports\deep\frames\cam02_0078.jpg,"[91.8, 239.7, 141.1, 258.0]",49.3,18.3,902.19,0.0083,2.694,LARGE,0.8753,vehicle_crop,3711.6303,150.0232,68.1107,0.0,0.7159,0.0,FRONTAL,False,DAY,1,UNREADABLE_TOO_SMALL,,0.0,['unreadable'],False,,test,images/test/cam02_20078_1161_473_327x334.jpg,vehicle_crop,1065.611,138.24,51.63,UNKNOWN,UNKNOWN,UNREADABLE_TOO_SMALL,unreadable,adjudicated_proposal,vlm,False,p000267
cam02_20084_388_480_83x102,cam02,20084,D:\tessttt\testttttt\reports\deep\frames\cam02_0084.jpg,"[43.7, 32.1, 49.6, 34.2]",5.9,2.0,11.8,0.0014,2.95,EXTREMELY_TINY,0.2302,vehicle_crop,2743.6667,109.5,18.0485,0.0,0.4919,,UNKNOWN,False,DAY,1,UNREADABLE_TOO_SMALL,,0.0,"['tiny', 'low_contrast', 'low_confidence', 'unreadable']",False,,train,images/train/cam02_20084_388_480_83x102.jpg,vehicle_crop,1123.011,146.01,44.76,UNKNOWN,UNKNOWN,UNREADABLE_TOO_SMALL,tiny|low_contrast|low_confidence|unreadable,adjudicated_proposal,vlm,False,p000270
cam02_20093_158_196_132x75,cam02,20093,D:\tessttt\testttttt\reports\deep\frames\cam02_0093.jpg,"[82.1, 45.9, 91.2, 50.9]",9.1,5.1,46.41,0.0047,1.7843,VERY_SMALL,0.4011,vehicle_crop,979.7165,83.4889,30.2241,0.0,0.5101,,UNKNOWN,False,DAY,1,UNREADABLE_TOO_SMALL,,0.0,"['tiny', 'low_light', 'low_contrast', 'unreadable']",False,,train,images/train/cam02_20093_158_196_132x75.jpg,vehicle_crop,1213.589,145.71,45.23,UNKNOWN,UNKNOWN,UNREADABLE_TOO_SMALL,tiny|low_light|low_contrast|unreadable,adjudicated_proposal,vlm,False,p000271
cam02_20094_1494_274_116x121,cam02,20094,D:\tessttt\testttttt\reports\deep\frames\cam02_0094.jpg,"[39.1, 74.8, 56.4, 80.5]",17.3,5.7,98.61,0.007,3.0351,SMALL,0.3831,vehicle_crop,11576.8505,68.5,60.8658,0.0,0.6089,,UNKNOWN,False,DAY,1,UNREADABLE_TOO_SMALL,,0.0,"['low_light', 'unreadable']",False,,train,images/train/cam02_20094_1494_274_116x121.jpg,vehicle_crop,1015.605,145.37,45.16,UNKNOWN,UNKNOWN,UNREADABLE_TOO_SMALL,low_light|unreadable,adjudicated_proposal,vlm,False,p000272
cam02_20094_1494_274_116x121,cam02,20094,D:\tessttt\testttttt\reports\deep\frames\cam02_0094.jpg,"[27.5, 79.1, 37.2, 85.9]",9.8,6.8,66.64,0.0047,1.4412,VERY_SMALL,0.2668,vehicle_crop,3182.1608,86.0833,47.193,0.0,0.5715,,UNKNOWN,False,DAY,1,UNREADABLE_TOO_SMALL,,0.0,"['tiny', 'low_confidence', 'unreadable']",False,,train,images/train/cam02_20094_1494_274_116x121.jpg,vehicle_crop,1015.605,145.37,45.16,UNKNOWN,UNKNOWN,UNREADABLE_TOO_SMALL,tiny|low_confidence|unreadable,adjudicated_proposal,vlm,False,p000273
cam02_20099_270_739_345x230,cam02,20099,D:\tessttt\testttttt\reports\deep\frames\cam02_0099.jpg,"[107.2, 160.1, 128.8, 168.5]",21.6,8.4,181.44,0.0023,2.5714,SMALL,0.3288,vehicle_crop,1090.1066,74.75,36.2052,0.0,0.5444,0.0,FRONTAL,False,DAY,1,UNREADABLE_TOO_SMALL,,0.0,"['low_light', 'low_confidence', 'unreadable']",False,,train,images/train/cam02_20099_270_739_345x230.jpg,vehicle_crop,909.725,138.76,50.18,UNKNOWN,UNKNOWN,UNREADABLE_TOO_SMALL,low_light|low_confidence|unreadable,adjudicated_proposal,vlm,False,p000277
cam02_20099_270_739_345x230,cam02,20099,D:\tessttt\testttttt\reports\deep\frames\cam02_0099.jpg,"[78.8, 183.7, 95.6, 190.1]",16.8,6.3,105.84,0.0013,2.6667,SMALL,0.2088,vehicle_crop,1312.6416,78.7647,32.5312,0.0,0.5286,,UNKNOWN,False,DAY,1,UNREADABLE_TOO_SMALL,,0.0,"['low_light', 'low_confidence', 'unreadable']",False,,train,images/train/cam02_20099_270_739_345x230.jpg,vehicle_crop,909.725,138.76,50.18,UNKNOWN,UNKNOWN,UNREADABLE_TOO_SMALL,low_light|low_confidence|unreadable,adjudicated_proposal,vlm,False,p000278
cam02_20099_404_213_713x396,cam02,20099,D:\tessttt\testttttt\reports\deep\frames\cam02_0099.jpg,"[163.0, 314.0, 190.0, 330.0]",27.0,16.0,432.0,0.0015,1.6875,MEDIUM,0.6029,vehicle_crop,2034.4628,143.6088,41.9571,0.0,0.6168,0.0,FRONTAL,False,DAY,1,UNREADABLE_TOO_SMALL,,0.0,['unreadable'],False,,train,images/train/cam02_20099_404_213_713x396.jpg,vehicle_crop,909.725,138.76,50.18,UNKNOWN,UNKNOWN,UNREADABLE_TOO_SMALL,unreadable,adjudicated_proposal,vlm,False,p000276
cam02_20099_1432_199_324x311,cam02,20099,D:\tessttt\testttttt\reports\deep\frames\cam02_0099.jpg,"[100.8, 238.0, 120.6, 247.9]",19.7,9.9,195.03,0.0019,1.9899,SMALL,0.7935,vehicle_crop,6699.6802,126.75,52.292,0.0,0.6529,0.0,FRONTAL,False,DAY,1,UNREADABLE_TOO_SMALL,,0.0,['unreadable'],False,,train,images/train/cam02_20099_1432_199_324x311.jpg,vehicle_crop,909.725,138.76,50.18,UNKNOWN,UNKNOWN,UNREADABLE_TOO_SMALL,unreadable,adjudicated_proposal,vlm,False,p000275
cam02_20100_1256_221_436x391,cam02,20100,D:\tessttt\testttttt\reports\deep\frames\cam02_0100.jpg,"[128.4, 307.3, 154.2, 321.2]",25.9,13.9,360.01,0.0021,1.8633,MEDIUM,0.7836,vehicle_crop,3580.4221,123.8791,53.9084,0.0,0.6672,3.5763,FRONTAL,False,DAY,1,UNREADABLE_TOO_SMALL,,0.0,['unreadable'],False,,val,images/val/cam02_20100_1256_221_436x391.jpg,vehicle_crop,714.628,130.87,51.16,UNKNOWN,UNKNOWN,UNREADABLE_TOO_SMALL,unreadable,adjudicated_proposal,vlm,False,p000279
cam02_20101_944_230_666x570,cam02,20101,D:\tessttt\testttttt\reports\deep\frames\cam02_0101.jpg,"[177.0, 466.0, 213.0, 484.0]",36.0,18.0,648.0,0.0017,2.0,MEDIUM,0.8163,vehicle_crop,4235.0589,119.2531,59.9973,0.0,0.7024,4.3987,FRONTAL,False,DAY,1,UNREADABLE_TOO_SMALL,,0.0,['unreadable'],False,,val,images/val/cam02_20101_944_230_666x570.jpg,vehicle_crop,1068.28,142.92,49.85,UNKNOWN,UNKNOWN,UNREADABLE_TOO_SMALL,unreadable,adjudicated_proposal,vlm,False,p000280
cam02_20105_761_514_490x400,cam02,20105,D:\tessttt\testttttt\reports\deep\frames\cam02_0105.jpg,"[112.1, 290.7, 166.5, 314.5]",54.4,23.8,1294.72,0.0066,2.2857,LARGE,0.8022,vehicle_crop,3240.226,174.2747,57.8958,0.0,0.6904,0.0,FRONTAL,False,DAY,1,UNREADABLE_TOO_SMALL,,0.0,['unreadable'],False,,val,images/val/cam02_20105_761_514_490x400.jpg,vehicle_crop,992.799,135.47,46.7,UNKNOWN,UNKNOWN,UNREADABLE_TOO_SMALL,unreadable,adjudicated_proposal,vlm,False,p000281
cam02_20110_1399_303_167x141,cam02,20110,D:\tessttt\testttttt\reports\deep\frames\cam02_0110.jpg,"[7.0, 63.2, 13.1, 66.5]",6.1,3.3,20.13,0.0009,1.8485,EXTREMELY_TINY,0.2968,vehicle_crop,32819.2747,189.5,70.9243,0.0,0.5847,,UNKNOWN,False,DAY,1,UNREADABLE_TOO_SMALL,,0.0,"['tiny', 'low_confidence', 'unreadable']",False,,val,images/val/cam02_20110_1399_303_167x141.jpg,vehicle_crop,1199.693,136.3,44.9,UNKNOWN,UNKNOWN,UNREADABLE_TOO_SMALL,tiny|low_confidence|unreadable,adjudicated_proposal,vlm,False,p000284
cam02_20112_0_701_133x143,cam02,20112,D:\tessttt\testttttt\reports\deep\frames\cam02_0112.jpg,"[15.8, 87.4, 22.1, 90.5]",6.3,3.0,18.9,0.001,2.1,EXTREMELY_TINY,0.3482,vehicle_crop,10552.3946,121.3333,46.9877,0.0,0.6033,,UNKNOWN,False,DAY,1,UNREADABLE_TOO_SMALL,,0.0,"['tiny', 'low_confidence', 'unreadable']",False,,val,images/val/cam02_20112_0_701_133x143.jpg,vehicle_crop,1021.659,143.11,47.84,UNKNOWN,UNKNOWN,UNREADABLE_TOO_SMALL,tiny|low_confidence|unreadable,adjudicated_proposal,vlm,False,p000286
cam02_20112_1584_250_104x77,cam02,20112,D:\tessttt\testttttt\reports\deep\frames\cam02_0112.jpg,"[27.9, 57.9, 35.9, 60.4]",8.0,2.6,20.8,0.0026,3.0769,VERY_SMALL,0.4415,vehicle_crop,33138.3056,181.125,55.5475,0.0,0.5831,,UNKNOWN,False,DAY,1,UNREADABLE_TOO_SMALL,,0.0,"['tiny', 'unreadable']",False,,val,images/val/cam02_20112_1584_250_104x77.jpg,vehicle_crop,1021.659,143.11,47.84,UNKNOWN,UNKNOWN,UNREADABLE_TOO_SMALL,tiny|unreadable,adjudicated_proposal,vlm,False,p000285
cam02_20114_1361_326_154x120,cam02,20114,D:\tessttt\testttttt\reports\deep\frames\cam02_0114.jpg,"[46.9, 82.1, 71.1, 88.5]",24.2,6.4,154.88,0.0084,3.7812,MEDIUM,0.6505,vehicle_crop,11483.1269,169.9467,45.4378,0.0,0.5956,,UNKNOWN,False,DAY,1,UNREADABLE_TOO_SMALL,,0.0,['unreadable'],False,,val,images/val/cam02_20114_1361_326_154x120.jpg,vehicle_crop,1185.705,146.71,45.99,UNKNOWN,UNKNOWN,UNREADABLE_TOO_SMALL,unreadable,adjudicated_proposal,vlm,False,p000287
cam02_20115_1164_392_218x164,cam02,20115,D:\tessttt\testttttt\reports\deep\frames\cam02_0115.jpg,"[60.2, 109.8, 91.3, 118.7]",31.1,8.9,276.79,0.0077,3.4944,MEDIUM,0.731,vehicle_crop,12089.7742,170.0143,63.9671,0.0,0.656,4.3987,FRONTAL,False,DAY,1,UNREADABLE_TOO_SMALL,,0.0,['unreadable'],False,,val,images/val/cam02_20115_1164_392_218x164.jpg,vehicle_crop,1169.831,147.0,45.68,UNKNOWN,UNKNOWN,UNREADABLE_TOO_SMALL,unreadable,adjudicated_proposal,vlm,False,p000288
cam02_20116_936_455_285x225,cam02,20116,D:\tessttt\testttttt\reports\deep\frames\cam02_0116.jpg,"[73.1, 154.5, 114.3, 167.1]",41.2,12.6,519.12,0.0081,3.2698,MEDIUM,0.7746,vehicle_crop,5771.9359,157.8124,74.1241,0.0,0.6894,5.7106,SLIGHT,False,DAY,1,UNREADABLE_TOO_SMALL,,0.0,['unreadable'],False,,val,images/val/cam02_20116_936_455_285x225.jpg,vehicle_crop,1106.194,147.0,45.69,UNKNOWN,UNKNOWN,UNREADABLE_TOO_SMALL,unreadable,adjudicated_proposal,vlm,False,p000289
cam02_20120_1059_655_254x144,cam02,20120,D:\tessttt\testttttt\reports\deep\frames\cam02_0120.jpg,"[170.8, 80.2, 187.0, 89.9]",16.2,9.7,157.14,0.0043,1.6701,SMALL,0.5377,vehicle_crop,3689.6194,100.6993,39.8337,0.0,0.5769,,UNKNOWN,False,DAY,1,UNREADABLE_TOO_SMALL,,0.0,['unreadable'],False,,train,images/train/cam02_20120_1059_655_254x144.jpg,vehicle_crop,1228.063,145.79,46.06,UNKNOWN,UNKNOWN,UNREADABLE_TOO_SMALL,unreadable,adjudicated_proposal,vlm,False,p000293
cam03_30032_645_112_124x234,cam03,30032,D:\tessttt\testttttt\reports\deep\frames\cam03_0032.jpg,"[70.3, 170.3, 93.9, 185.7]",23.6,15.3,361.08,0.0124,1.5425,MEDIUM,0.6589,vehicle_crop,7912.1583,184.6841,66.2072,0.0,0.624,0.0,FRONTAL,False,DAY,1,UNREADABLE_TOO_SMALL,,0.0,['unreadable'],False,,train,images/train/cam03_30032_645_112_124x234.jpg,vehicle_crop,6506.26,131.0,53.92,UNKNOWN,UNKNOWN,UNREADABLE_TOO_SMALL,unreadable,adjudicated_proposal,vlm,False,p000294
cam03_30077_707_100_104x142,cam03,30077,D:\tessttt\testttttt\reports\deep\frames\cam03_0077.jpg,"[28.8, 26.3, 35.0, 28.6]",6.2,2.4,14.88,0.001,2.5833,EXTREMELY_TINY,0.2649,vehicle_crop,73845.9592,149.2857,75.1032,0.0,0.6307,,UNKNOWN,False,DAY,1,UNREADABLE_TOO_SMALL,,0.0,"['tiny', 'low_confidence', 'unreadable']",False,,train,images/train/cam03_30077_707_100_104x142.jpg,vehicle_crop,7416.886,125.77,53.69,UNKNOWN,UNKNOWN,UNREADABLE_TOO_SMALL,tiny|low_confidence|unreadable,adjudicated_proposal,vlm,False,p000295
cam04_40001_571_153_87x102,cam04,40001,D:\tessttt\testttttt\reports\deep\frames\cam04_0001.jpg,"[40.9, 76.7, 46.3, 81.2]",5.5,4.5,24.75,0.0028,1.2222,EXTREMELY_TINY,0.2018,vehicle_crop,782.1822,59.7667,24.2414,0.0,0.4582,,UNKNOWN,False,DAY,1,UNREADABLE_TOO_SMALL,,0.0,"['tiny', 'low_light', 'low_contrast', 'low_confidence', 'unreadable']",False,,train,images/train/cam04_40001_571_153_87x102.jpg,vehicle_crop,2494.161,112.3,57.22,UNKNOWN,UNKNOWN,UNREADABLE_TOO_SMALL,tiny|low_light|low_contrast|low_confidence|unreadable,adjudicated_proposal,vlm,False,p000299
cam04_40002_1039_68_96x124,cam04,40002,D:\tessttt\testttttt\reports\deep\frames\cam04_0002.jpg,"[40.3, 95.4, 48.8, 100.1]",8.5,4.7,39.95,0.0034,1.8085,VERY_SMALL,0.7687,vehicle_crop,8692.49,89.375,50.8354,0.0,0.5832,,UNKNOWN,False,DAY,1,UNREADABLE_TOO_SMALL,,0.0,"['tiny', 'unreadable']",False,,train,images/train/cam04_40002_1039_68_96x124.jpg,vehicle_crop,2588.252,114.03,59.16,UNKNOWN,UNKNOWN,UNREADABLE_TOO_SMALL,tiny|unreadable,adjudicated_proposal,vlm,False,p000300
cam04_40013_785_34_137x113,cam04,40013,D:\tessttt\testttttt\reports\deep\frames\cam04_0013.jpg,"[26.5, 81.3, 34.8, 85.8]",8.3,4.6,38.18,0.0025,1.8043,VERY_SMALL,0.2028,vehicle_crop,5986.75,197.9062,27.0917,0.0,0.4698,,UNKNOWN,False,DAY,1,UNREADABLE_TOO_SMALL,,0.0,"['tiny', 'low_contrast', 'low_confidence', 'unreadable']",False,,train,images/train/cam04_40013_785_34_137x113.jpg,vehicle_crop,2724.613,112.29,53.93,UNKNOWN,UNKNOWN,UNREADABLE_TOO_SMALL,tiny|low_contrast|low_confidence|unreadable,adjudicated_proposal,vlm,False,p000305
cam04_40027_81_238_157x146,cam04,40027,D:\tessttt\testttttt\reports\deep\frames\cam04_0027.jpg,"[47.8, 93.4, 64.8, 98.5]",17.0,5.0,85.0,0.0037,3.4,SMALL,0.7763,vehicle_crop,6875.0159,88.7882,34.83,0.0,0.5472,,UNKNOWN,False,DAY,1,UNREADABLE_TOO_SMALL,,0.0,['unreadable'],False,,train,images/train/cam04_40027_81_238_157x146.jpg,vehicle_crop,3055.575,112.81,57.32,UNKNOWN,UNKNOWN,UNREADABLE_TOO_SMALL,unreadable,adjudicated_proposal,vlm,False,p000320
cam04_40027_438_159_92x67,cam04,40027,D:\tessttt\testttttt\reports\deep\frames\cam04_0027.jpg,"[25.7, 44.8, 42.0, 49.0]",16.4,4.2,68.88,0.0112,3.9048,SMALL,0.8111,vehicle_crop,44625.4538,163.0706,92.1447,0.0,0.6356,,UNKNOWN,False,DAY,1,UNREADABLE_TOO_SMALL,,0.0,['unreadable'],False,,train,images/train/cam04_40027_438_159_92x67.jpg,vehicle_crop,3055.575,112.81,57.32,UNKNOWN,UNKNOWN,UNREADABLE_TOO_SMALL,unreadable,adjudicated_proposal,vlm,False,p000319
cam04_40027_438_159_92x67,cam04,40027,D:\tessttt\testttttt\reports\deep\frames\cam04_0027.jpg,"[33.6, 53.2, 38.1, 55.8]",4.5,2.7,12.15,0.002,1.6667,EXTREMELY_TINY,0.7547,vehicle_crop,10931.16,182.1,33.1465,0.0,0.5013,,UNKNOWN,False,DAY,1,UNREADABLE_TOO_SMALL,,0.0,"['tiny', 'unreadable']",False,,train,images/train/cam04_40027_438_159_92x67.jpg,vehicle_crop,3055.575,112.81,57.32,UNKNOWN,UNKNOWN,UNREADABLE_TOO_SMALL,tiny|unreadable,adjudicated_proposal,vlm,False,p000321
cam04_40027_495_272_140x178,cam04,40027,D:\tessttt\testttttt\reports\deep\frames\cam04_0027.jpg,"[104.5, 118.5, 117.5, 126.4]",13.0,7.9,102.7,0.0041,1.6456,SMALL,0.2096,vehicle_crop,19296.2632,137.9231,65.7356,0.0,0.6551,,UNKNOWN,False,DAY,1,UNREADABLE_TOO_SMALL,,0.0,"['low_confidence', 'unreadable']",False,,train,images/train/cam04_40027_495_272_140x178.jpg,vehicle_crop,3055.575,112.81,57.32,UNKNOWN,UNKNOWN,UNREADABLE_TOO_SMALL,low_confidence|unreadable,adjudicated_proposal,vlm,False,p000325
cam04_40027_1351_215_126x90,cam04,40027,D:\tessttt\testttttt\reports\deep\frames\cam04_0027.jpg,"[92.6, 63.5, 101.0, 67.7]",8.5,4.2,35.7,0.0031,2.0238,VERY_SMALL,0.5568,vehicle_crop,2284.8395,32.7778,19.7697,0.0,0.4197,,UNKNOWN,False,DAY,1,UNREADABLE_TOO_SMALL,,0.0,"['tiny', 'low_light', 'low_contrast', 'unreadable']",False,,train,images/train/cam04_40027_1351_215_126x90.jpg,vehicle_crop,3055.575,112.81,57.32,UNKNOWN,UNKNOWN,UNREADABLE_TOO_SMALL,tiny|low_light|low_contrast|unreadable,adjudicated_proposal,vlm,False,p000322
cam04_40028_437_158_97x71,cam04,40028,D:\tessttt\testttttt\reports\deep\frames\cam04_0028.jpg,"[26.5, 45.8, 43.1, 50.4]",16.6,4.6,76.36,0.0111,3.6087,SMALL,0.8646,vehicle_crop,44855.5247,162.9059,92.3075,0.0,0.6358,,UNKNOWN,False,DAY,1,UNREADABLE_TOO_SMALL,,0.0,['unreadable'],False,,train,images/train/cam04_40028_437_158_97x71.jpg,vehicle_crop,2683.917,114.09,56.16,UNKNOWN,UNKNOWN,UNREADABLE_TOO_SMALL,unreadable,adjudicated_proposal,vlm,False,p000326
cam04_40028_1350_215_127x90,cam04,40028,D:\tessttt\testttttt\reports\deep\frames\cam04_0028.jpg,"[93.7, 63.8, 102.0, 67.9]",8.3,4.1,34.03,0.003,2.0244,VERY_SMALL,0.5155,vehicle_crop,2284.8395,32.7778,19.7697,0.0,0.4197,,UNKNOWN,False,DAY,1,UNREADABLE_TOO_SMALL,,0.0,"['tiny', 'low_light', 'low_contrast', 'unreadable']",False,,train,images/train/cam04_40028_1350_215_127x90.jpg,vehicle_crop,2683.917,114.09,56.16,UNKNOWN,UNKNOWN,UNREADABLE_TOO_SMALL,tiny|low_light|low_contrast|unreadable,adjudicated_proposal,vlm,False,p000328
cam04_40029_437_159_102x60,cam04,40029,D:\tessttt\testttttt\reports\deep\frames\cam04_0029.jpg,"[26.5, 44.9, 42.9, 49.2]",16.4,4.4,72.16,0.0118,3.7273,SMALL,0.8129,vehicle_crop,47319.2048,165.275,91.7544,0.0,0.6312,,UNKNOWN,False,DAY,1,UNREADABLE_TOO_SMALL,,0.0,['unreadable'],False,,train,images/train/cam04_40029_437_159_102x60.jpg,vehicle_crop,2685.24,114.32,56.14,UNKNOWN,UNKNOWN,UNREADABLE_TOO_SMALL,unreadable,adjudicated_proposal,vlm,False,p000330
cam04_40029_1350_215_127x90,cam04,40029,D:\tessttt\testttttt\reports\deep\frames\cam04_0029.jpg,"[93.7, 63.8, 102.2, 67.9]",8.5,4.1,34.85,0.003,2.0732,VERY_SMALL,0.5061,vehicle_crop,2284.8395,32.7778,19.7697,0.0,0.4197,,UNKNOWN,False,DAY,1,UNREADABLE_TOO_SMALL,,0.0,"['tiny', 'low_light', 'low_contrast', 'unreadable']",False,,train,images/train/cam04_40029_1350_215_127x90.jpg,vehicle_crop,2685.24,114.32,56.14,UNKNOWN,UNKNOWN,UNREADABLE_TOO_SMALL,tiny|low_light|low_contrast|unreadable,adjudicated_proposal,vlm,False,p000331
cam04_40030_438_159_99x65,cam04,40030,D:\tessttt\testttttt\reports\deep\frames\cam04_0030.jpg,"[25.6, 44.8, 42.0, 49.0]",16.3,4.2,68.46,0.0106,3.881,SMALL,0.8566,vehicle_crop,44855.5247,162.9059,92.3075,0.0,0.6358,,UNKNOWN,False,DAY,1,UNREADABLE_TOO_SMALL,,0.0,['unreadable'],False,,train,images/train/cam04_40030_438_159_99x65.jpg,vehicle_crop,2579.003,114.76,56.64,UNKNOWN,UNKNOWN,UNREADABLE_TOO_SMALL,unreadable,adjudicated_proposal,vlm,False,p000333
cam04_40031_361_179_124x115,cam04,40031,D:\tessttt\testttttt\reports\deep\frames\cam04_0031.jpg,"[34.7, 90.9, 41.3, 96.0]",6.6,5.1,33.66,0.0024,1.2941,EXTREMELY_TINY,0.3019,vehicle_crop,26412.4739,95.3095,62.672,0.0,0.6182,,UNKNOWN,False,DAY,1,UNREADABLE_TOO_SMALL,,0.0,"['tiny', 'low_confidence', 'unreadable']",False,,train,images/train/cam04_40031_361_179_124x115.jpg,vehicle_crop,2748.105,119.18,57.76,UNKNOWN,UNKNOWN,UNREADABLE_TOO_SMALL,tiny|low_confidence|unreadable,adjudicated_proposal,vlm,False,p000336
cam04_40031_439_159_93x67,cam04,40031,D:\tessttt\testttttt\reports\deep\frames\cam04_0031.jpg,"[29.0, 44.7, 41.1, 49.3]",12.0,4.5,54.0,0.0087,2.6667,SMALL,0.3468,vehicle_crop,32213.5289,171.3833,88.8041,0.0,0.6165,,UNKNOWN,False,DAY,1,UNREADABLE_TOO_SMALL,,0.0,"['low_confidence', 'unreadable']",False,,train,images/train/cam04_40031_439_159_93x67.jpg,vehicle_crop,2748.105,119.18,57.76,UNKNOWN,UNKNOWN,UNREADABLE_TOO_SMALL,low_confidence|unreadable,adjudicated_proposal,vlm,False,p000335
cam04_40031_700_140_116x79,cam04,40031,D:\tessttt\testttttt\reports\deep\frames\cam04_0031.jpg,"[35.6, 41.2, 52.0, 45.9]",16.4,4.8,78.72,0.0086,3.4167,SMALL,0.5833,vehicle_crop,7532.0813,214.8676,35.1212,0.0,0.4961,,UNKNOWN,False,DAY,1,UNREADABLE_TOO_SMALL,,0.0,"['overexposed', 'unreadable']",False,,train,images/train/cam04_40031_700_140_116x79.jpg,vehicle_crop,2748.105,119.18,57.76,UNKNOWN,UNKNOWN,UNREADABLE_TOO_SMALL,overexposed|unreadable,adjudicated_proposal,vlm,False,p000334
cam04_40032_438_158_98x68,cam04,40032,D:\tessttt\testttttt\reports\deep\frames\cam04_0032.jpg,"[29.9, 45.8, 42.0, 50.4]",12.1,4.6,55.66,0.0084,2.6304,SMALL,0.2769,vehicle_crop,37917.5607,168.1692,89.0805,0.0,0.6221,,UNKNOWN,False,DAY,1,UNREADABLE_TOO_SMALL,,0.0,"['low_confidence', 'unreadable']",False,,train,images/train/cam04_40032_438_158_98x68.jpg,vehicle_crop,2744.126,120.28,58.03,UNKNOWN,UNKNOWN,UNREADABLE_TOO_SMALL,low_confidence|unreadable,adjudicated_proposal,vlm,False,p000337
cam04_40033_438_158_98x68,cam04,40033,D:\tessttt\testttttt\reports\deep\frames\cam04_0033.jpg,"[29.9, 45.8, 42.0, 50.4]",12.1,4.6,55.66,0.0084,2.6304,SMALL,0.2769,vehicle_crop,37917.5607,168.1692,89.0805,0.0,0.6221,,UNKNOWN,False,DAY,1,UNREADABLE_TOO_SMALL,,0.0,"['low_confidence', 'unreadable']",False,,train,images/train/cam04_40033_438_158_98x68.jpg,vehicle_crop,2744.126,120.28,58.03,UNKNOWN,UNKNOWN,UNREADABLE_TOO_SMALL,low_confidence|unreadable,adjudicated_proposal,vlm,False,p000338
cam04_40037_438_159_93x69,cam04,40037,D:\tessttt\testttttt\reports\deep\frames\cam04_0037.jpg,"[25.8, 44.9, 42.0, 49.0]",16.3,4.1,66.83,0.0104,3.9756,SMALL,0.4596,vehicle_crop,41255.595,160.8118,90.6754,0.0,0.6381,,UNKNOWN,False,DAY,1,UNREADABLE_TOO_SMALL,,0.0,['unreadable'],False,,train,images/train/cam04_40037_438_159_93x69.jpg,vehicle_crop,2756.538,126.4,58.09,UNKNOWN,UNKNOWN,UNREADABLE_TOO_SMALL,unreadable,adjudicated_proposal,vlm,False,p000339
cam04_40055_851_148_115x120,cam04,40055,D:\tessttt\testttttt\reports\deep\frames\cam04_0055.jpg,"[36.6, 78.9, 53.6, 84.1]",17.0,5.1,86.7,0.0063,3.3333,SMALL,0.5675,vehicle_crop,43046.1447,146.6765,80.7718,0.0,0.6536,,UNKNOWN,False,DIM,1,UNREADABLE_TOO_SMALL,,0.0,['unreadable'],False,,train,images/train/cam04_40055_851_148_115x120.jpg,vehicle_crop,3456.14,102.23,73.33,UNKNOWN,UNKNOWN,UNREADABLE_TOO_SMALL,unreadable,adjudicated_proposal,vlm,False,p000340
cam04_40055_851_148_115x120,cam04,40055,D:\tessttt\testttttt\reports\deep\frames\cam04_0055.jpg,"[43.2, 88.4, 51.9, 92.1]",8.8,3.7,32.56,0.0024,2.3784,VERY_SMALL,0.2424,vehicle_crop,43332.8711,172.0938,80.2357,0.0,0.6078,,UNKNOWN,False,DIM,1,UNREADABLE_TOO_SMALL,,0.0,"['tiny', 'low_confidence', 'unreadable']",False,,train,images/train/cam04_40055_851_148_115x120.jpg,vehicle_crop,3456.14,102.23,73.33,UNKNOWN,UNKNOWN,UNREADABLE_TOO_SMALL,tiny|low_confidence|unreadable,adjudicated_proposal,vlm,False,p000343
cam04_40055_1391_239_145x118,cam04,40055,D:\tessttt\testttttt\reports\deep\frames\cam04_0055.jpg,"[92.2, 17.8, 97.5, 19.8]",5.3,2.0,10.6,0.0006,2.65,EXTREMELY_TINY,0.371,vehicle_crop,4439.56,151.9,16.3918,0.0,0.4785,,UNKNOWN,False,DIM,1,UNREADABLE_TOO_SMALL,,0.0,"['tiny', 'low_contrast', 'unreadable']",False,,train,images/train/cam04_40055_1391_239_145x118.jpg,vehicle_crop,3456.14,102.23,73.33,UNKNOWN,UNKNOWN,UNREADABLE_TOO_SMALL,tiny|low_contrast|unreadable,adjudicated_proposal,vlm,False,p000341
cam04_40056_1391_241_146x116,cam04,40056,D:\tessttt\testttttt\reports\deep\frames\cam04_0056.jpg,"[71.9, 67.8, 80.8, 70.9]",8.9,3.1,27.59,0.0016,2.871,VERY_SMALL,0.2368,vehicle_crop,4656.9081,56.4074,28.3866,0.0,0.4743,,UNKNOWN,False,DIM,1,UNREADABLE_TOO_SMALL,,0.0,"['tiny', 'low_light', 'low_contrast', 'low_confidence', 'unreadable']",False,,train,images/train/cam04_40056_1391_241_146x116.jpg,vehicle_crop,2965.205,99.32,71.92,UNKNOWN,UNKNOWN,UNREADABLE_TOO_SMALL,tiny|low_light|low_contrast|low_confidence|unreadable,adjudicated_proposal,vlm,False,p000348
cam04_40057_1391_241_145x116,cam04,40057,D:\tessttt\testttttt\reports\deep\frames\cam04_0057.jpg,"[27.6, 72.0, 33.1, 74.2]",5.5,2.2,12.1,0.0007,2.5,EXTREMELY_TINY,0.2182,vehicle_crop,22252.4167,74.25,43.595,0.0,0.5385,,UNKNOWN,False,DIM,1,UNREADABLE_TOO_SMALL,,0.0,"['tiny', 'low_light', 'low_confidence', 'unreadable']",False,,train,images/train/cam04_40057_1391_241_145x116.jpg,vehicle_crop,2995.61,99.08,71.39,UNKNOWN,UNKNOWN,UNREADABLE_TOO_SMALL,tiny|low_light|low_confidence|unreadable,adjudicated_proposal,vlm,False,p000353
cam04_40057_1392_239_144x118,cam04,40057,D:\tessttt\testttttt\reports\deep\frames\cam04_0057.jpg,"[91.3, 18.1, 96.3, 19.9]",5.0,1.8,9.0,0.0005,2.7778,EXTREMELY_TINY,0.3466,vehicle_crop,478.8,139.4,9.7488,0.0,0.47,,UNKNOWN,False,DIM,1,UNREADABLE_TOO_SMALL,,0.0,"['tiny', 'low_contrast', 'low_confidence', 'unreadable']",False,,train,images/train/cam04_40057_1392_239_144x118.jpg,vehicle_crop,2995.61,99.08,71.39,UNKNOWN,UNKNOWN,UNREADABLE_TOO_SMALL,tiny|low_contrast|low_confidence|unreadable,adjudicated_proposal,vlm,False,p000352
cam04_40058_866_151_97x103,cam04,40058,D:\tessttt\testttttt\reports\deep\frames\cam04_0058.jpg,"[36.5, 51.1, 45.8, 56.9]",9.3,5.8,53.94,0.0054,1.6034,VERY_SMALL,0.4351,vehicle_crop,2079.7511,242.8889,18.947,0.4444,0.1582,,UNKNOWN,False,DIM,1,UNREADABLE_TOO_SMALL,,0.0,"['tiny', 'overexposed', 'glare', 'low_contrast', 'unreadable']",False,,train,images/train/cam04_40058_866_151_97x103.jpg,vehicle_crop,2955.848,97.06,69.27,UNKNOWN,UNKNOWN,UNREADABLE_TOO_SMALL,tiny|overexposed|glare|low_contrast|unreadable,adjudicated_proposal,vlm,False,p000354
cam04_40059_866_151_97x103,cam04,40059,D:\tessttt\testttttt\reports\deep\frames\cam04_0059.jpg,"[36.5, 51.1, 45.8, 56.9]",9.3,5.8,53.94,0.0054,1.6034,VERY_SMALL,0.4351,vehicle_crop,2079.7511,242.8889,18.947,0.4444,0.1582,,UNKNOWN,False,DIM,1,UNREADABLE_TOO_SMALL,,0.0,"['tiny', 'overexposed', 'glare', 'low_contrast', 'unreadable']",False,,train,images/train/cam04_40059_866_151_97x103.jpg,vehicle_crop,2955.848,97.06,69.27,UNKNOWN,UNKNOWN,UNREADABLE_TOO_SMALL,tiny|overexposed|glare|low_contrast|unreadable,adjudicated_proposal,vlm,False,p000357
cam04_40060_866_151_97x103,cam04,40060,D:\tessttt\testttttt\reports\deep\frames\cam04_0060.jpg,"[36.5, 51.1, 45.8, 56.9]",9.3,5.8,53.94,0.0054,1.6034,VERY_SMALL,0.4351,vehicle_crop,2079.7511,242.8889,18.947,0.4444,0.1582,,UNKNOWN,False,DIM,1,UNREADABLE_TOO_SMALL,,0.0,"['tiny', 'overexposed', 'glare', 'low_contrast', 'unreadable']",False,,val,images/val/cam04_40060_866_151_97x103.jpg,vehicle_crop,2955.848,97.06,69.27,UNKNOWN,UNKNOWN,UNREADABLE_TOO_SMALL,tiny|overexposed|glare|low_contrast|unreadable,adjudicated_proposal,vlm,False,p000360
cam04_40061_866_151_97x103,cam04,40061,D:\tessttt\testttttt\reports\deep\frames\cam04_0061.jpg,"[36.5, 51.1, 45.8, 56.9]",9.3,5.8,53.94,0.0054,1.6034,VERY_SMALL,0.4351,vehicle_crop,2079.7511,242.8889,18.947,0.4444,0.1582,,UNKNOWN,False,DIM,1,UNREADABLE_TOO_SMALL,,0.0,"['tiny', 'overexposed', 'glare', 'low_contrast', 'unreadable']",False,,val,images/val/cam04_40061_866_151_97x103.jpg,vehicle_crop,2955.848,97.06,69.27,UNKNOWN,UNKNOWN,UNREADABLE_TOO_SMALL,tiny|overexposed|glare|low_contrast|unreadable,adjudicated_proposal,vlm,False,p000363
cam04_40073_504_47_277x185,cam04,40073,D:\tessttt\testttttt\reports\deep\frames\cam04_0073.jpg,"[89.7, 151.8, 108.3, 162.4]",18.5,10.5,194.25,0.0038,1.7619,SMALL,0.6396,vehicle_crop,17664.4174,142.4067,89.2083,0.0,0.6622,,UNKNOWN,False,DIM,1,UNREADABLE_TOO_SMALL,,0.0,['unreadable'],False,,val,images/val/cam04_40073_504_47_277x185.jpg,vehicle_crop,2772.725,104.37,63.45,UNKNOWN,UNKNOWN,UNREADABLE_TOO_SMALL,unreadable,adjudicated_proposal,vlm,False,p000368
cam04_40074_525_59_128x165,cam04,40074,D:\tessttt\testttttt\reports\deep\frames\cam04_0074.jpg,"[69.0, 139.8, 87.8, 150.8]",18.8,11.0,206.8,0.0098,1.7091,SMALL,0.5689,vehicle_crop,17857.9733,146.8131,86.3889,0.0,0.6554,,UNKNOWN,False,DAY,1,UNREADABLE_TOO_SMALL,,0.0,['unreadable'],False,,val,images/val/cam04_40074_525_59_128x165.jpg,vehicle_crop,2749.509,106.55,62.9,UNKNOWN,UNKNOWN,UNREADABLE_TOO_SMALL,unreadable,adjudicated_proposal,vlm,False,p000370
cam04_40075_505_50_277x182,cam04,40075,D:\tessttt\testttttt\reports\deep\frames\cam04_0075.jpg,"[89.3, 148.5, 107.4, 159.0]",18.1,10.5,190.05,0.0038,1.7238,SMALL,0.471,vehicle_crop,17895.3691,146.8333,86.4091,0.0,0.6554,,UNKNOWN,False,DAY,1,UNREADABLE_TOO_SMALL,,0.0,['unreadable'],False,,val,images/val/cam04_40075_505_50_277x182.jpg,vehicle_crop,2912.244,107.6,62.06,UNKNOWN,UNKNOWN,UNREADABLE_TOO_SMALL,unreadable,adjudicated_proposal,vlm,False,p000372
cam04_40076_505_50_277x182,cam04,40076,D:\tessttt\testttttt\reports\deep\frames\cam04_0076.jpg,"[89.3, 148.5, 107.4, 159.0]",18.1,10.5,190.05,0.0038,1.7238,SMALL,0.471,vehicle_crop,17895.3691,146.8333,86.4091,0.0,0.6554,,UNKNOWN,False,DAY,1,UNREADABLE_TOO_SMALL,,0.0,['unreadable'],False,,val,images/val/cam04_40076_505_50_277x182.jpg,vehicle_crop,2912.244,107.6,62.06,UNKNOWN,UNKNOWN,UNREADABLE_TOO_SMALL,unreadable,adjudicated_proposal,vlm,False,p000374
cam04_40079_504_48_275x183,cam04,40079,D:\tessttt\testttttt\reports\deep\frames\cam04_0079.jpg,"[90.4, 151.1, 108.3, 161.2]",18.0,10.0,180.0,0.0036,1.8,SMALL,0.7019,vehicle_crop,10277.0226,148.1556,73.6224,0.0,0.654,,UNKNOWN,False,DAY,1,UNREADABLE_TOO_SMALL,,0.0,['unreadable'],False,,val,images/val/cam04_40079_504_48_275x183.jpg,vehicle_crop,2729.999,107.78,61.6,UNKNOWN,UNKNOWN,UNREADABLE_TOO_SMALL,unreadable,adjudicated_proposal,vlm,False,p000377
cam04_40080_524_58_129x172,cam04,40080,D:\tessttt\testttttt\reports\deep\frames\cam04_0080.jpg,"[70.6, 141.7, 88.2, 151.1]",17.5,9.4,164.5,0.0074,1.8617,SMALL,0.6267,vehicle_crop,10244.4475,144.4778,73.4688,0.0,0.658,,UNKNOWN,False,DAY,1,UNREADABLE_TOO_SMALL,,0.0,['unreadable'],False,,test,images/test/cam04_40080_524_58_129x172.jpg,vehicle_crop,2918.894,107.77,61.62,UNKNOWN,UNKNOWN,UNREADABLE_TOO_SMALL,unreadable,adjudicated_proposal,vlm,False,p000378
cam04_40081_524_58_129x172,cam04,40081,D:\tessttt\testttttt\reports\deep\frames\cam04_0081.jpg,"[70.6, 141.7, 88.2, 151.1]",17.5,9.4,164.5,0.0074,1.8617,SMALL,0.6267,vehicle_crop,10244.4475,144.4778,73.4688,0.0,0.658,,UNKNOWN,False,DAY,1,UNREADABLE_TOO_SMALL,,0.0,['unreadable'],False,,test,images/test/cam04_40081_524_58_129x172.jpg,vehicle_crop,2918.894,107.77,61.62,UNKNOWN,UNKNOWN,UNREADABLE_TOO_SMALL,unreadable,adjudicated_proposal,vlm,False,p000379
cam04_40082_524_58_129x172,cam04,40082,D:\tessttt\testttttt\reports\deep\frames\cam04_0082.jpg,"[70.6, 141.7, 88.2, 151.1]",17.5,9.4,164.5,0.0074,1.8617,SMALL,0.6267,vehicle_crop,10244.4475,144.4778,73.4688,0.0,0.658,,UNKNOWN,False,DAY,1,UNREADABLE_TOO_SMALL,,0.0,['unreadable'],False,,test,images/test/cam04_40082_524_58_129x172.jpg,vehicle_crop,2918.894,107.77,61.62,UNKNOWN,UNKNOWN,UNREADABLE_TOO_SMALL,unreadable,adjudicated_proposal,vlm,False,p000380
cam04_40083_524_58_129x172,cam04,40083,D:\tessttt\testttttt\reports\deep\frames\cam04_0083.jpg,"[70.6, 141.7, 88.2, 151.1]",17.5,9.4,164.5,0.0074,1.8617,SMALL,0.6267,vehicle_crop,10244.4475,144.4778,73.4688,0.0,0.658,,UNKNOWN,False,DAY,1,UNREADABLE_TOO_SMALL,,0.0,['unreadable'],False,,test,images/test/cam04_40083_524_58_129x172.jpg,vehicle_crop,2918.894,107.77,61.62,UNKNOWN,UNKNOWN,UNREADABLE_TOO_SMALL,unreadable,adjudicated_proposal,vlm,False,p000381
cam04_40084_524_58_129x172,cam04,40084,D:\tessttt\testttttt\reports\deep\frames\cam04_0084.jpg,"[70.6, 141.7, 88.2, 151.1]",17.5,9.4,164.5,0.0074,1.8617,SMALL,0.6267,vehicle_crop,10244.4475,144.4778,73.4688,0.0,0.658,,UNKNOWN,False,DAY,1,UNREADABLE_TOO_SMALL,,0.0,['unreadable'],False,,test,images/test/cam04_40084_524_58_129x172.jpg,vehicle_crop,2918.894,107.77,61.62,UNKNOWN,UNKNOWN,UNREADABLE_TOO_SMALL,unreadable,adjudicated_proposal,vlm,False,p000382
cam04_40085_524_58_129x172,cam04,40085,D:\tessttt\testttttt\reports\deep\frames\cam04_0085.jpg,"[70.6, 141.7, 88.2, 151.1]",17.5,9.4,164.5,0.0074,1.8617,SMALL,0.6267,vehicle_crop,10244.4475,144.4778,73.4688,0.0,0.658,,UNKNOWN,False,DAY,1,UNREADABLE_TOO_SMALL,,0.0,['unreadable'],False,,test,images/test/cam04_40085_524_58_129x172.jpg,vehicle_crop,2918.894,107.77,61.62,UNKNOWN,UNKNOWN,UNREADABLE_TOO_SMALL,unreadable,adjudicated_proposal,vlm,False,p000383
cam04_40086_524_58_129x172,cam04,40086,D:\tessttt\testttttt\reports\deep\frames\cam04_0086.jpg,"[70.6, 141.7, 88.2, 151.1]",17.5,9.4,164.5,0.0074,1.8617,SMALL,0.6267,vehicle_crop,10244.4475,144.4778,73.4688,0.0,0.658,,UNKNOWN,False,DAY,1,UNREADABLE_TOO_SMALL,,0.0,['unreadable'],False,,test,images/test/cam04_40086_524_58_129x172.jpg,vehicle_crop,2918.894,107.77,61.62,UNKNOWN,UNKNOWN,UNREADABLE_TOO_SMALL,unreadable,adjudicated_proposal,vlm,False,p000384
cam04_40087_524_58_129x172,cam04,40087,D:\tessttt\testttttt\reports\deep\frames\cam04_0087.jpg,"[70.6, 141.7, 88.2, 151.1]",17.5,9.4,164.5,0.0074,1.8617,SMALL,0.6267,vehicle_crop,10244.4475,144.4778,73.4688,0.0,0.658,,UNKNOWN,False,DAY,1,UNREADABLE_TOO_SMALL,,0.0,['unreadable'],False,,test,images/test/cam04_40087_524_58_129x172.jpg,vehicle_crop,2918.894,107.77,61.62,UNKNOWN,UNKNOWN,UNREADABLE_TOO_SMALL,unreadable,adjudicated_proposal,vlm,False,p000385
cam04_40088_524_58_129x172,cam04,40088,D:\tessttt\testttttt\reports\deep\frames\cam04_0088.jpg,"[70.6, 141.7, 88.2, 151.1]",17.5,9.4,164.5,0.0074,1.8617,SMALL,0.6267,vehicle_crop,10244.4475,144.4778,73.4688,0.0,0.658,,UNKNOWN,False,DAY,1,UNREADABLE_TOO_SMALL,,0.0,['unreadable'],False,,test,images/test/cam04_40088_524_58_129x172.jpg,vehicle_crop,2918.894,107.77,61.62,UNKNOWN,UNKNOWN,UNREADABLE_TOO_SMALL,unreadable,adjudicated_proposal,vlm,False,p000386
cam04_40089_524_58_129x172,cam04,40089,D:\tessttt\testttttt\reports\deep\frames\cam04_0089.jpg,"[70.6, 141.7, 88.2, 151.1]",17.5,9.4,164.5,0.0074,1.8617,SMALL,0.6267,vehicle_crop,10244.4475,144.4778,73.4688,0.0,0.658,,UNKNOWN,False,DAY,1,UNREADABLE_TOO_SMALL,,0.0,['unreadable'],False,,test,images/test/cam04_40089_524_58_129x172.jpg,vehicle_crop,2918.894,107.77,61.62,UNKNOWN,UNKNOWN,UNREADABLE_TOO_SMALL,unreadable,adjudicated_proposal,vlm,False,p000387
cam04_40090_524_58_129x172,cam04,40090,D:\tessttt\testttttt\reports\deep\frames\cam04_0090.jpg,"[70.6, 141.7, 88.2, 151.1]",17.5,9.4,164.5,0.0074,1.8617,SMALL,0.6267,vehicle_crop,10244.4475,144.4778,73.4688,0.0,0.658,,UNKNOWN,False,DAY,1,UNREADABLE_TOO_SMALL,,0.0,['unreadable'],False,,test,images/test/cam04_40090_524_58_129x172.jpg,vehicle_crop,2918.894,107.77,61.62,UNKNOWN,UNKNOWN,UNREADABLE_TOO_SMALL,unreadable,adjudicated_proposal,vlm,False,p000388
cam04_40091_524_58_129x172,cam04,40091,D:\tessttt\testttttt\reports\deep\frames\cam04_0091.jpg,"[70.6, 141.7, 88.2, 151.1]",17.5,9.4,164.5,0.0074,1.8617,SMALL,0.6267,vehicle_crop,10244.4475,144.4778,73.4688,0.0,0.658,,UNKNOWN,False,DAY,1,UNREADABLE_TOO_SMALL,,0.0,['unreadable'],False,,test,images/test/cam04_40091_524_58_129x172.jpg,vehicle_crop,2918.894,107.77,61.62,UNKNOWN,UNKNOWN,UNREADABLE_TOO_SMALL,unreadable,adjudicated_proposal,vlm,False,p000389
cam04_40092_524_58_129x172,cam04,40092,D:\tessttt\testttttt\reports\deep\frames\cam04_0092.jpg,"[70.6, 141.7, 88.2, 151.1]",17.5,9.4,164.5,0.0074,1.8617,SMALL,0.6267,vehicle_crop,10244.4475,144.4778,73.4688,0.0,0.658,,UNKNOWN,False,DAY,1,UNREADABLE_TOO_SMALL,,0.0,['unreadable'],False,,test,images/test/cam04_40092_524_58_129x172.jpg,vehicle_crop,2918.894,107.77,61.62,UNKNOWN,UNKNOWN,UNREADABLE_TOO_SMALL,unreadable,adjudicated_proposal,vlm,False,p000390
cam05_50002_1198_482_116x104,cam05,50002,D:\tessttt\testttttt\reports\deep\frames\cam05_0002.jpg,"[63.8, 67.2, 84.5, 73.2]",20.8,6.0,124.8,0.0103,3.4667,SMALL,0.3718,vehicle_crop,25734.287,206.3095,68.9949,0.0,0.5963,,UNKNOWN,False,DAY,1,UNREADABLE_TOO_SMALL,,0.0,"['overexposed', 'unreadable']",False,,val,images/val/cam05_50002_1198_482_116x104.jpg,vehicle_crop,1638.947,144.71,57.11,UNKNOWN,UNKNOWN,UNREADABLE_TOO_SMALL,overexposed|unreadable,adjudicated_proposal,vlm,False,p000393
cam05_50004_1495_631_251x181,cam05,50004,D:\tessttt\testttttt\reports\deep\frames\cam05_0004.jpg,"[153.1, 128.7, 191.6, 139.0]",38.5,10.3,396.55,0.0087,3.7379,MEDIUM,0.8537,vehicle_crop,10796.0133,184.6292,69.8665,0.0,0.6541,0.0,FRONTAL,False,DAY,1,UNREADABLE_TOO_SMALL,,0.0,['unreadable'],False,,val,images/val/cam05_50004_1495_631_251x181.jpg,vehicle_crop,1679.816,145.14,57.82,UNKNOWN,UNKNOWN,UNREADABLE_TOO_SMALL,unreadable,adjudicated_proposal,vlm,False,p000394
cam05_50005_110_505_123x126,cam05,50005,D:\tessttt\testttttt\reports\deep\frames\cam05_0005.jpg,"[76.4, 82.0, 86.6, 86.4]",10.2,4.4,44.88,0.0029,2.3182,VERY_SMALL,0.2197,vehicle_crop,9926.1494,142.85,39.9997,0.0,0.5771,,UNKNOWN,False,DAY,1,UNREADABLE_TOO_SMALL,,0.0,"['tiny', 'low_confidence', 'unreadable']",False,,val,images/val/cam05_50005_110_505_123x126.jpg,vehicle_crop,1554.947,144.54,56.37,UNKNOWN,UNKNOWN,UNREADABLE_TOO_SMALL,tiny|low_confidence|unreadable,adjudicated_proposal,vlm,False,p000399
cam05_50006_0_658_277x193,cam05,50006,D:\tessttt\testttttt\reports\deep\frames\cam05_0006.jpg,"[57.5, 129.6, 101.9, 141.9]",44.4,12.3,546.12,0.0102,3.6098,LARGE,0.3437,vehicle_crop,3927.2645,187.4148,87.7164,0.0227,0.6027,0.0,FRONTAL,False,DAY,1,UNREADABLE_TOO_SMALL,,0.0,"['low_confidence', 'unreadable']",False,,val,images/val/cam05_50006_0_658_277x193.jpg,vehicle_crop,1590.683,143.98,57.38,UNKNOWN,UNKNOWN,UNREADABLE_TOO_SMALL,low_confidence|unreadable,adjudicated_proposal,vlm,False,p000400
cam05_50007_180_580_206x149,cam05,50007,D:\tessttt\testttttt\reports\deep\frames\cam05_0007.jpg,"[64.9, 96.8, 97.8, 105.9]",33.0,9.1,300.3,0.0098,3.6264,MEDIUM,0.7939,vehicle_crop,6300.2877,194.9731,80.4845,0.0,0.6327,0.0,FRONTAL,False,DAY,1,UNREADABLE_TOO_SMALL,,0.0,['unreadable'],False,,val,images/val/cam05_50007_180_580_206x149.jpg,vehicle_crop,1570.932,144.45,56.69,UNKNOWN,UNKNOWN,UNREADABLE_TOO_SMALL,unreadable,adjudicated_proposal,vlm,False,p000402
cam05_50009_392_458_124x123,cam05,50009,D:\tessttt\testttttt\reports\deep\frames\cam05_0009.jpg,"[39.6, 84.6, 48.3, 89.4]",8.7,4.7,40.89,0.0027,1.8511,VERY_SMALL,0.7213,vehicle_crop,11577.198,201.9333,45.2408,0.0,0.5279,,UNKNOWN,False,DAY,1,UNREADABLE_TOO_SMALL,,0.0,"['tiny', 'overexposed', 'unreadable']",False,,val,images/val/cam05_50009_392_458_124x123.jpg,vehicle_crop,1588.174,144.99,56.43,UNKNOWN,UNKNOWN,UNREADABLE_TOO_SMALL,tiny|overexposed|unreadable,adjudicated_proposal,vlm,False,p000403
cam05_50011_1443_600_252x165,cam05,50011,D:\tessttt\testttttt\reports\deep\frames\cam05_0011.jpg,"[188.6, 58.7, 200.1, 63.3]",11.5,4.6,52.9,0.0013,2.5,SMALL,0.3999,vehicle_crop,10562.9608,111.1,48.1098,0.0,0.6059,,UNKNOWN,False,DAY,1,UNREADABLE_TOO_SMALL,,0.0,['unreadable'],False,,val,images/val/cam05_50011_1443_600_252x165.jpg,vehicle_crop,1579.824,145.9,57.01,UNKNOWN,UNKNOWN,UNREADABLE_TOO_SMALL,unreadable,adjudicated_proposal,vlm,False,p000404
cam05_50016_174_572_212x159,cam05,50016,D:\tessttt\testttttt\reports\deep\frames\cam05_0016.jpg,"[64.4, 99.3, 98.4, 108.1]",34.0,8.7,295.8,0.0088,3.908,MEDIUM,0.8163,vehicle_crop,12832.4488,175.049,75.5751,0.0,0.6565,0.0,FRONTAL,False,DAY,1,UNREADABLE_TOO_SMALL,,0.0,['unreadable'],False,,val,images/val/cam05_50016_174_572_212x159.jpg,vehicle_crop,1644.663,144.9,57.08,UNKNOWN,UNKNOWN,UNREADABLE_TOO_SMALL,unreadable,adjudicated_proposal,vlm,False,p000405
cam05_50017_333_501_143x115,cam05,50017,D:\tessttt\testttttt\reports\deep\frames\cam05_0017.jpg,"[49.2, 72.5, 74.6, 78.6]",25.4,6.1,154.94,0.0094,4.1639,MEDIUM,0.7554,vehicle_crop,13331.5323,171.1267,65.0821,0.0,0.6428,,UNKNOWN,False,DAY,1,UNREADABLE_TOO_SMALL,,0.0,['unreadable'],False,,val,images/val/cam05_50017_333_501_143x115.jpg,vehicle_crop,1781.72,145.68,57.23,UNKNOWN,UNKNOWN,UNREADABLE_TOO_SMALL,unreadable,adjudicated_proposal,vlm,False,p000406
cam05_50022_1342_517_198x168,cam05,50022,D:\tessttt\testttttt\reports\deep\frames\cam05_0022.jpg,"[110.0, 96.1, 146.2, 108.1]",36.1,12.0,433.2,0.013,3.0083,MEDIUM,0.7326,vehicle_crop,3647.0314,99.5741,54.3669,0.0,0.6621,0.0,FRONTAL,False,DAY,1,UNREADABLE_TOO_SMALL,,0.0,['unreadable'],False,,train,images/train/cam05_50022_1342_517_198x168.jpg,vehicle_crop,1297.02,144.76,56.13,UNKNOWN,UNKNOWN,UNREADABLE_TOO_SMALL,unreadable,adjudicated_proposal,vlm,False,p000410
cam05_50023_1570_607_321x241,cam05,50023,D:\tessttt\testttttt\reports\deep\frames\cam05_0023.jpg,"[196.3, 170.3, 238.0, 180.1]",41.7,9.8,408.66,0.0053,4.2551,MEDIUM,0.5047,vehicle_crop,3167.1004,190.3048,26.9963,0.0,0.5458,-0.0,FRONTAL,False,DAY,1,UNREADABLE_TOO_SMALL,,0.0,"['low_contrast', 'unreadable']",False,,train,images/train/cam05_50023_1570_607_321x241.jpg,vehicle_crop,1749.468,145.12,57.67,UNKNOWN,UNKNOWN,UNREADABLE_TOO_SMALL,low_contrast|unreadable,adjudicated_proposal,vlm,False,p000411
cam05_50030_1214_456_111x81,cam05,50030,D:\tessttt\testttttt\reports\deep\frames\cam05_0030.jpg,"[59.2, 54.3, 77.8, 59.5]",18.6,5.2,96.72,0.0108,3.5769,SMALL,0.4954,vehicle_crop,10672.9344,173.9222,56.5478,0.0,0.6143,,UNKNOWN,False,DAY,1,UNREADABLE_TOO_SMALL,,0.0,['unreadable'],False,,train,images/train/cam05_50030_1214_456_111x81.jpg,vehicle_crop,1604.047,145.58,56.68,UNKNOWN,UNKNOWN,UNREADABLE_TOO_SMALL,unreadable,adjudicated_proposal,vlm,False,p000412
cam05_50031_1054_364_117x122,cam05,50031,D:\tessttt\testttttt\reports\deep\frames\cam05_0031.jpg,"[65.8, 85.1, 81.4, 89.0]",15.6,3.9,60.84,0.0043,4.0,SMALL,0.2899,vehicle_crop,8737.0273,200.3594,36.8143,0.0,0.5156,,UNKNOWN,False,DAY,1,UNREADABLE_TOO_SMALL,,0.0,"['overexposed', 'low_confidence', 'unreadable']",False,,train,images/train/cam05_50031_1054_364_117x122.jpg,vehicle_crop,1591.581,145.69,56.57,UNKNOWN,UNKNOWN,UNREADABLE_TOO_SMALL,overexposed|low_confidence|unreadable,adjudicated_proposal,vlm,False,p000414
cam05_50031_1345_510_162x112,cam05,50031,D:\tessttt\testttttt\reports\deep\frames\cam05_0031.jpg,"[89.9, 79.3, 115.3, 85.7]",25.4,6.4,162.56,0.009,3.9687,MEDIUM,0.7345,vehicle_crop,10090.7751,174.4038,52.7825,0.0,0.6172,,UNKNOWN,False,DAY,1,UNREADABLE_TOO_SMALL,,0.0,['unreadable'],False,,train,images/train/cam05_50031_1345_510_162x112.jpg,vehicle_crop,1591.581,145.69,56.57,UNKNOWN,UNKNOWN,UNREADABLE_TOO_SMALL,unreadable,adjudicated_proposal,vlm,False,p000413
cam05_50039_308_453_530x524,cam05,50039,D:\tessttt\testttttt\reports\deep\frames\cam05_0039.jpg,"[169.4, 399.6, 216.2, 427.0]",46.8,27.5,1287.0,0.0046,1.7018,LARGE,0.8546,vehicle_crop,659.1659,160.5859,44.4186,0.0,0.6464,0.0,FRONTAL,False,DAY,1,UNREADABLE_TOO_SMALL,,0.0,['unreadable'],False,,train,images/train/cam05_50039_308_453_530x524.jpg,vehicle_crop,750.639,138.0,56.03,UNKNOWN,UNKNOWN,UNREADABLE_TOO_SMALL,unreadable,adjudicated_proposal,vlm,False,p000416
cam05_50040_535_420_290x324,cam05,50040,D:\tessttt\testttttt\reports\deep\frames\cam05_0040.jpg,"[118.6, 244.4, 150.1, 262.2]",31.6,17.8,562.48,0.006,1.7753,MEDIUM,0.8007,vehicle_crop,5126.3735,165.9028,51.6789,0.0,0.6348,0.0,FRONTAL,False,DAY,1,UNREADABLE_TOO_SMALL,,0.0,['unreadable'],False,,train,images/train/cam05_50040_535_420_290x324.jpg,vehicle_crop,801.969,142.9,55.84,UNKNOWN,UNKNOWN,UNREADABLE_TOO_SMALL,unreadable,adjudicated_proposal,vlm,False,p000417
cam05_50041_1430_500_186x124,cam05,50041,D:\tessttt\testttttt\reports\deep\frames\cam05_0041.jpg,"[151.0, 69.3, 162.1, 76.4]",11.1,7.1,78.81,0.0034,1.5634,SMALL,0.2031,vehicle_crop,6543.523,148.6364,46.1246,0.0,0.5932,,UNKNOWN,False,DAY,1,UNREADABLE_TOO_SMALL,,0.0,"['low_confidence', 'unreadable']",False,,train,images/train/cam05_50041_1430_500_186x124.jpg,vehicle_crop,1508.175,142.98,56.52,UNKNOWN,UNKNOWN,UNREADABLE_TOO_SMALL,low_confidence|unreadable,adjudicated_proposal,vlm,False,p000418
cam05_50042_649_376_154x177,cam05,50042,D:\tessttt\testttttt\reports\deep\frames\cam05_0042.jpg,"[104.5, 55.6, 117.7, 64.7]",13.2,9.2,121.44,0.0045,1.4348,SMALL,0.225,vehicle_crop,6542.7689,177.188,81.1987,0.0,0.6122,,UNKNOWN,False,DAY,1,UNREADABLE_TOO_SMALL,,0.0,"['low_confidence', 'unreadable']",False,,train,images/train/cam05_50042_649_376_154x177.jpg,vehicle_crop,1668.596,143.68,56.55,UNKNOWN,UNKNOWN,UNREADABLE_TOO_SMALL,low_confidence|unreadable,adjudicated_proposal,vlm,False,p000419
cam05_50053_707_355_100x108,cam05,50053,D:\tessttt\testttttt\reports\deep\frames\cam05_0053.jpg,"[28.5, 58.3, 37.1, 61.2]",8.6,3.0,25.8,0.0024,2.8667,VERY_SMALL,0.238,vehicle_crop,4490.5377,98.1852,23.2029,0.0,0.5027,,UNKNOWN,False,DAY,1,UNREADABLE_TOO_SMALL,,0.0,"['tiny', 'low_contrast', 'low_confidence', 'unreadable']",False,,train,images/train/cam05_50053_707_355_100x108.jpg,vehicle_crop,1620.441,144.78,57.41,UNKNOWN,UNKNOWN,UNREADABLE_TOO_SMALL,tiny|low_contrast|low_confidence|unreadable,adjudicated_proposal,vlm,False,p000421
cam05_50055_0_656_236x174,cam05,50055,D:\tessttt\testttttt\reports\deep\frames\cam05_0055.jpg,"[49.3, 115.6, 94.8, 128.0]",45.5,12.3,559.65,0.0136,3.6992,LARGE,0.6021,vehicle_crop,5541.9152,170.906,84.1889,0.0,0.6831,0.0,FRONTAL,False,DAY,1,UNREADABLE_TOO_SMALL,,0.0,['unreadable'],False,,train,images/train/cam05_50055_0_656_236x174.jpg,vehicle_crop,1689.121,144.44,58.04,UNKNOWN,UNKNOWN,UNREADABLE_TOO_SMALL,unreadable,adjudicated_proposal,vlm,False,p000423
cam05_50056_1213_428_332x268,cam05,50056,D:\tessttt\testttttt\reports\deep\frames\cam05_0056.jpg,"[210.9, 209.4, 233.2, 220.1]",22.2,10.6,235.32,0.0026,2.0943,MEDIUM,0.7044,vehicle_crop,4120.5686,127.0791,49.1801,0.0,0.6489,0.0,FRONTAL,False,DAY,1,UNREADABLE_TOO_SMALL,,0.0,['unreadable'],False,,train,images/train/cam05_50056_1213_428_332x268.jpg,vehicle_crop,1522.141,144.11,57.25,UNKNOWN,UNKNOWN,UNREADABLE_TOO_SMALL,unreadable,adjudicated_proposal,vlm,False,p000424
cam05_50057_1334_468_482x361,cam05,50057,D:\tessttt\testttttt\reports\deep\frames\cam05_0057.jpg,"[319.4, 289.7, 345.9, 305.9]",26.5,16.2,429.3,0.0025,1.6358,MEDIUM,0.577,vehicle_crop,2203.1995,127.363,50.4543,0.0,0.6595,0.0,FRONTAL,False,DAY,1,UNREADABLE_TOO_SMALL,,0.0,['unreadable'],False,,train,images/train/cam05_50057_1334_468_482x361.jpg,vehicle_crop,1580.769,143.76,57.83,UNKNOWN,UNKNOWN,UNREADABLE_TOO_SMALL,unreadable,adjudicated_proposal,vlm,False,p000425
cam05_50061_134_534_185x132,cam05,50061,D:\tessttt\testttttt\reports\deep\frames\cam05_0061.jpg,"[54.5, 85.3, 84.5, 92.7]",30.0,7.4,222.0,0.0091,4.0541,MEDIUM,0.7897,vehicle_crop,16620.5806,183.0286,61.2948,0.0,0.6398,,UNKNOWN,False,DAY,1,UNREADABLE_TOO_SMALL,,0.0,['unreadable'],False,,train,images/train/cam05_50061_134_534_185x132.jpg,vehicle_crop,1560.309,145.78,57.39,UNKNOWN,UNKNOWN,UNREADABLE_TOO_SMALL,unreadable,adjudicated_proposal,vlm,False,p000426
cam05_50064_1210_475_129x128,cam05,50064,D:\tessttt\testttttt\reports\deep\frames\cam05_0064.jpg,"[65.8, 75.5, 85.5, 81.8]",19.7,6.3,124.11,0.0075,3.127,SMALL,0.3778,vehicle_crop,12772.2733,111.7583,81.6499,0.0,0.6622,,UNKNOWN,False,DAY,1,UNREADABLE_TOO_SMALL,,0.0,['unreadable'],False,,train,images/train/cam05_50064_1210_475_129x128.jpg,vehicle_crop,1220.007,145.11,56.27,UNKNOWN,UNKNOWN,UNREADABLE_TOO_SMALL,unreadable,adjudicated_proposal,vlm,False,p000427
cam05_50070_0_333_341x473,cam05,50070,D:\tessttt\testttttt\reports\deep\frames\cam05_0070.jpg,"[16.6, 375.3, 54.8, 385.4]",38.2,10.1,385.82,0.0024,3.7822,MEDIUM,0.541,vehicle_crop,6353.8526,143.1711,46.3784,0.0,0.654,-2.0454,FRONTAL,False,DAY,1,UNREADABLE_TOO_SMALL,,0.0,['unreadable'],False,,train,images/train/cam05_50070_0_333_341x473.jpg,vehicle_crop,627.864,140.98,56.05,UNKNOWN,UNKNOWN,UNREADABLE_TOO_SMALL,unreadable,adjudicated_proposal,vlm,False,p000429
cam05_50070_427_440_400x437,cam05,50070,D:\tessttt\testttttt\reports\deep\frames\cam05_0070.jpg,"[219.0, 339.9, 248.9, 359.2]",29.9,19.3,577.07,0.0033,1.5492,MEDIUM,0.7933,vehicle_crop,2502.2858,171.5345,49.8507,0.0034,0.608,0.0,FRONTAL,False,DAY,1,UNREADABLE_TOO_SMALL,,0.0,['unreadable'],False,,train,images/train/cam05_50070_427_440_400x437.jpg,vehicle_crop,627.864,140.98,56.05,UNKNOWN,UNKNOWN,UNREADABLE_TOO_SMALL,unreadable,adjudicated_proposal,vlm,False,p000428
cam05_50072_0_691_263x225,cam05,50072,D:\tessttt\testttttt\reports\deep\frames\cam05_0072.jpg,"[22.1, 153.8, 71.6, 165.0]",49.5,11.2,554.4,0.0094,4.4196,LARGE,0.6967,vehicle_crop,5056.1836,213.8605,63.9064,0.1565,0.2576,0.0,FRONTAL,False,DAY,1,UNREADABLE_TOO_SMALL,,0.0,"['overexposed', 'glare', 'unreadable']",False,,train,images/train/cam05_50072_0_691_263x225.jpg,vehicle_crop,1334.776,144.38,57.88,UNKNOWN,UNKNOWN,UNREADABLE_TOO_SMALL,overexposed|glare|unreadable,adjudicated_proposal,vlm,False,p000432
cam05_50072_171_321_301x311,cam05,50072,D:\tessttt\testttttt\reports\deep\frames\cam05_0072.jpg,"[112.4, 248.4, 138.5, 256.9]",26.1,8.5,221.85,0.0024,3.0706,MEDIUM,0.46,vehicle_crop,4888.9733,116.5144,51.1922,0.0,0.6501,-2.8624,FRONTAL,False,DAY,1,UNREADABLE_TOO_SMALL,,0.0,['unreadable'],False,,train,images/train/cam05_50072_171_321_301x311.jpg,vehicle_crop,1334.776,144.38,57.88,UNKNOWN,UNKNOWN,UNREADABLE_TOO_SMALL,unreadable,adjudicated_proposal,vlm,False,p000433
cam05_50077_1269_442_327x273,cam05,50077,D:\tessttt\testttttt\reports\deep\frames\cam05_0077.jpg,"[211.7, 211.7, 236.0, 219.1]",24.3,7.5,182.25,0.002,3.24,MEDIUM,0.3442,vehicle_crop,4685.6394,231.84,29.8358,0.0,0.4759,0.0,FRONTAL,False,DAY,1,UNREADABLE_TOO_SMALL,,0.0,"['overexposed', 'low_contrast', 'low_confidence', 'unreadable']",False,,train,images/train/cam05_50077_1269_442_327x273.jpg,vehicle_crop,1100.145,145.41,57.12,UNKNOWN,UNKNOWN,UNREADABLE_TOO_SMALL,overexposed|low_contrast|low_confidence|unreadable,adjudicated_proposal,vlm,False,p000437
cam05_50077_1269_442_327x273,cam05,50077,D:\tessttt\testttttt\reports\deep\frames\cam05_0077.jpg,"[268.8, 197.3, 280.2, 206.2]",11.4,8.9,101.46,0.0011,1.2809,SMALL,0.2808,vehicle_crop,15523.8951,186.0556,77.3398,0.0,0.6005,,UNKNOWN,False,DAY,1,UNREADABLE_TOO_SMALL,,0.0,"['low_confidence', 'unreadable']",False,,train,images/train/cam05_50077_1269_442_327x273.jpg,vehicle_crop,1100.145,145.41,57.12,UNKNOWN,UNKNOWN,UNREADABLE_TOO_SMALL,low_confidence|unreadable,adjudicated_proposal,vlm,False,p000438
cam05_50078_1437_503_483x411,cam05,50078,D:\tessttt\testttttt\reports\deep\frames\cam05_0078.jpg,"[363.9, 289.2, 414.3, 305.2]",50.4,16.0,806.4,0.0041,3.15,LARGE,0.4482,vehicle_crop,834.9775,218.7684,35.3602,0.0,0.5606,0.0,FRONTAL,False,DAY,1,UNREADABLE_TOO_SMALL,,0.0,"['overexposed', 'unreadable']",False,,train,images/train/cam05_50078_1437_503_483x411.jpg,vehicle_crop,987.855,145.8,58.15,UNKNOWN,UNKNOWN,UNREADABLE_TOO_SMALL,overexposed|unreadable,adjudicated_proposal,vlm,False,p000439
cam05_50083_157_428_119x158,cam05,50083,D:\tessttt\testttttt\reports\deep\frames\cam05_0083.jpg,"[42.2, 104.2, 58.9, 108.8]",16.7,4.6,76.82,0.0041,3.6304,SMALL,0.4284,vehicle_crop,4165.5938,183.3281,49.4697,0.0,0.5764,,UNKNOWN,False,DAY,1,UNREADABLE_TOO_SMALL,,0.0,['unreadable'],False,,train,images/train/cam05_50083_157_428_119x158.jpg,vehicle_crop,1109.268,143.62,56.35,UNKNOWN,UNKNOWN,UNREADABLE_TOO_SMALL,unreadable,adjudicated_proposal,vlm,False,p000444
cam05_50083_1456_594_277x209,cam05,50083,D:\tessttt\testttttt\reports\deep\frames\cam05_0083.jpg,"[171.4, 149.9, 207.2, 160.8]",35.8,10.9,390.22,0.0067,3.2844,MEDIUM,0.2612,vehicle_crop,1165.894,223.6768,25.8186,0.0,0.4934,0.0,FRONTAL,False,DAY,1,UNREADABLE_TOO_SMALL,,0.0,"['overexposed', 'low_contrast', 'low_confidence', 'unreadable']",False,,train,images/train/cam05_50083_1456_594_277x209.jpg,vehicle_crop,1109.268,143.62,56.35,UNKNOWN,UNKNOWN,UNREADABLE_TOO_SMALL,overexposed|low_contrast|low_confidence|unreadable,adjudicated_proposal,vlm,False,p000445
cam05_50085_188_439_90x91,cam05,50085,D:\tessttt\testttttt\reports\deep\frames\cam05_0085.jpg,"[35.6, 70.3, 43.9, 72.9]",8.3,2.6,21.58,0.0026,3.1923,VERY_SMALL,0.2359,vehicle_crop,697.4961,58.8125,6.588,0.0,0.4023,,UNKNOWN,False,DAY,1,UNREADABLE_TOO_SMALL,,0.0,"['tiny', 'low_light', 'low_contrast', 'low_confidence', 'unreadable']",False,,train,images/train/cam05_50085_188_439_90x91.jpg,vehicle_crop,1282.855,142.24,56.53,UNKNOWN,UNKNOWN,UNREADABLE_TOO_SMALL,tiny|low_light|low_contrast|low_confidence|unreadable,adjudicated_proposal,vlm,False,p000446
cam05_50096_188_432_88x103,cam05,50096,D:\tessttt\testttttt\reports\deep\frames\cam05_0096.jpg,"[32.3, 8.1, 40.9, 12.7]",8.7,4.6,40.02,0.0044,1.8913,VERY_SMALL,0.288,vehicle_crop,14141.4023,87.3438,45.8248,0.0,0.5643,,UNKNOWN,False,DAY,1,UNREADABLE_TOO_SMALL,,0.0,"['tiny', 'low_confidence', 'unreadable']",False,,train,images/train/cam05_50096_188_432_88x103.jpg,vehicle_crop,1365.937,143.32,55.93,UNKNOWN,UNKNOWN,UNREADABLE_TOO_SMALL,tiny|low_confidence|unreadable,adjudicated_proposal,vlm,False,p000448
cam05_50101_135_471_169x141,cam05,50101,D:\tessttt\testttttt\reports\deep\frames\cam05_0101.jpg,"[155.0, 105.3, 162.7, 108.9]",7.7,3.6,27.72,0.0012,2.1389,EXTREMELY_TINY,0.5401,vehicle_crop,4759.5828,213.1429,38.7806,0.0,0.4901,,UNKNOWN,False,DAY,1,UNREADABLE_TOO_SMALL,,0.0,"['tiny', 'overexposed', 'unreadable']",False,,train,images/train/cam05_50101_135_471_169x141.jpg,vehicle_crop,1220.211,143.97,55.95,UNKNOWN,UNKNOWN,UNREADABLE_TOO_SMALL,tiny|overexposed|unreadable,adjudicated_proposal,vlm,False,p000449
cam05_50101_135_471_169x141,cam05,50101,D:\tessttt\testttttt\reports\deep\frames\cam05_0101.jpg,"[154.0, 97.3, 162.7, 102.2]",8.7,4.9,42.63,0.0018,1.7755,VERY_SMALL,0.2672,vehicle_crop,7297.4375,215.95,48.4948,0.0,0.5215,,UNKNOWN,False,DAY,1,UNREADABLE_TOO_SMALL,,0.0,"['tiny', 'overexposed', 'low_confidence', 'unreadable']",False,,train,images/train/cam05_50101_135_471_169x141.jpg,vehicle_crop,1220.211,143.97,55.95,UNKNOWN,UNKNOWN,UNREADABLE_TOO_SMALL,tiny|overexposed|low_confidence|unreadable,adjudicated_proposal,vlm,False,p000450
cam05_50105_1114_440_116x103,cam05,50105,D:\tessttt\testttttt\reports\deep\frames\cam05_0105.jpg,"[61.7, 66.3, 81.0, 72.5]",19.4,6.2,120.28,0.0101,3.129,SMALL,0.3931,vehicle_crop,15344.2489,171.7167,64.5372,0.0,0.6322,,UNKNOWN,False,DAY,1,UNREADABLE_TOO_SMALL,,0.0,['unreadable'],False,,train,images/train/cam05_50105_1114_440_116x103.jpg,vehicle_crop,1411.543,143.11,57.0,UNKNOWN,UNKNOWN,UNREADABLE_TOO_SMALL,unreadable,adjudicated_proposal,vlm,False,p000452
cam05_50106_1226_502_173x138,cam05,50106,D:\tessttt\testttttt\reports\deep\frames\cam05_0106.jpg,"[97.0, 100.7, 122.8, 107.8]",25.8,7.1,183.18,0.0077,3.6338,MEDIUM,0.8675,vehicle_crop,9690.7135,202.0857,62.9047,0.0,0.609,,UNKNOWN,False,DAY,1,UNREADABLE_TOO_SMALL,,0.0,"['overexposed', 'unreadable']",False,,train,images/train/cam05_50106_1226_502_173x138.jpg,vehicle_crop,1700.115,142.52,57.37,UNKNOWN,UNKNOWN,UNREADABLE_TOO_SMALL,overexposed|unreadable,adjudicated_proposal,vlm,False,p000454
cam05_50107_1422_601_294x228,cam05,50107,D:\tessttt\testttttt\reports\deep\frames\cam05_0107.jpg,"[180.7, 165.7, 221.6, 176.9]",40.9,11.2,458.08,0.0068,3.6518,MEDIUM,0.8567,vehicle_crop,8013.3284,195.7339,66.7222,0.0,0.6479,0.0,FRONTAL,False,DAY,1,UNREADABLE_TOO_SMALL,,0.0,['unreadable'],False,,train,images/train/cam05_50107_1422_601_294x228.jpg,vehicle_crop,1184.0,143.19,56.5,UNKNOWN,UNKNOWN,UNREADABLE_TOO_SMALL,unreadable,adjudicated_proposal,vlm,False,p000455
cam05_50108_289_443_102x57,cam05,50108,D:\tessttt\testttttt\reports\deep\frames\cam05_0108.jpg,"[52.6, 33.0, 62.1, 36.8]",9.5,3.8,36.1,0.0062,2.5,VERY_SMALL,0.2978,vehicle_crop,1245.4267,67.2,14.8018,0.0,0.4428,,UNKNOWN,False,DAY,1,UNREADABLE_TOO_SMALL,,0.0,"['tiny', 'low_light', 'low_contrast', 'low_confidence', 'unreadable']",False,,train,images/train/cam05_50108_289_443_102x57.jpg,vehicle_crop,1148.791,143.91,56.13,UNKNOWN,UNKNOWN,UNREADABLE_TOO_SMALL,tiny|low_light|low_contrast|low_confidence|unreadable,adjudicated_proposal,vlm,False,p000457
cam05_50108_289_443_102x57,cam05,50108,D:\tessttt\testttttt\reports\deep\frames\cam05_0108.jpg,"[52.0, 27.7, 70.6, 32.5]",18.6,4.8,89.28,0.0154,3.875,SMALL,0.25,vehicle_crop,9536.3902,147.2333,64.2324,0.0,0.655,,UNKNOWN,False,DAY,1,UNREADABLE_TOO_SMALL,,0.0,"['low_confidence', 'unreadable']",False,,train,images/train/cam05_50108_289_443_102x57.jpg,vehicle_crop,1148.791,143.91,56.13,UNKNOWN,UNKNOWN,UNREADABLE_TOO_SMALL,low_confidence|unreadable,adjudicated_proposal,vlm,False,p000458
cam05_50113_1187_458_113x92,cam05,50113,D:\tessttt\testttttt\reports\deep\frames\cam05_0113.jpg,"[89.5, 58.2, 95.3, 62.0]",5.8,3.8,22.04,0.0021,1.5263,EXTREMELY_TINY,0.2543,vehicle_crop,7435.8594,71.6667,38.4791,0.0,0.5186,,UNKNOWN,False,DAY,1,UNREADABLE_TOO_SMALL,,0.0,"['tiny', 'low_light', 'low_confidence', 'unreadable']",False,,train,images/train/cam05_50113_1187_458_113x92.jpg,vehicle_crop,653.676,145.48,57.28,UNKNOWN,UNKNOWN,UNREADABLE_TOO_SMALL,tiny|low_light|low_confidence|unreadable,adjudicated_proposal,vlm,False,p000465
cam05_50113_1449_555_199x140,cam05,50113,D:\tessttt\testttttt\reports\deep\frames\cam05_0113.jpg,"[115.7, 96.2, 140.9, 103.8]",25.1,7.6,190.76,0.0068,3.3026,MEDIUM,0.3983,vehicle_crop,6277.4006,188.3429,36.6595,0.0,0.5462,,UNKNOWN,False,DAY,1,UNREADABLE_TOO_SMALL,,0.0,['unreadable'],False,,train,images/train/cam05_50113_1449_555_199x140.jpg,vehicle_crop,653.676,145.48,57.28,UNKNOWN,UNKNOWN,UNREADABLE_TOO_SMALL,unreadable,adjudicated_proposal,vlm,False,p000462
cam05_50114_1307_515_153x117,cam05,50114,D:\tessttt\testttttt\reports\deep\frames\cam05_0114.jpg,"[87.5, 80.0, 112.5, 87.4]",25.0,7.5,187.5,0.0105,3.3333,MEDIUM,0.7083,vehicle_crop,13289.5984,199.3029,40.4435,0.0,0.5468,,UNKNOWN,False,DAY,1,UNREADABLE_TOO_SMALL,,0.0,['unreadable'],False,,train,images/train/cam05_50114_1307_515_153x117.jpg,vehicle_crop,1102.603,143.12,57.39,UNKNOWN,UNKNOWN,UNREADABLE_TOO_SMALL,unreadable,adjudicated_proposal,vlm,False,p000466
cam05_50115_237_408_125x85,cam05,50115,D:\tessttt\testttttt\reports\deep\frames\cam05_0115.jpg,"[61.5, 61.2, 73.5, 64.3]",12.0,3.1,37.2,0.0035,3.871,SMALL,0.5169,vehicle_crop,10285.7122,106.0833,31.0102,0.0,0.5434,,UNKNOWN,False,DAY,1,UNREADABLE_TOO_SMALL,,0.0,"['low_contrast', 'unreadable']",False,,train,images/train/cam05_50115_237_408_125x85.jpg,vehicle_crop,979.475,143.81,56.09,UNKNOWN,UNKNOWN,UNREADABLE_TOO_SMALL,low_contrast|unreadable,adjudicated_proposal,vlm,False,p000470
cam05_50115_1502_604_245x172,cam05,50115,D:\tessttt\testttttt\reports\deep\frames\cam05_0115.jpg,"[149.4, 118.9, 185.4, 129.7]",36.1,10.8,389.88,0.0093,3.3426,MEDIUM,0.7884,vehicle_crop,13988.208,173.6641,73.9596,0.0,0.6621,0.0,FRONTAL,False,DAY,1,UNREADABLE_TOO_SMALL,,0.0,['unreadable'],False,,train,images/train/cam05_50115_1502_604_245x172.jpg,vehicle_crop,979.475,143.81,56.09,UNKNOWN,UNKNOWN,UNREADABLE_TOO_SMALL,unreadable,adjudicated_proposal,vlm,False,p000469
cam05_50119_1324_467_94x95,cam05,50119,D:\tessttt\testttttt\reports\deep\frames\cam05_0119.jpg,"[77.5, 67.1, 84.2, 69.6]",6.7,2.5,16.75,0.0019,2.68,EXTREMELY_TINY,0.213,vehicle_crop,4095.7398,141.1429,18.7154,0.0,0.502,,UNKNOWN,False,DAY,1,UNREADABLE_TOO_SMALL,,0.0,"['tiny', 'low_contrast', 'low_confidence', 'unreadable']",False,,train,images/train/cam05_50119_1324_467_94x95.jpg,vehicle_crop,1079.38,142.11,55.97,UNKNOWN,UNKNOWN,UNREADABLE_TOO_SMALL,tiny|low_contrast|low_confidence|unreadable,adjudicated_proposal,vlm,False,p000471
cam07_70037_345_144_589x626,cam07,70037,D:\tessttt\testttttt\reports\deep\frames\cam07_0037.jpg,"[236.3, 488.7, 326.7, 516.3]",90.5,27.6,2497.8,0.0068,3.279,LARGE,0.813,vehicle_crop,2668.9651,90.2,36.1255,0.0,0.6991,3.1798,FRONTAL,False,DIM,1,NOT_ATTEMPTED,,0.0,[],False,,train,images/train/cam07_70037_345_144_589x626.jpg,vehicle_crop,495.632,80.62,28.49,UNKNOWN,UNKNOWN,NOT_ATTEMPTED,none,adjudicated_proposal,vlm,False,p000475
cam07_70038_595_0_443x367,cam07,70038,D:\tessttt\testttttt\reports\deep\frames\cam07_0038.jpg,"[162.0, 251.5, 220.0, 269.7]",58.0,18.2,1055.6,0.0065,3.1868,LARGE,0.8467,vehicle_crop,3588.745,40.4741,34.0253,0.0,0.5737,0.0,FRONTAL,False,DIM,1,UNREADABLE_TOO_SMALL,,0.0,"['low_light', 'unreadable']",False,,train,images/train/cam07_70038_595_0_443x367.jpg,vehicle_crop,473.442,79.9,28.06,UNKNOWN,UNKNOWN,UNREADABLE_TOO_SMALL,low_light|unreadable,adjudicated_proposal,vlm,False,p000476
cam07_70039_595_0_443x367,cam07,70039,D:\tessttt\testttttt\reports\deep\frames\cam07_0039.jpg,"[162.0, 251.5, 220.0, 269.7]",58.0,18.2,1055.6,0.0065,3.1868,LARGE,0.8467,vehicle_crop,3588.745,40.4741,34.0253,0.0,0.5737,0.0,FRONTAL,False,DIM,1,UNREADABLE_TOO_SMALL,,0.0,"['low_light', 'unreadable']",False,,train,images/train/cam07_70039_595_0_443x367.jpg,vehicle_crop,473.442,79.9,28.06,UNKNOWN,UNKNOWN,UNREADABLE_TOO_SMALL,low_light|unreadable,adjudicated_proposal,vlm,False,p000477
cam07_70099_585_304_101x160,cam07,70099,D:\tessttt\testttttt\reports\deep\frames\cam07_0099.jpg,"[31.7, 53.3, 46.9, 60.4]",15.2,7.1,107.92,0.0067,2.1408,SMALL,0.2787,vehicle_crop,4084.542,113.4571,40.9574,0.0,0.5906,,UNKNOWN,False,DIM,1,UNREADABLE_TOO_SMALL,,0.0,"['low_confidence', 'unreadable']",False,,val,images/val/cam07_70099_585_304_101x160.jpg,vehicle_crop,466.125,83.37,27.01,UNKNOWN,UNKNOWN,UNREADABLE_TOO_SMALL,low_confidence|unreadable,adjudicated_proposal,vlm,False,p000480
cam07_70100_585_304_101x160,cam07,70100,D:\tessttt\testttttt\reports\deep\frames\cam07_0100.jpg,"[31.7, 53.3, 46.9, 60.4]",15.2,7.1,107.92,0.0067,2.1408,SMALL,0.2787,vehicle_crop,4084.542,113.4571,40.9574,0.0,0.5906,,UNKNOWN,False,DIM,1,UNREADABLE_TOO_SMALL,,0.0,"['low_confidence', 'unreadable']",False,,train,images/train/cam07_70100_585_304_101x160.jpg,vehicle_crop,466.125,83.37,27.01,UNKNOWN,UNKNOWN,UNREADABLE_TOO_SMALL,low_confidence|unreadable,adjudicated_proposal,vlm,False,p000481
cam07_70107_333_0_548x487,cam07,70107,D:\tessttt\testttttt\reports\deep\frames\cam07_0107.jpg,"[195.3, 365.2, 262.8, 385.3]",67.5,20.0,1350.0,0.0051,3.375,LARGE,0.817,vehicle_crop,4104.9465,52.3724,37.7613,0.0,0.6172,0.0,FRONTAL,False,DIM,1,NOT_ATTEMPTED,,0.0,['low_light'],False,,train,images/train/cam07_70107_333_0_548x487.jpg,vehicle_crop,457.506,83.19,27.16,UNKNOWN,UNKNOWN,NOT_ATTEMPTED,low_light,adjudicated_proposal,vlm,False,p000483
cam08_80006_350_526_182x265,cam08,80006,D:\tessttt\testttttt\reports\deep\frames\cam08_0006.jpg,"[63.2, 166.2, 89.5, 181.1]",26.3,15.0,394.5,0.0082,1.7533,MEDIUM,0.8513,vehicle_crop,7049.5924,85.7795,55.4447,0.0,0.6306,-7.5946,SLIGHT,False,DAY,1,UNREADABLE_TOO_SMALL,,0.0,['unreadable'],False,,train,images/train/cam08_80006_350_526_182x265.jpg,vehicle_crop,912.687,115.84,54.04,UNKNOWN,UNKNOWN,UNREADABLE_TOO_SMALL,unreadable,adjudicated_proposal,vlm,False,p000486
cam08_80007_350_526_182x265,cam08,80007,D:\tessttt\testttttt\reports\deep\frames\cam08_0007.jpg,"[63.2, 166.2, 89.5, 181.1]",26.3,15.0,394.5,0.0082,1.7533,MEDIUM,0.8513,vehicle_crop,7049.5924,85.7795,55.4447,0.0,0.6306,-7.5946,SLIGHT,False,DAY,1,UNREADABLE_TOO_SMALL,,0.0,['unreadable'],False,,train,images/train/cam08_80007_350_526_182x265.jpg,vehicle_crop,912.687,115.84,54.04,UNKNOWN,UNKNOWN,UNREADABLE_TOO_SMALL,unreadable,adjudicated_proposal,vlm,False,p000487
cam09_90022_332_0_302x216,cam09,90022,D:\tessttt\testttttt\reports\deep\frames\cam09_0022.jpg,"[104.7, 123.9, 165.7, 140.0]",61.0,16.1,982.1,0.0151,3.7888,LARGE,0.8902,vehicle_crop,5346.1905,165.6702,37.2899,0.0,0.6451,0.0,FRONTAL,False,DAY,1,NOT_ATTEMPTED,,0.0,[],False,,train,images/train/cam09_90022_332_0_302x216.jpg,vehicle_crop,371.589,118.06,20.49,UNKNOWN,UNKNOWN,NOT_ATTEMPTED,none,adjudicated_proposal,vlm,False,p000488
cam09_90023_228_97_385x402,cam09,90023,D:\tessttt\testttttt\reports\deep\frames\cam09_0023.jpg,"[141.4, 285.5, 222.4, 310.1]",81.0,24.5,1984.5,0.0128,3.3061,LARGE,0.8953,vehicle_crop,2843.1686,157.9881,38.0632,0.0,0.6961,-2.2026,FRONTAL,False,DAY,1,NOT_ATTEMPTED,,0.0,[],False,,train,images/train/cam09_90023_228_97_385x402.jpg,vehicle_crop,338.803,118.73,22.66,UNKNOWN,UNKNOWN,NOT_ATTEMPTED,none,adjudicated_proposal,vlm,False,p000489
cam09_90024_38_430_570x650,cam09,90024,D:\tessttt\testttttt\reports\deep\frames\cam09_0024.jpg,"[206.0, 507.0, 326.0, 541.0]",120.0,34.0,4080.0,0.011,3.5294,LARGE,0.8748,vehicle_crop,1523.5395,147.0772,39.9033,0.0,0.7921,-1.7357,FRONTAL,False,DAY,1,NOT_ATTEMPTED,,0.0,[],False,,train,images/train/cam09_90024_38_430_570x650.jpg,vehicle_crop,313.893,121.6,28.23,UNKNOWN,UNKNOWN,NOT_ATTEMPTED,none,adjudicated_proposal,vlm,False,p000490
cam09_90048_308_0_420x144,cam09,90048,D:\tessttt\testttttt\reports\deep\frames\cam09_0048.jpg,"[145.9, 81.9, 184.9, 104.9]",39.0,23.0,897.0,0.0148,1.6957,MEDIUM,0.7585,vehicle_crop,1937.0925,110.5072,19.6211,0.0,0.5643,0.0,FRONTAL,False,DAY,1,UNREADABLE_TOO_SMALL,,0.0,"['low_contrast', 'unreadable']",False,,train,images/train/cam09_90048_308_0_420x144.jpg,vehicle_crop,334.937,120.06,26.77,UNKNOWN,UNKNOWN,UNREADABLE_TOO_SMALL,low_contrast|unreadable,adjudicated_proposal,vlm,False,p000491
cam10_100001_0_286_235x251,cam10,100001,D:\tessttt\testttttt\reports\deep\frames\cam10_0001.jpg,"[45.0, 168.4, 97.7, 182.1]",52.7,13.7,721.99,0.0122,3.8467,LARGE,0.9157,vehicle_crop,7990.561,143.5151,52.5038,0.0,0.702,0.0,FRONTAL,False,DAY,1,UNREADABLE_TOO_SMALL,,0.0,['unreadable'],False,,train,images/train/cam10_100001_0_286_235x251.jpg,vehicle_crop,641.768,118.86,34.85,UNKNOWN,UNKNOWN,UNREADABLE_TOO_SMALL,unreadable,adjudicated_proposal,vlm,False,p000492
cam10_100001_429_196_262x229,cam10,100001,D:\tessttt\testttttt\reports\deep\frames\cam10_0001.jpg,"[79.5, 127.3, 125.9, 140.1]",46.4,12.8,593.92,0.0099,3.625,LARGE,0.8929,vehicle_crop,11838.3562,138.4064,60.5479,0.0,0.7206,0.0,FRONTAL,False,DAY,1,UNREADABLE_TOO_SMALL,,0.0,['unreadable'],False,,train,images/train/cam10_100001_429_196_262x229.jpg,vehicle_crop,641.768,118.86,34.85,UNKNOWN,UNKNOWN,UNREADABLE_TOO_SMALL,unreadable,adjudicated_proposal,vlm,False,p000493
cam10_100001_1193_4_304x374,cam10,100001,D:\tessttt\testttttt\reports\deep\frames\cam10_0001.jpg,"[122.7, 286.2, 166.1, 298.2]",43.4,12.0,520.8,0.0046,3.6167,LARGE,0.871,vehicle_crop,9293.1916,123.5341,39.7669,0.0,0.6557,0.0,FRONTAL,False,DAY,1,UNREADABLE_TOO_SMALL,,0.0,['unreadable'],False,,train,images/train/cam10_100001_1193_4_304x374.jpg,vehicle_crop,641.768,118.86,34.85,UNKNOWN,UNKNOWN,UNREADABLE_TOO_SMALL,unreadable,adjudicated_proposal,vlm,False,p000494
cam10_100001_1547_70_144x194,cam10,100001,D:\tessttt\testttttt\reports\deep\frames\cam10_0001.jpg,"[110.8, 140.5, 124.6, 149.6]",13.8,9.1,125.58,0.0045,1.5165,SMALL,0.5932,vehicle_crop,9644.5287,113.2302,70.2521,0.0,0.6518,,UNKNOWN,False,DAY,1,UNREADABLE_TOO_SMALL,,0.0,['unreadable'],False,,train,images/train/cam10_100001_1547_70_144x194.jpg,vehicle_crop,641.768,118.86,34.85,UNKNOWN,UNKNOWN,UNREADABLE_TOO_SMALL,unreadable,adjudicated_proposal,vlm,False,p000495
cam10_100002_0_286_234x251,cam10,100002,D:\tessttt\testttttt\reports\deep\frames\cam10_0002.jpg,"[45.4, 168.4, 97.7, 182.1]",52.3,13.7,716.51,0.0122,3.8175,LARGE,0.9148,vehicle_crop,7587.8339,143.4684,52.0963,0.0,0.7007,0.0,FRONTAL,False,DAY,1,UNREADABLE_TOO_SMALL,,0.0,['unreadable'],False,,train,images/train/cam10_100002_0_286_234x251.jpg,vehicle_crop,633.229,119.06,35.32,UNKNOWN,UNKNOWN,UNREADABLE_TOO_SMALL,unreadable,adjudicated_proposal,vlm,False,p000496
cam10_100002_457_162_264x243,cam10,100002,D:\tessttt\testttttt\reports\deep\frames\cam10_0002.jpg,"[77.3, 142.4, 121.2, 154.9]",43.9,12.5,548.75,0.0086,3.512,LARGE,0.8872,vehicle_crop,10344.0389,138.8371,58.7444,0.0,0.712,0.0,FRONTAL,False,DAY,1,UNREADABLE_TOO_SMALL,,0.0,['unreadable'],False,,train,images/train/cam10_100002_457_162_264x243.jpg,vehicle_crop,633.229,119.06,35.32,UNKNOWN,UNKNOWN,UNREADABLE_TOO_SMALL,unreadable,adjudicated_proposal,vlm,False,p000497
cam10_100002_1166_22_341x420,cam10,100002,D:\tessttt\testttttt\reports\deep\frames\cam10_0002.jpg,"[144.2, 323.7, 190.2, 336.5]",46.1,12.8,590.08,0.0041,3.6016,LARGE,0.8804,vehicle_crop,7222.6323,132.9381,39.2685,0.0,0.6575,0.0,FRONTAL,False,DAY,1,UNREADABLE_TOO_SMALL,,0.0,['unreadable'],False,,train,images/train/cam10_100002_1166_22_341x420.jpg,vehicle_crop,633.229,119.06,35.32,UNKNOWN,UNKNOWN,UNREADABLE_TOO_SMALL,unreadable,adjudicated_proposal,vlm,False,p000498
cam10_100002_1547_71_144x195,cam10,100002,D:\tessttt\testttttt\reports\deep\frames\cam10_0002.jpg,"[110.2, 139.4, 124.7, 148.6]",14.5,9.2,133.4,0.0048,1.5761,SMALL,0.4113,vehicle_crop,9338.7033,113.0,69.0458,0.0,0.6516,,UNKNOWN,False,DAY,1,UNREADABLE_TOO_SMALL,,0.0,['unreadable'],False,,train,images/train/cam10_100002_1547_71_144x195.jpg,vehicle_crop,633.229,119.06,35.32,UNKNOWN,UNKNOWN,UNREADABLE_TOO_SMALL,unreadable,adjudicated_proposal,vlm,False,p000499
cam10_100003_0_286_234x251,cam10,100003,D:\tessttt\testttttt\reports\deep\frames\cam10_0003.jpg,"[45.4, 168.4, 97.7, 182.1]",52.3,13.7,716.51,0.0122,3.8175,LARGE,0.9146,vehicle_crop,7606.7168,143.7404,52.029,0.0,0.7002,0.0,FRONTAL,False,DAY,1,UNREADABLE_TOO_SMALL,,0.0,['unreadable'],False,,train,images/train/cam10_100003_0_286_234x251.jpg,vehicle_crop,657.316,119.0,36.24,UNKNOWN,UNKNOWN,UNREADABLE_TOO_SMALL,unreadable,adjudicated_proposal,vlm,False,p000500
cam10_100003_477_155_278x228,cam10,100003,D:\tessttt\testttttt\reports\deep\frames\cam10_0003.jpg,"[94.7, 129.5, 137.4, 140.9]",42.7,11.4,486.78,0.0077,3.7456,MEDIUM,0.8807,vehicle_crop,10083.3001,141.5285,57.1499,0.0,0.7017,-0.0,FRONTAL,False,DAY,1,UNREADABLE_TOO_SMALL,,0.0,['unreadable'],False,,train,images/train/cam10_100003_477_155_278x228.jpg,vehicle_crop,657.316,119.0,36.24,UNKNOWN,UNKNOWN,UNREADABLE_TOO_SMALL,unreadable,adjudicated_proposal,vlm,False,p000501
cam10_100003_1149_50_368x481,cam10,100003,D:\tessttt\testttttt\reports\deep\frames\cam10_0003.jpg,"[151.2, 373.8, 203.3, 388.4]",52.1,14.7,765.87,0.0043,3.5442,LARGE,0.8757,vehicle_crop,9567.2521,134.5603,42.2683,0.0,0.6777,0.0,FRONTAL,False,DAY,1,UNREADABLE_TOO_SMALL,,0.0,['unreadable'],False,,train,images/train/cam10_100003_1149_50_368x481.jpg,vehicle_crop,657.316,119.0,36.24,UNKNOWN,UNKNOWN,UNREADABLE_TOO_SMALL,unreadable,adjudicated_proposal,vlm,False,p000502
cam10_100003_1547_71_144x194,cam10,100003,D:\tessttt\testttttt\reports\deep\frames\cam10_0003.jpg,"[110.5, 139.6, 124.6, 148.7]",14.1,9.1,128.31,0.0046,1.5495,SMALL,0.4233,vehicle_crop,9368.448,113.7698,69.5718,0.0,0.6524,,UNKNOWN,False,DAY,1,UNREADABLE_TOO_SMALL,,0.0,['unreadable'],False,,train,images/train/cam10_100003_1547_71_144x194.jpg,vehicle_crop,657.316,119.0,36.24,UNKNOWN,UNKNOWN,UNREADABLE_TOO_SMALL,unreadable,adjudicated_proposal,vlm,False,p000503
cam10_100004_0_286_234x250,cam10,100004,D:\tessttt\testttttt\reports\deep\frames\cam10_0004.jpg,"[45.2, 168.4, 97.6, 182.1]",52.4,13.7,717.88,0.0123,3.8248,LARGE,0.9169,vehicle_crop,7612.4129,143.7514,52.0085,0.0,0.7001,0.0,FRONTAL,False,DAY,1,UNREADABLE_TOO_SMALL,,0.0,['unreadable'],False,,train,images/train/cam10_100004_0_286_234x250.jpg,vehicle_crop,597.85,119.26,36.32,UNKNOWN,UNKNOWN,UNREADABLE_TOO_SMALL,unreadable,adjudicated_proposal,vlm,False,p000504
cam10_100004_488_155_291x206,cam10,100004,D:\tessttt\testttttt\reports\deep\frames\cam10_0004.jpg,"[107.8, 116.8, 150.0, 128.8]",42.2,12.0,506.4,0.0084,3.5167,MEDIUM,0.8466,vehicle_crop,7620.1642,133.4186,55.6292,0.0,0.7055,0.0,FRONTAL,False,DAY,1,UNREADABLE_TOO_SMALL,,0.0,['unreadable'],False,,train,images/train/cam10_100004_488_155_291x206.jpg,vehicle_crop,597.85,119.26,36.32,UNKNOWN,UNKNOWN,UNREADABLE_TOO_SMALL,unreadable,adjudicated_proposal,vlm,False,p000505
cam10_100005_0_286_234x251,cam10,100005,D:\tessttt\testttttt\reports\deep\frames\cam10_0005.jpg,"[45.4, 168.4, 97.7, 182.1]",52.3,13.7,716.51,0.0122,3.8175,LARGE,0.9156,vehicle_crop,7599.8157,143.7033,52.0741,0.0,0.7004,0.0,FRONTAL,False,DAY,1,UNREADABLE_TOO_SMALL,,0.0,['unreadable'],False,,train,images/train/cam10_100005_0_286_234x251.jpg,vehicle_crop,596.839,119.25,36.37,UNKNOWN,UNKNOWN,UNREADABLE_TOO_SMALL,unreadable,adjudicated_proposal,vlm,False,p000506
cam10_100005_491_156_289x201,cam10,100005,D:\tessttt\testttttt\reports\deep\frames\cam10_0005.jpg,"[107.1, 114.2, 149.0, 126.6]",41.9,12.3,515.37,0.0089,3.4065,MEDIUM,0.8268,vehicle_crop,9217.5441,133.2381,57.5055,0.0,0.71,0.0,FRONTAL,False,DAY,1,UNREADABLE_TOO_SMALL,,0.0,['unreadable'],False,,train,images/train/cam10_100005_491_156_289x201.jpg,vehicle_crop,596.839,119.25,36.37,UNKNOWN,UNKNOWN,UNREADABLE_TOO_SMALL,unreadable,adjudicated_proposal,vlm,False,p000507
cam10_100005_1546_70_146x196,cam10,100005,D:\tessttt\testttttt\reports\deep\frames\cam10_0005.jpg,"[111.4, 140.8, 125.7, 149.4]",14.3,8.6,122.98,0.0043,1.6628,SMALL,0.4465,vehicle_crop,9253.4989,114.3968,69.5198,0.0,0.6531,,UNKNOWN,False,DAY,1,UNREADABLE_TOO_SMALL,,0.0,['unreadable'],False,,train,images/train/cam10_100005_1546_70_146x196.jpg,vehicle_crop,596.839,119.25,36.37,UNKNOWN,UNKNOWN,UNREADABLE_TOO_SMALL,unreadable,adjudicated_proposal,vlm,False,p000508
cam10_100006_0_286_234x251,cam10,100006,D:\tessttt\testttttt\reports\deep\frames\cam10_0006.jpg,"[45.4, 168.4, 97.7, 182.1]",52.3,13.7,716.51,0.0122,3.8175,LARGE,0.9153,vehicle_crop,7691.5598,143.6731,52.1851,0.0,0.7008,0.0,FRONTAL,False,DAY,1,UNREADABLE_TOO_SMALL,,0.0,['unreadable'],False,,train,images/train/cam10_100006_0_286_234x251.jpg,vehicle_crop,631.977,119.08,36.57,UNKNOWN,UNKNOWN,UNREADABLE_TOO_SMALL,unreadable,adjudicated_proposal,vlm,False,p000509
cam10_100006_493_156_286x208,cam10,100006,D:\tessttt\testttttt\reports\deep\frames\cam10_0006.jpg,"[106.0, 113.9, 148.3, 126.1]",42.3,12.2,516.06,0.0087,3.4672,MEDIUM,0.8192,vehicle_crop,11108.8151,127.9103,58.003,0.0,0.7172,0.0,FRONTAL,False,DAY,1,UNREADABLE_TOO_SMALL,,0.0,['unreadable'],False,,train,images/train/cam10_100006_493_156_286x208.jpg,vehicle_crop,631.977,119.08,36.57,UNKNOWN,UNKNOWN,UNREADABLE_TOO_SMALL,unreadable,adjudicated_proposal,vlm,False,p000510
cam10_100006_1118_52_402x604,cam10,100006,D:\tessttt\testttttt\reports\deep\frames\cam10_0006.jpg,"[176.8, 455.1, 229.2, 468.9]",52.4,13.8,723.12,0.003,3.7971,LARGE,0.5543,vehicle_crop,5639.7346,137.6154,40.7701,0.0,0.6714,-0.0,FRONTAL,False,DAY,1,UNREADABLE_TOO_SMALL,,0.0,['unreadable'],False,,train,images/train/cam10_100006_1118_52_402x604.jpg,vehicle_crop,631.977,119.08,36.57,UNKNOWN,UNKNOWN,UNREADABLE_TOO_SMALL,unreadable,adjudicated_proposal,vlm,False,p000511
cam10_100006_1546_70_145x195,cam10,100006,D:\tessttt\testttttt\reports\deep\frames\cam10_0006.jpg,"[111.4, 140.6, 125.6, 149.5]",14.2,8.9,126.38,0.0045,1.5955,SMALL,0.2201,vehicle_crop,9253.4989,114.3968,69.5198,0.0,0.6531,,UNKNOWN,False,DAY,1,UNREADABLE_TOO_SMALL,,0.0,"['low_confidence', 'unreadable']",False,,train,images/train/cam10_100006_1546_70_145x195.jpg,vehicle_crop,631.977,119.08,36.57,UNKNOWN,UNKNOWN,UNREADABLE_TOO_SMALL,low_confidence|unreadable,adjudicated_proposal,vlm,False,p000512
cam10_100007_0_286_234x250,cam10,100007,D:\tessttt\testttttt\reports\deep\frames\cam10_0007.jpg,"[45.2, 168.4, 97.6, 182.1]",52.4,13.7,717.88,0.0123,3.8248,LARGE,0.916,vehicle_crop,7599.8157,143.7033,52.0741,0.0,0.7004,0.0,FRONTAL,False,DAY,1,UNREADABLE_TOO_SMALL,,0.0,['unreadable'],False,,train,images/train/cam10_100007_0_286_234x250.jpg,vehicle_crop,612.47,118.44,37.47,UNKNOWN,UNKNOWN,UNREADABLE_TOO_SMALL,unreadable,adjudicated_proposal,vlm,False,p000513
cam10_100007_487_159_292x192,cam10,100007,D:\tessttt\testttttt\reports\deep\frames\cam10_0007.jpg,"[111.3, 111.4, 136.2, 121.7]",25.0,10.3,257.5,0.0046,2.4272,MEDIUM,0.6404,vehicle_crop,4918.4523,144.876,49.3287,0.0,0.636,0.0,FRONTAL,False,DAY,1,UNREADABLE_TOO_SMALL,,0.0,['unreadable'],False,,train,images/train/cam10_100007_487_159_292x192.jpg,vehicle_crop,612.47,118.44,37.47,UNKNOWN,UNKNOWN,UNREADABLE_TOO_SMALL,unreadable,adjudicated_proposal,vlm,False,p000514
cam10_100008_0_286_234x250,cam10,100008,D:\tessttt\testttttt\reports\deep\frames\cam10_0008.jpg,"[45.2, 168.4, 97.6, 182.1]",52.4,13.7,717.88,0.0123,3.8248,LARGE,0.916,vehicle_crop,7599.8157,143.7033,52.0741,0.0,0.7004,0.0,FRONTAL,False,DAY,1,UNREADABLE_TOO_SMALL,,0.0,['unreadable'],False,,train,images/train/cam10_100008_0_286_234x250.jpg,vehicle_crop,612.47,118.44,37.47,UNKNOWN,UNKNOWN,UNREADABLE_TOO_SMALL,unreadable,adjudicated_proposal,vlm,False,p000515
cam10_100008_487_159_292x192,cam10,100008,D:\tessttt\testttttt\reports\deep\frames\cam10_0008.jpg,"[111.3, 111.4, 136.2, 121.7]",25.0,10.3,257.5,0.0046,2.4272,MEDIUM,0.6404,vehicle_crop,4918.4523,144.876,49.3287,0.0,0.636,0.0,FRONTAL,False,DAY,1,UNREADABLE_TOO_SMALL,,0.0,['unreadable'],False,,train,images/train/cam10_100008_487_159_292x192.jpg,vehicle_crop,612.47,118.44,37.47,UNKNOWN,UNKNOWN,UNREADABLE_TOO_SMALL,unreadable,adjudicated_proposal,vlm,False,p000516
cam10_100009_0_286_234x250,cam10,100009,D:\tessttt\testttttt\reports\deep\frames\cam10_0009.jpg,"[45.2, 168.4, 97.6, 182.1]",52.4,13.7,717.88,0.0123,3.8248,LARGE,0.9163,vehicle_crop,7604.3529,143.6703,52.141,0.0,0.7007,0.0,FRONTAL,False,DAY,1,UNREADABLE_TOO_SMALL,,0.0,['unreadable'],False,,train,images/train/cam10_100009_0_286_234x250.jpg,vehicle_crop,615.571,118.56,38.01,UNKNOWN,UNKNOWN,UNREADABLE_TOO_SMALL,unreadable,adjudicated_proposal,vlm,False,p000517
cam10_100009_492_159_285x189,cam10,100009,D:\tessttt\testttttt\reports\deep\frames\cam10_0009.jpg,"[106.1, 111.6, 130.8, 121.6]",24.8,10.0,248.0,0.0046,2.48,MEDIUM,0.6966,vehicle_crop,4937.0054,146.4375,49.1935,0.0,0.6318,0.0,FRONTAL,False,DAY,1,UNREADABLE_TOO_SMALL,,0.0,['unreadable'],False,,train,images/train/cam10_100009_492_159_285x189.jpg,vehicle_crop,615.571,118.56,38.01,UNKNOWN,UNKNOWN,UNREADABLE_TOO_SMALL,unreadable,adjudicated_proposal,vlm,False,p000518
cam10_100010_0_286_234x250,cam10,100010,D:\tessttt\testttttt\reports\deep\frames\cam10_0010.jpg,"[45.2, 168.4, 97.6, 182.1]",52.4,13.7,717.88,0.0123,3.8248,LARGE,0.9164,vehicle_crop,7604.3529,143.6703,52.141,0.0,0.7007,0.0,FRONTAL,False,DAY,1,UNREADABLE_TOO_SMALL,,0.0,['unreadable'],False,,train,images/train/cam10_100010_0_286_234x250.jpg,vehicle_crop,629.174,118.61,38.26,UNKNOWN,UNKNOWN,UNREADABLE_TOO_SMALL,unreadable,adjudicated_proposal,vlm,False,p000519
cam10_100010_490_158_286x193,cam10,100010,D:\tessttt\testttttt\reports\deep\frames\cam10_0010.jpg,"[108.2, 112.6, 133.0, 122.2]",24.8,9.6,238.08,0.0043,2.5833,MEDIUM,0.6616,vehicle_crop,4873.9219,145.416,49.1947,0.0,0.6349,0.0,FRONTAL,False,DAY,1,UNREADABLE_TOO_SMALL,,0.0,['unreadable'],False,,train,images/train/cam10_100010_490_158_286x193.jpg,vehicle_crop,629.174,118.61,38.26,UNKNOWN,UNKNOWN,UNREADABLE_TOO_SMALL,unreadable,adjudicated_proposal,vlm,False,p000520
cam10_100011_0_286_234x250,cam10,100011,D:\tessttt\testttttt\reports\deep\frames\cam10_0011.jpg,"[45.2, 168.1, 97.6, 182.5]",52.4,14.4,754.56,0.0129,3.6389,LARGE,0.9177,vehicle_crop,8875.0366,143.842,52.7649,0.0,0.7026,0.0,FRONTAL,False,DAY,1,UNREADABLE_TOO_SMALL,,0.0,['unreadable'],False,,train,images/train/cam10_100011_0_286_234x250.jpg,vehicle_crop,667.079,118.74,38.25,UNKNOWN,UNKNOWN,UNREADABLE_TOO_SMALL,unreadable,adjudicated_proposal,vlm,False,p000521
cam10_100011_503_162_274x185,cam10,100011,D:\tessttt\testttttt\reports\deep\frames\cam10_0011.jpg,"[95.1, 108.1, 120.4, 118.9]",25.4,10.8,274.32,0.0054,2.3519,MEDIUM,0.763,vehicle_crop,4174.7517,144.948,47.4721,0.0,0.6297,0.0,FRONTAL,False,DAY,1,UNREADABLE_TOO_SMALL,,0.0,['unreadable'],False,,train,images/train/cam10_100011_503_162_274x185.jpg,vehicle_crop,667.079,118.74,38.25,UNKNOWN,UNKNOWN,UNREADABLE_TOO_SMALL,unreadable,adjudicated_proposal,vlm,False,p000522
cam10_100012_0_286_234x250,cam10,100012,D:\tessttt\testttttt\reports\deep\frames\cam10_0012.jpg,"[45.2, 168.1, 97.6, 182.5]",52.4,14.4,754.56,0.0129,3.6389,LARGE,0.9178,vehicle_crop,8875.0366,143.842,52.7649,0.0,0.7026,0.0,FRONTAL,False,DAY,1,UNREADABLE_TOO_SMALL,,0.0,['unreadable'],False,,train,images/train/cam10_100012_0_286_234x250.jpg,vehicle_crop,689.036,118.68,38.36,UNKNOWN,UNKNOWN,UNREADABLE_TOO_SMALL,unreadable,adjudicated_proposal,vlm,False,p000523
cam10_100012_491_151_316x198,cam10,100012,D:\tessttt\testttttt\reports\deep\frames\cam10_0012.jpg,"[106.9, 119.3, 132.5, 130.4]",25.5,11.1,283.05,0.0045,2.2973,MEDIUM,0.5523,vehicle_crop,4928.6467,143.2797,46.338,0.0,0.6297,0.0,FRONTAL,False,DAY,1,UNREADABLE_TOO_SMALL,,0.0,['unreadable'],False,,train,images/train/cam10_100012_491_151_316x198.jpg,vehicle_crop,689.036,118.68,38.36,UNKNOWN,UNKNOWN,UNREADABLE_TOO_SMALL,unreadable,adjudicated_proposal,vlm,False,p000525
cam10_100013_0_286_234x250,cam10,100013,D:\tessttt\testttttt\reports\deep\frames\cam10_0013.jpg,"[45.2, 168.1, 97.6, 182.1]",52.4,14.1,738.84,0.0126,3.7163,LARGE,0.9182,vehicle_crop,8889.8894,143.886,52.7489,0.0,0.7025,0.0,FRONTAL,False,DAY,1,UNREADABLE_TOO_SMALL,,0.0,['unreadable'],False,,train,images/train/cam10_100013_0_286_234x250.jpg,vehicle_crop,697.998,118.18,38.73,UNKNOWN,UNKNOWN,UNREADABLE_TOO_SMALL,unreadable,adjudicated_proposal,vlm,False,p000526
cam10_100013_491_152_312x199,cam10,100013,D:\tessttt\testttttt\reports\deep\frames\cam10_0013.jpg,"[107.1, 118.3, 132.7, 129.2]",25.7,10.9,280.13,0.0045,2.3578,MEDIUM,0.5894,vehicle_crop,5133.7178,145.5855,46.1486,0.0,0.6246,0.0,FRONTAL,False,DAY,1,UNREADABLE_TOO_SMALL,,0.0,['unreadable'],False,,train,images/train/cam10_100013_491_152_312x199.jpg,vehicle_crop,697.998,118.18,38.73,UNKNOWN,UNKNOWN,UNREADABLE_TOO_SMALL,unreadable,adjudicated_proposal,vlm,False,p000527
cam10_100014_0_286_234x250,cam10,100014,D:\tessttt\testttttt\reports\deep\frames\cam10_0014.jpg,"[45.2, 168.1, 97.6, 182.5]",52.4,14.4,754.56,0.0129,3.6389,LARGE,0.9176,vehicle_crop,8922.8948,143.8736,52.8041,0.0,0.7027,0.0,FRONTAL,False,DAY,1,UNREADABLE_TOO_SMALL,,0.0,['unreadable'],False,,train,images/train/cam10_100014_0_286_234x250.jpg,vehicle_crop,694.999,118.45,38.71,UNKNOWN,UNKNOWN,UNREADABLE_TOO_SMALL,unreadable,adjudicated_proposal,vlm,False,p000528
cam10_100014_488_151_315x199,cam10,100014,D:\tessttt\testttttt\reports\deep\frames\cam10_0014.jpg,"[110.0, 118.9, 135.4, 130.0]",25.5,11.0,280.5,0.0045,2.3182,MEDIUM,0.4481,vehicle_crop,5125.4539,139.2533,49.0418,0.0,0.6412,0.0,FRONTAL,False,DAY,1,UNREADABLE_TOO_SMALL,,0.0,['unreadable'],False,,train,images/train/cam10_100014_488_151_315x199.jpg,vehicle_crop,694.999,118.45,38.71,UNKNOWN,UNKNOWN,UNREADABLE_TOO_SMALL,unreadable,adjudicated_proposal,vlm,False,p000529
cam10_100015_0_286_234x250,cam10,100015,D:\tessttt\testttttt\reports\deep\frames\cam10_0015.jpg,"[45.2, 168.4, 97.6, 182.5]",52.4,14.1,738.84,0.0126,3.7163,LARGE,0.9181,vehicle_crop,8940.2886,143.8805,52.9704,0.0,0.7032,0.0,FRONTAL,False,DAY,1,UNREADABLE_TOO_SMALL,,0.0,['unreadable'],False,,train,images/train/cam10_100015_0_286_234x250.jpg,vehicle_crop,682.481,118.07,39.03,UNKNOWN,UNKNOWN,UNREADABLE_TOO_SMALL,unreadable,adjudicated_proposal,vlm,False,p000530
cam10_100015_484_151_322x200,cam10,100015,D:\tessttt\testttttt\reports\deep\frames\cam10_0015.jpg,"[113.8, 119.1, 139.9, 130.5]",26.1,11.3,294.93,0.0046,2.3097,MEDIUM,0.5621,vehicle_crop,4851.6057,143.8287,46.1215,0.0,0.6284,0.0,FRONTAL,False,DAY,1,UNREADABLE_TOO_SMALL,,0.0,['unreadable'],False,,train,images/train/cam10_100015_484_151_322x200.jpg,vehicle_crop,682.481,118.07,39.03,UNKNOWN,UNKNOWN,UNREADABLE_TOO_SMALL,unreadable,adjudicated_proposal,vlm,False,p000531
cam10_100016_0_286_234x250,cam10,100016,D:\tessttt\testttttt\reports\deep\frames\cam10_0016.jpg,"[45.2, 168.1, 97.6, 182.1]",52.4,14.1,738.84,0.0126,3.7163,LARGE,0.9205,vehicle_crop,9079.2828,143.9286,53.3966,0.0,0.7046,0.0,FRONTAL,False,DAY,1,UNREADABLE_TOO_SMALL,,0.0,['unreadable'],False,,train,images/train/cam10_100016_0_286_234x250.jpg,vehicle_crop,684.218,118.02,39.52,UNKNOWN,UNKNOWN,UNREADABLE_TOO_SMALL,unreadable,adjudicated_proposal,vlm,False,p000532
cam10_100016_484_151_322x196,cam10,100016,D:\tessttt\testttttt\reports\deep\frames\cam10_0016.jpg,"[113.8, 119.1, 139.4, 130.5]",25.6,11.3,289.28,0.0046,2.2655,MEDIUM,0.7463,vehicle_crop,4862.1301,143.8182,46.1164,0.0,0.6284,0.0,FRONTAL,False,DAY,1,UNREADABLE_TOO_SMALL,,0.0,['unreadable'],False,,train,images/train/cam10_100016_484_151_322x196.jpg,vehicle_crop,684.218,118.02,39.52,UNKNOWN,UNKNOWN,UNREADABLE_TOO_SMALL,unreadable,adjudicated_proposal,vlm,False,p000533
cam10_100017_0_286_234x251,cam10,100017,D:\tessttt\testttttt\reports\deep\frames\cam10_0017.jpg,"[45.0, 168.0, 97.3, 182.5]",52.3,14.5,758.35,0.0129,3.6069,LARGE,0.922,vehicle_crop,8070.3659,143.5591,53.015,0.0,0.7037,0.0,FRONTAL,False,DAY,1,UNREADABLE_TOO_SMALL,,0.0,['unreadable'],False,,train,images/train/cam10_100017_0_286_234x251.jpg,vehicle_crop,638.826,116.46,40.79,UNKNOWN,UNKNOWN,UNREADABLE_TOO_SMALL,unreadable,adjudicated_proposal,vlm,False,p000534
cam10_100017_0_582_303x414,cam10,100017,D:\tessttt\testttttt\reports\deep\frames\cam10_0017.jpg,"[91.3, 296.3, 127.9, 317.1]",36.5,20.8,759.2,0.0061,1.7548,MEDIUM,0.789,vehicle_crop,2004.6265,96.3479,30.5947,0.0,0.5794,0.0,FRONTAL,False,DAY,1,UNREADABLE_TOO_SMALL,,0.0,"['low_contrast', 'unreadable']",False,,train,images/train/cam10_100017_0_582_303x414.jpg,vehicle_crop,638.826,116.46,40.79,UNKNOWN,UNKNOWN,UNREADABLE_TOO_SMALL,low_contrast|unreadable,adjudicated_proposal,vlm,False,p000535
cam10_100017_480_152_326x197,cam10,100017,D:\tessttt\testttttt\reports\deep\frames\cam10_0017.jpg,"[117.5, 117.9, 143.7, 129.8]",26.2,11.9,311.78,0.0049,2.2017,MEDIUM,0.5184,vehicle_crop,4507.0661,138.3686,48.4627,0.0,0.6422,0.0,FRONTAL,False,DAY,1,UNREADABLE_TOO_SMALL,,0.0,['unreadable'],False,,train,images/train/cam10_100017_480_152_326x197.jpg,vehicle_crop,638.826,116.46,40.79,UNKNOWN,UNKNOWN,UNREADABLE_TOO_SMALL,unreadable,adjudicated_proposal,vlm,False,p000536
cam10_100018_0_286_234x251,cam10,100018,D:\tessttt\testttttt\reports\deep\frames\cam10_0018.jpg,"[45.0, 168.0, 97.3, 182.5]",52.3,14.5,758.35,0.0129,3.6069,LARGE,0.922,vehicle_crop,8230.978,143.5769,53.4471,0.0,0.7051,0.0,FRONTAL,False,DAY,1,UNREADABLE_TOO_SMALL,,0.0,['unreadable'],False,,train,images/train/cam10_100018_0_286_234x251.jpg,vehicle_crop,639.372,116.44,40.73,UNKNOWN,UNKNOWN,UNREADABLE_TOO_SMALL,unreadable,adjudicated_proposal,vlm,False,p000537
cam10_100018_26_529_306x386,cam10,100018,D:\tessttt\testttttt\reports\deep\frames\cam10_0018.jpg,"[118.3, 269.8, 155.3, 295.7]",37.0,25.8,954.6,0.0081,1.4341,MEDIUM,0.7666,vehicle_crop,1840.4552,76.1881,31.9251,0.0,0.5637,0.0,FRONTAL,False,DAY,1,UNREADABLE_TOO_SMALL,,0.0,"['low_light', 'low_contrast', 'unreadable']",False,,train,images/train/cam10_100018_26_529_306x386.jpg,vehicle_crop,639.372,116.44,40.73,UNKNOWN,UNKNOWN,UNREADABLE_TOO_SMALL,low_light|low_contrast|unreadable,adjudicated_proposal,vlm,False,p000538
cam10_100018_480_151_327x198,cam10,100018,D:\tessttt\testttttt\reports\deep\frames\cam10_0018.jpg,"[117.3, 118.8, 143.6, 130.2]",26.3,11.4,299.82,0.0046,2.307,MEDIUM,0.7483,vehicle_crop,4507.0661,138.3686,48.4627,0.0,0.6422,0.0,FRONTAL,False,DAY,1,UNREADABLE_TOO_SMALL,,0.0,['unreadable'],False,,train,images/train/cam10_100018_480_151_327x198.jpg,vehicle_crop,639.372,116.44,40.73,UNKNOWN,UNKNOWN,UNREADABLE_TOO_SMALL,unreadable,adjudicated_proposal,vlm,False,p000539
cam10_100019_0_286_234x251,cam10,100019,D:\tessttt\testttttt\reports\deep\frames\cam10_0019.jpg,"[45.0, 168.0, 97.3, 182.5]",52.3,14.5,758.35,0.0129,3.6069,LARGE,0.9226,vehicle_crop,8230.5204,143.5879,53.4512,0.0,0.7051,0.0,FRONTAL,False,DAY,1,UNREADABLE_TOO_SMALL,,0.0,['unreadable'],False,,train,images/train/cam10_100019_0_286_234x251.jpg,vehicle_crop,642.907,116.53,40.66,UNKNOWN,UNKNOWN,UNREADABLE_TOO_SMALL,unreadable,adjudicated_proposal,vlm,False,p000540
cam10_100019_34_525_303x378,cam10,100019,D:\tessttt\testttttt\reports\deep\frames\cam10_0019.jpg,"[118.5, 265.0, 152.5, 288.0]",34.0,23.0,782.0,0.0068,1.4783,MEDIUM,0.8105,vehicle_crop,2290.6605,82.0473,31.1206,0.0,0.5615,3.8141,FRONTAL,False,DAY,1,UNREADABLE_TOO_SMALL,,0.0,"['low_light', 'low_contrast', 'unreadable']",False,,train,images/train/cam10_100019_34_525_303x378.jpg,vehicle_crop,642.907,116.53,40.66,UNKNOWN,UNKNOWN,UNREADABLE_TOO_SMALL,low_light|low_contrast|unreadable,adjudicated_proposal,vlm,False,p000541
cam10_100019_480_151_327x198,cam10,100019,D:\tessttt\testttttt\reports\deep\frames\cam10_0019.jpg,"[117.3, 118.8, 143.6, 130.2]",26.3,11.4,299.82,0.0046,2.307,MEDIUM,0.7465,vehicle_crop,4507.0661,138.3686,48.4627,0.0,0.6422,0.0,FRONTAL,False,DAY,1,UNREADABLE_TOO_SMALL,,0.0,['unreadable'],False,,train,images/train/cam10_100019_480_151_327x198.jpg,vehicle_crop,642.907,116.53,40.66,UNKNOWN,UNKNOWN,UNREADABLE_TOO_SMALL,unreadable,adjudicated_proposal,vlm,False,p000542
cam10_100020_0_286_234x251,cam10,100020,D:\tessttt\testttttt\reports\deep\frames\cam10_0020.jpg,"[45.0, 168.0, 97.3, 182.5]",52.3,14.5,758.35,0.0129,3.6069,LARGE,0.9205,vehicle_crop,8264.0433,143.6456,53.7822,0.0,0.7062,0.0,FRONTAL,False,DAY,1,UNREADABLE_TOO_SMALL,,0.0,['unreadable'],False,,train,images/train/cam10_100020_0_286_234x251.jpg,vehicle_crop,650.05,116.77,40.11,UNKNOWN,UNKNOWN,UNREADABLE_TOO_SMALL,unreadable,adjudicated_proposal,vlm,False,p000543
cam10_100020_479_150_326x199,cam10,100020,D:\tessttt\testttttt\reports\deep\frames\cam10_0020.jpg,"[118.4, 119.9, 159.0, 131.8]",40.6,11.9,483.14,0.0074,3.4118,MEDIUM,0.2293,vehicle_crop,3603.7818,144.189,51.8043,0.0,0.677,0.0,FRONTAL,False,DAY,1,UNREADABLE_TOO_SMALL,,0.0,"['low_confidence', 'unreadable']",False,,train,images/train/cam10_100020_479_150_326x199.jpg,vehicle_crop,650.05,116.77,40.11,UNKNOWN,UNKNOWN,UNREADABLE_TOO_SMALL,low_confidence|unreadable,adjudicated_proposal,vlm,False,p000544
cam10_100021_0_286_232x251,cam10,100021,D:\tessttt\testttttt\reports\deep\frames\cam10_0021.jpg,"[45.0, 168.4, 96.9, 182.1]",51.9,13.7,711.03,0.0122,3.7883,LARGE,0.9157,vehicle_crop,8397.7511,143.7759,54.0312,0.0,0.7048,0.0,FRONTAL,False,DAY,1,UNREADABLE_TOO_SMALL,,0.0,['unreadable'],False,,train,images/train/cam10_100021_0_286_232x251.jpg,vehicle_crop,596.066,117.58,39.65,UNKNOWN,UNKNOWN,UNREADABLE_TOO_SMALL,unreadable,adjudicated_proposal,vlm,False,p000545
cam10_100021_481_151_320x198,cam10,100021,D:\tessttt\testttttt\reports\deep\frames\cam10_0021.jpg,"[116.5, 118.9, 142.9, 130.6]",26.4,11.7,308.88,0.0049,2.2564,MEDIUM,0.6653,vehicle_crop,4520.9055,138.3654,48.4316,0.0,0.6421,0.0,FRONTAL,False,DAY,1,UNREADABLE_TOO_SMALL,,0.0,['unreadable'],False,,train,images/train/cam10_100021_481_151_320x198.jpg,vehicle_crop,596.066,117.58,39.65,UNKNOWN,UNKNOWN,UNREADABLE_TOO_SMALL,unreadable,adjudicated_proposal,vlm,False,p000546
cam10_100022_0_286_234x251,cam10,100022,D:\tessttt\testttttt\reports\deep\frames\cam10_0022.jpg,"[45.0, 168.4, 97.3, 182.5]",52.3,14.1,737.43,0.0126,3.7092,LARGE,0.9162,vehicle_crop,8270.6908,143.7802,53.916,0.0,0.7065,0.0,FRONTAL,False,DAY,1,UNREADABLE_TOO_SMALL,,0.0,['unreadable'],False,,train,images/train/cam10_100022_0_286_234x251.jpg,vehicle_crop,607.015,117.86,39.72,UNKNOWN,UNKNOWN,UNREADABLE_TOO_SMALL,unreadable,adjudicated_proposal,vlm,False,p000547
cam10_100023_0_286_234x251,cam10,100023,D:\tessttt\testttttt\reports\deep\frames\cam10_0023.jpg,"[45.0, 168.4, 97.3, 182.5]",52.3,14.1,737.43,0.0126,3.7092,LARGE,0.9156,vehicle_crop,8458.575,143.8585,54.1268,0.0,0.7071,0.0,FRONTAL,False,DAY,1,UNREADABLE_TOO_SMALL,,0.0,['unreadable'],False,,train,images/train/cam10_100023_0_286_234x251.jpg,vehicle_crop,613.532,118.06,39.75,UNKNOWN,UNKNOWN,UNREADABLE_TOO_SMALL,unreadable,adjudicated_proposal,vlm,False,p000548
cam10_100024_0_286_234x251,cam10,100024,D:\tessttt\testttttt\reports\deep\frames\cam10_0024.jpg,"[45.0, 168.4, 97.3, 182.5]",52.3,14.1,737.43,0.0126,3.7092,LARGE,0.9143,vehicle_crop,8496.2812,144.1401,54.2333,0.0,0.7071,0.0,FRONTAL,False,DAY,1,UNREADABLE_TOO_SMALL,,0.0,['unreadable'],False,,train,images/train/cam10_100024_0_286_234x251.jpg,vehicle_crop,606.579,118.23,39.69,UNKNOWN,UNKNOWN,UNREADABLE_TOO_SMALL,unreadable,adjudicated_proposal,vlm,False,p000549
cam10_100025_0_286_234x251,cam10,100025,D:\tessttt\testttttt\reports\deep\frames\cam10_0025.jpg,"[45.0, 168.4, 97.3, 182.5]",52.3,14.1,737.43,0.0126,3.7092,LARGE,0.9146,vehicle_crop,8600.2441,144.4121,54.4953,0.0,0.7077,0.0,FRONTAL,False,DAY,1,UNREADABLE_TOO_SMALL,,0.0,['unreadable'],False,,train,images/train/cam10_100025_0_286_234x251.jpg,vehicle_crop,621.798,118.19,39.79,UNKNOWN,UNKNOWN,UNREADABLE_TOO_SMALL,unreadable,adjudicated_proposal,vlm,False,p000550
cam10_100026_0_286_234x251,cam10,100026,D:\tessttt\testttttt\reports\deep\frames\cam10_0026.jpg,"[45.0, 168.4, 97.3, 182.1]",52.3,13.7,716.51,0.0122,3.8175,LARGE,0.914,vehicle_crop,8572.5463,144.5865,54.512,0.0,0.7076,0.0,FRONTAL,False,DAY,1,UNREADABLE_TOO_SMALL,,0.0,['unreadable'],False,,train,images/train/cam10_100026_0_286_234x251.jpg,vehicle_crop,624.399,118.22,39.91,UNKNOWN,UNKNOWN,UNREADABLE_TOO_SMALL,unreadable,adjudicated_proposal,vlm,False,p000551
cam10_100027_0_286_234x251,cam10,100027,D:\tessttt\testttttt\reports\deep\frames\cam10_0027.jpg,"[45.0, 168.4, 97.3, 182.1]",52.3,13.7,716.51,0.0122,3.8175,LARGE,0.9145,vehicle_crop,8575.8586,144.5852,54.5122,0.0,0.7076,0.0,FRONTAL,False,DAY,1,UNREADABLE_TOO_SMALL,,0.0,['unreadable'],False,,train,images/train/cam10_100027_0_286_234x251.jpg,vehicle_crop,603.048,118.39,39.82,UNKNOWN,UNKNOWN,UNREADABLE_TOO_SMALL,unreadable,adjudicated_proposal,vlm,False,p000553
cam10_100028_0_286_234x250,cam10,100028,D:\tessttt\testttttt\reports\deep\frames\cam10_0028.jpg,"[45.2, 168.4, 97.3, 182.5]",52.1,14.1,734.61,0.0126,3.695,LARGE,0.9156,vehicle_crop,8613.0217,144.6209,54.5073,0.0,0.7075,0.0,FRONTAL,False,DAY,1,UNREADABLE_TOO_SMALL,,0.0,['unreadable'],False,,train,images/train/cam10_100028_0_286_234x250.jpg,vehicle_crop,581.518,118.7,39.7,UNKNOWN,UNKNOWN,UNREADABLE_TOO_SMALL,unreadable,adjudicated_proposal,vlm,False,p000554
cam10_100029_0_286_232x250,cam10,100029,D:\tessttt\testttttt\reports\deep\frames\cam10_0029.jpg,"[45.2, 168.4, 97.3, 182.5]",52.1,14.1,734.61,0.0127,3.695,LARGE,0.9142,vehicle_crop,8613.0217,144.6209,54.5073,0.0,0.7075,0.0,FRONTAL,False,DAY,1,UNREADABLE_TOO_SMALL,,0.0,['unreadable'],False,,train,images/train/cam10_100029_0_286_232x250.jpg,vehicle_crop,592.275,118.75,39.75,UNKNOWN,UNKNOWN,UNREADABLE_TOO_SMALL,unreadable,adjudicated_proposal,vlm,False,p000555
cam10_100030_0_286_234x250,cam10,100030,D:\tessttt\testttttt\reports\deep\frames\cam10_0030.jpg,"[45.2, 168.4, 97.3, 182.5]",52.1,14.1,734.61,0.0126,3.695,LARGE,0.9157,vehicle_crop,8697.5125,145.044,54.78,0.0,0.708,0.0,FRONTAL,False,DAY,1,UNREADABLE_TOO_SMALL,,0.0,['unreadable'],False,,train,images/train/cam10_100030_0_286_234x250.jpg,vehicle_crop,591.04,118.93,39.7,UNKNOWN,UNKNOWN,UNREADABLE_TOO_SMALL,unreadable,adjudicated_proposal,vlm,False,p000556
cam10_100031_0_286_234x250,cam10,100031,D:\tessttt\testttttt\reports\deep\frames\cam10_0031.jpg,"[45.2, 168.4, 97.3, 182.5]",52.1,14.1,734.61,0.0126,3.695,LARGE,0.9155,vehicle_crop,8697.5125,145.044,54.78,0.0,0.708,0.0,FRONTAL,False,DAY,1,UNREADABLE_TOO_SMALL,,0.0,['unreadable'],False,,train,images/train/cam10_100031_0_286_234x250.jpg,vehicle_crop,601.086,119.16,40.21,UNKNOWN,UNKNOWN,UNREADABLE_TOO_SMALL,unreadable,adjudicated_proposal,vlm,False,p000557
cam10_100032_0_286_234x250,cam10,100032,D:\tessttt\testttttt\reports\deep\frames\cam10_0032.jpg,"[45.2, 168.4, 97.3, 182.5]",52.1,14.1,734.61,0.0126,3.695,LARGE,0.9153,vehicle_crop,8697.5125,145.044,54.78,0.0,0.708,0.0,FRONTAL,False,DAY,1,UNREADABLE_TOO_SMALL,,0.0,['unreadable'],False,,train,images/train/cam10_100032_0_286_234x250.jpg,vehicle_crop,599.795,119.26,40.15,UNKNOWN,UNKNOWN,UNREADABLE_TOO_SMALL,unreadable,adjudicated_proposal,vlm,False,p000558
cam10_100033_0_286_234x250,cam10,100033,D:\tessttt\testttttt\reports\deep\frames\cam10_0033.jpg,"[45.2, 168.4, 97.3, 182.5]",52.1,14.1,734.61,0.0126,3.695,LARGE,0.9153,vehicle_crop,8697.5125,145.044,54.78,0.0,0.708,0.0,FRONTAL,False,DAY,1,UNREADABLE_TOO_SMALL,,0.0,['unreadable'],False,,train,images/train/cam10_100033_0_286_234x250.jpg,vehicle_crop,624.143,119.81,39.9,UNKNOWN,UNKNOWN,UNREADABLE_TOO_SMALL,unreadable,adjudicated_proposal,vlm,False,p000559
cam10_100034_0_286_234x250,cam10,100034,D:\tessttt\testttttt\reports\deep\frames\cam10_0034.jpg,"[45.2, 168.4, 97.3, 182.5]",52.1,14.1,734.61,0.0126,3.695,LARGE,0.915,vehicle_crop,8692.7048,144.6937,54.6582,0.0,0.7079,0.0,FRONTAL,False,DAY,1,UNREADABLE_TOO_SMALL,,0.0,['unreadable'],False,,train,images/train/cam10_100034_0_286_234x250.jpg,vehicle_crop,626.822,119.99,39.58,UNKNOWN,UNKNOWN,UNREADABLE_TOO_SMALL,unreadable,adjudicated_proposal,vlm,False,p000560
cam10_100035_0_286_234x250,cam10,100035,D:\tessttt\testttttt\reports\deep\frames\cam10_0035.jpg,"[45.2, 168.4, 97.3, 182.5]",52.1,14.1,734.61,0.0126,3.695,LARGE,0.915,vehicle_crop,8692.7048,144.6937,54.6582,0.0,0.7079,0.0,FRONTAL,False,DAY,1,UNREADABLE_TOO_SMALL,,0.0,['unreadable'],False,,train,images/train/cam10_100035_0_286_234x250.jpg,vehicle_crop,631.912,119.69,39.75,UNKNOWN,UNKNOWN,UNREADABLE_TOO_SMALL,unreadable,adjudicated_proposal,vlm,False,p000561
cam10_100036_0_286_234x250,cam10,100036,D:\tessttt\testttttt\reports\deep\frames\cam10_0036.jpg,"[45.2, 168.4, 97.3, 182.5]",52.1,14.1,734.61,0.0126,3.695,LARGE,0.9151,vehicle_crop,8692.7048,144.6937,54.6582,0.0,0.7079,0.0,FRONTAL,False,DAY,1,UNREADABLE_TOO_SMALL,,0.0,['unreadable'],False,,train,images/train/cam10_100036_0_286_234x250.jpg,vehicle_crop,653.266,119.63,39.72,UNKNOWN,UNKNOWN,UNREADABLE_TOO_SMALL,unreadable,adjudicated_proposal,vlm,False,p000562
cam10_100036_84_791_158x234,cam10,100036,D:\tessttt\testttttt\reports\deep\frames\cam10_0036.jpg,"[43.1, 126.4, 60.2, 135.3]",17.1,8.9,152.19,0.0041,1.9213,SMALL,0.3382,vehicle_crop,7828.8789,191.732,45.8601,0.0,0.5572,,UNKNOWN,False,DAY,1,UNREADABLE_TOO_SMALL,,0.0,"['low_confidence', 'unreadable']",False,,train,images/train/cam10_100036_84_791_158x234.jpg,vehicle_crop,653.266,119.63,39.72,UNKNOWN,UNKNOWN,UNREADABLE_TOO_SMALL,low_confidence|unreadable,adjudicated_proposal,vlm,False,p000563
cam10_100037_0_286_234x250,cam10,100037,D:\tessttt\testttttt\reports\deep\frames\cam10_0037.jpg,"[45.2, 168.4, 97.3, 182.5]",52.1,14.1,734.61,0.0126,3.695,LARGE,0.915,vehicle_crop,8794.155,144.7445,54.7491,0.0,0.7082,0.0,FRONTAL,False,DAY,1,UNREADABLE_TOO_SMALL,,0.0,['unreadable'],False,,train,images/train/cam10_100037_0_286_234x250.jpg,vehicle_crop,671.455,119.82,39.65,UNKNOWN,UNKNOWN,UNREADABLE_TOO_SMALL,unreadable,adjudicated_proposal,vlm,False,p000564
cam10_100038_0_286_234x250,cam10,100038,D:\tessttt\testttttt\reports\deep\frames\cam10_0038.jpg,"[45.2, 168.4, 97.3, 182.5]",52.1,14.1,734.61,0.0126,3.695,LARGE,0.9144,vehicle_crop,8794.155,144.7445,54.7491,0.0,0.7082,0.0,FRONTAL,False,DAY,1,UNREADABLE_TOO_SMALL,,0.0,['unreadable'],False,,train,images/train/cam10_100038_0_286_234x250.jpg,vehicle_crop,644.373,120.34,39.77,UNKNOWN,UNKNOWN,UNREADABLE_TOO_SMALL,unreadable,adjudicated_proposal,vlm,False,p000565
cam10_100039_0_286_234x251,cam10,100039,D:\tessttt\testttttt\reports\deep\frames\cam10_0039.jpg,"[45.0, 168.0, 97.3, 182.5]",52.3,14.5,758.35,0.0129,3.6069,LARGE,0.9146,vehicle_crop,8910.794,144.9629,54.9044,0.0,0.7085,0.0,FRONTAL,False,DAY,1,UNREADABLE_TOO_SMALL,,0.0,['unreadable'],False,,train,images/train/cam10_100039_0_286_234x251.jpg,vehicle_crop,664.401,120.28,40.16,UNKNOWN,UNKNOWN,UNREADABLE_TOO_SMALL,unreadable,adjudicated_proposal,vlm,False,p000566
cam10_100040_0_286_234x251,cam10,100040,D:\tessttt\testttttt\reports\deep\frames\cam10_0040.jpg,"[45.0, 168.0, 97.3, 182.5]",52.3,14.5,758.35,0.0129,3.6069,LARGE,0.9159,vehicle_crop,9098.2578,144.8654,55.0285,0.0,0.709,0.0,FRONTAL,False,DAY,1,UNREADABLE_TOO_SMALL,,0.0,['unreadable'],False,,train,images/train/cam10_100040_0_286_234x251.jpg,vehicle_crop,684.442,120.02,40.32,UNKNOWN,UNKNOWN,UNREADABLE_TOO_SMALL,unreadable,adjudicated_proposal,vlm,False,p000567
cam10_100041_0_286_234x251,cam10,100041,D:\tessttt\testttttt\reports\deep\frames\cam10_0041.jpg,"[45.0, 168.0, 97.3, 182.5]",52.3,14.5,758.35,0.0129,3.6069,LARGE,0.9159,vehicle_crop,9098.2578,144.8654,55.0285,0.0,0.709,0.0,FRONTAL,False,DAY,1,UNREADABLE_TOO_SMALL,,0.0,['unreadable'],False,,train,images/train/cam10_100041_0_286_234x251.jpg,vehicle_crop,684.442,120.02,40.32,UNKNOWN,UNKNOWN,UNREADABLE_TOO_SMALL,unreadable,adjudicated_proposal,vlm,False,p000568
cam10_100042_0_286_234x251,cam10,100042,D:\tessttt\testttttt\reports\deep\frames\cam10_0042.jpg,"[45.0, 168.0, 97.3, 182.5]",52.3,14.5,758.35,0.0129,3.6069,LARGE,0.9149,vehicle_crop,9098.2578,144.8654,55.0285,0.0,0.709,0.0,FRONTAL,False,DAY,1,UNREADABLE_TOO_SMALL,,0.0,['unreadable'],False,,train,images/train/cam10_100042_0_286_234x251.jpg,vehicle_crop,719.318,119.85,40.15,UNKNOWN,UNKNOWN,UNREADABLE_TOO_SMALL,unreadable,adjudicated_proposal,vlm,False,p000569
cam10_100043_0_286_234x251,cam10,100043,D:\tessttt\testttttt\reports\deep\frames\cam10_0043.jpg,"[45.0, 168.0, 97.3, 182.5]",52.3,14.5,758.35,0.0129,3.6069,LARGE,0.9146,vehicle_crop,9098.2578,144.8654,55.0285,0.0,0.709,0.0,FRONTAL,False,DAY,1,UNREADABLE_TOO_SMALL,,0.0,['unreadable'],False,,train,images/train/cam10_100043_0_286_234x251.jpg,vehicle_crop,717.697,119.9,40.08,UNKNOWN,UNKNOWN,UNREADABLE_TOO_SMALL,unreadable,adjudicated_proposal,vlm,False,p000570
cam10_100044_0_286_234x251,cam10,100044,D:\tessttt\testttttt\reports\deep\frames\cam10_0044.jpg,"[45.0, 168.4, 97.3, 182.5]",52.3,14.1,737.43,0.0126,3.7092,LARGE,0.9158,vehicle_crop,9346.6907,145.0192,55.1138,0.0,0.7091,0.0,FRONTAL,False,DAY,1,UNREADABLE_TOO_SMALL,,0.0,['unreadable'],False,,train,images/train/cam10_100044_0_286_234x251.jpg,vehicle_crop,673.27,120.01,39.8,UNKNOWN,UNKNOWN,UNREADABLE_TOO_SMALL,unreadable,adjudicated_proposal,vlm,False,p000571
cam10_100045_0_286_234x250,cam10,100045,D:\tessttt\testttttt\reports\deep\frames\cam10_0045.jpg,"[45.2, 168.4, 97.3, 182.5]",52.1,14.1,734.61,0.0126,3.695,LARGE,0.9138,vehicle_crop,9327.124,144.9492,55.2247,0.0,0.7095,0.0,FRONTAL,False,DAY,1,UNREADABLE_TOO_SMALL,,0.0,['unreadable'],False,,train,images/train/cam10_100045_0_286_234x250.jpg,vehicle_crop,650.35,119.93,39.44,UNKNOWN,UNKNOWN,UNREADABLE_TOO_SMALL,unreadable,adjudicated_proposal,vlm,False,p000572
cam10_100046_0_286_234x251,cam10,100046,D:\tessttt\testttttt\reports\deep\frames\cam10_0046.jpg,"[45.4, 168.4, 97.3, 182.5]",51.9,14.1,731.79,0.0125,3.6809,LARGE,0.9144,vehicle_crop,9007.6029,144.5783,55.4328,0.0,0.7106,0.0,FRONTAL,False,DAY,1,UNREADABLE_TOO_SMALL,,0.0,['unreadable'],False,,train,images/train/cam10_100046_0_286_234x251.jpg,vehicle_crop,573.146,120.04,39.11,UNKNOWN,UNKNOWN,UNREADABLE_TOO_SMALL,unreadable,adjudicated_proposal,vlm,False,p000573
cam10_100047_0_286_234x251,cam10,100047,D:\tessttt\testttttt\reports\deep\frames\cam10_0047.jpg,"[45.4, 168.4, 97.3, 182.5]",51.9,14.1,731.79,0.0125,3.6809,LARGE,0.9144,vehicle_crop,9007.6029,144.5783,55.4328,0.0,0.7106,0.0,FRONTAL,False,DAY,1,UNREADABLE_TOO_SMALL,,0.0,['unreadable'],False,,train,images/train/cam10_100047_0_286_234x251.jpg,vehicle_crop,573.146,120.04,39.11,UNKNOWN,UNKNOWN,UNREADABLE_TOO_SMALL,unreadable,adjudicated_proposal,vlm,False,p000574
cam10_100048_0_286_234x249,cam10,100048,D:\tessttt\testttttt\reports\deep\frames\cam10_0048.jpg,"[45.0, 168.1, 97.2, 182.5]",52.2,14.4,751.68,0.0129,3.625,LARGE,0.9074,vehicle_crop,9180.872,144.9986,55.6301,0.0,0.7108,0.0,FRONTAL,False,DAY,1,UNREADABLE_TOO_SMALL,,0.0,['unreadable'],False,,train,images/train/cam10_100048_0_286_234x249.jpg,vehicle_crop,597.494,120.25,39.0,UNKNOWN,UNKNOWN,UNREADABLE_TOO_SMALL,unreadable,adjudicated_proposal,vlm,False,p000575
cam10_100049_0_285_234x252,cam10,100049,D:\tessttt\testttttt\reports\deep\frames\cam10_0049.jpg,"[44.8, 169.8, 97.3, 183.6]",52.5,13.8,724.5,0.0123,3.8043,LARGE,0.9016,vehicle_crop,7741.5439,137.9501,59.7592,0.0,0.7343,0.0,FRONTAL,False,DAY,1,UNREADABLE_TOO_SMALL,,0.0,['unreadable'],False,,train,images/train/cam10_100049_0_285_234x252.jpg,vehicle_crop,626.588,120.19,39.0,UNKNOWN,UNKNOWN,UNREADABLE_TOO_SMALL,unreadable,adjudicated_proposal,vlm,False,p000576
cam10_100050_0_285_234x252,cam10,100050,D:\tessttt\testttttt\reports\deep\frames\cam10_0050.jpg,"[44.8, 169.8, 97.3, 183.6]",52.5,13.8,724.5,0.0123,3.8043,LARGE,0.9014,vehicle_crop,7741.5439,137.9501,59.7592,0.0,0.7343,0.0,FRONTAL,False,DAY,1,UNREADABLE_TOO_SMALL,,0.0,['unreadable'],False,,train,images/train/cam10_100050_0_285_234x252.jpg,vehicle_crop,628.125,120.08,38.92,UNKNOWN,UNKNOWN,UNREADABLE_TOO_SMALL,unreadable,adjudicated_proposal,vlm,False,p000577
cam10_100051_0_285_234x253,cam10,100051,D:\tessttt\testttttt\reports\deep\frames\cam10_0051.jpg,"[45.0, 169.7, 97.0, 183.6]",52.0,13.9,722.8,0.0122,3.741,LARGE,0.9035,vehicle_crop,8493.3045,139.8901,58.6478,0.0,0.7265,0.0,FRONTAL,False,DAY,1,UNREADABLE_TOO_SMALL,,0.0,['unreadable'],False,,train,images/train/cam10_100051_0_285_234x253.jpg,vehicle_crop,597.135,119.63,38.83,UNKNOWN,UNKNOWN,UNREADABLE_TOO_SMALL,unreadable,adjudicated_proposal,vlm,False,p000578
cam10_100052_0_285_234x253,cam10,100052,D:\tessttt\testttttt\reports\deep\frames\cam10_0052.jpg,"[45.0, 169.7, 97.0, 183.6]",52.0,13.9,722.8,0.0122,3.741,LARGE,0.9026,vehicle_crop,8493.3045,139.8901,58.6478,0.0,0.7265,0.0,FRONTAL,False,DAY,1,UNREADABLE_TOO_SMALL,,0.0,['unreadable'],False,,train,images/train/cam10_100052_0_285_234x253.jpg,vehicle_crop,591.736,119.74,38.85,UNKNOWN,UNKNOWN,UNREADABLE_TOO_SMALL,unreadable,adjudicated_proposal,vlm,False,p000579
cam10_100053_0_285_234x253,cam10,100053,D:\tessttt\testttttt\reports\deep\frames\cam10_0053.jpg,"[45.0, 169.7, 97.0, 183.6]",52.0,13.9,722.8,0.0122,3.741,LARGE,0.9026,vehicle_crop,8493.3045,139.8901,58.6478,0.0,0.7265,0.0,FRONTAL,False,DAY,1,UNREADABLE_TOO_SMALL,,0.0,['unreadable'],False,,train,images/train/cam10_100053_0_285_234x253.jpg,vehicle_crop,592.218,119.71,38.85,UNKNOWN,UNKNOWN,UNREADABLE_TOO_SMALL,unreadable,adjudicated_proposal,vlm,False,p000580
cam10_100054_0_285_234x253,cam10,100054,D:\tessttt\testttttt\reports\deep\frames\cam10_0054.jpg,"[45.0, 169.7, 97.0, 183.6]",52.0,13.9,722.8,0.0122,3.741,LARGE,0.9035,vehicle_crop,8493.3045,139.8901,58.6478,0.0,0.7265,0.0,FRONTAL,False,DAY,1,UNREADABLE_TOO_SMALL,,0.0,['unreadable'],False,,train,images/train/cam10_100054_0_285_234x253.jpg,vehicle_crop,629.6,119.62,38.87,UNKNOWN,UNKNOWN,UNREADABLE_TOO_SMALL,unreadable,adjudicated_proposal,vlm,False,p000581
cam10_100055_0_285_234x253,cam10,100055,D:\tessttt\testttttt\reports\deep\frames\cam10_0055.jpg,"[45.0, 169.7, 97.4, 183.6]",52.3,13.9,726.97,0.0123,3.7626,LARGE,0.9032,vehicle_crop,7859.8883,139.9766,58.3363,0.0,0.7254,0.0,FRONTAL,False,DAY,1,UNREADABLE_TOO_SMALL,,0.0,['unreadable'],False,,train,images/train/cam10_100055_0_285_234x253.jpg,vehicle_crop,624.093,120.0,38.52,UNKNOWN,UNKNOWN,UNREADABLE_TOO_SMALL,unreadable,adjudicated_proposal,vlm,False,p000582
cam10_100056_0_285_235x253,cam10,100056,D:\tessttt\testttttt\reports\deep\frames\cam10_0056.jpg,"[45.0, 169.7, 97.0, 183.6]",52.0,13.9,722.8,0.0122,3.741,LARGE,0.9037,vehicle_crop,7859.8883,139.9766,58.3363,0.0,0.7254,0.0,FRONTAL,False,DAY,1,UNREADABLE_TOO_SMALL,,0.0,['unreadable'],False,,train,images/train/cam10_100056_0_285_235x253.jpg,vehicle_crop,664.068,119.89,38.69,UNKNOWN,UNKNOWN,UNREADABLE_TOO_SMALL,unreadable,adjudicated_proposal,vlm,False,p000583
cam11_110046_578_764_303x316,cam11,110046,D:\tessttt\testttttt\reports\deep\frames\cam11_0046.jpg,"[57.8, 197.9, 90.7, 224.8]",32.9,26.9,885.01,0.0092,1.223,MEDIUM,0.438,vehicle_crop,1209.0815,162.6442,53.5099,0.0,0.6465,0.0,FRONTAL,False,DAY,1,UNREADABLE_TOO_SMALL,,0.0,['unreadable'],False,,train,images/train/cam11_110046_578_764_303x316.jpg,vehicle_crop,315.015,154.33,41.53,UNKNOWN,UNKNOWN,UNREADABLE_TOO_SMALL,unreadable,adjudicated_proposal,vlm,False,p000590
cam12_120003_62_133_117x294,cam12,120003,D:\tessttt\testttttt\reports\deep\frames\cam12_0003.jpg,"[60.2, 216.2, 77.3, 227.9]",17.1,11.7,200.07,0.0058,1.4615,SMALL,0.5814,vehicle_crop,3297.9581,59.0588,41.5996,0.0,0.5373,,UNKNOWN,False,DAY,1,UNREADABLE_TOO_SMALL,,0.0,"['low_light', 'unreadable']",False,,train,images/train/cam12_120003_62_133_117x294.jpg,vehicle_crop,3221.677,116.38,65.38,UNKNOWN,UNKNOWN,UNREADABLE_TOO_SMALL,low_light|unreadable,adjudicated_proposal,vlm,False,p000591
cam12_120031_0_196_197x279,cam12,120031,D:\tessttt\testttttt\reports\deep\frames\cam12_0031.jpg,"[116.7, 185.4, 139.6, 202.4]",22.9,17.0,389.3,0.0071,1.3471,MEDIUM,0.7227,vehicle_crop,3177.8242,71.3887,24.4626,0.0,0.5056,0.0,FRONTAL,False,DAY,1,UNREADABLE_TOO_SMALL,,0.0,"['low_light', 'low_contrast', 'unreadable']",False,,train,images/train/cam12_120031_0_196_197x279.jpg,vehicle_crop,3486.827,178.23,81.91,UNKNOWN,UNKNOWN,UNREADABLE_TOO_SMALL,low_light|low_contrast|unreadable,adjudicated_proposal,vlm,False,p000592
cam12_120032_0_196_197x279,cam12,120032,D:\tessttt\testttttt\reports\deep\frames\cam12_0032.jpg,"[116.7, 185.4, 139.6, 202.4]",22.9,17.0,389.3,0.0071,1.3471,MEDIUM,0.7227,vehicle_crop,3177.8242,71.3887,24.4626,0.0,0.5056,0.0,FRONTAL,False,DAY,1,UNREADABLE_TOO_SMALL,,0.0,"['low_light', 'low_contrast', 'unreadable']",False,,train,images/train/cam12_120032_0_196_197x279.jpg,vehicle_crop,3486.827,178.23,81.91,UNKNOWN,UNKNOWN,UNREADABLE_TOO_SMALL,low_light|low_contrast|unreadable,adjudicated_proposal,vlm,False,p000593
cam12_120037_399_184_113x120,cam12,120037,D:\tessttt\testttttt\reports\deep\frames\cam12_0037.jpg,"[62.1, 89.0, 72.4, 96.3]",10.2,7.3,74.46,0.0055,1.3973,VERY_SMALL,0.5557,vehicle_crop,5903.1053,133.6429,33.6015,0.0,0.5658,,UNKNOWN,False,DAY,1,UNREADABLE_TOO_SMALL,,0.0,"['tiny', 'unreadable']",False,,train,images/train/cam12_120037_399_184_113x120.jpg,vehicle_crop,2992.285,180.97,81.14,UNKNOWN,UNKNOWN,UNREADABLE_TOO_SMALL,tiny|unreadable,adjudicated_proposal,vlm,False,p000594
cam12_120038_399_184_113x120,cam12,120038,D:\tessttt\testttttt\reports\deep\frames\cam12_0038.jpg,"[62.1, 89.0, 72.4, 96.3]",10.2,7.3,74.46,0.0055,1.3973,VERY_SMALL,0.5557,vehicle_crop,5903.1053,133.6429,33.6015,0.0,0.5658,,UNKNOWN,False,DAY,1,UNREADABLE_TOO_SMALL,,0.0,"['tiny', 'unreadable']",False,,train,images/train/cam12_120038_399_184_113x120.jpg,vehicle_crop,2992.285,180.97,81.14,UNKNOWN,UNKNOWN,UNREADABLE_TOO_SMALL,tiny|unreadable,adjudicated_proposal,vlm,False,p000595
cam12_120103_365_161_157x147,cam12,120103,D:\tessttt\testttttt\reports\deep\frames\cam12_0103.jpg,"[98.9, 106.4, 111.4, 111.2]",12.5,4.8,60.0,0.0026,2.6042,SMALL,0.7596,vehicle_crop,6763.1778,176.2308,37.1147,0.0,0.537,,UNKNOWN,False,DAY,1,UNREADABLE_TOO_SMALL,,0.0,['unreadable'],False,,train,images/train/cam12_120103_365_161_157x147.jpg,vehicle_crop,2375.845,165.34,49.9,UNKNOWN,UNKNOWN,UNREADABLE_TOO_SMALL,unreadable,adjudicated_proposal,vlm,False,p000598
cam12_120104_365_161_157x147,cam12,120104,D:\tessttt\testttttt\reports\deep\frames\cam12_0104.jpg,"[98.9, 106.4, 111.4, 111.2]",12.5,4.8,60.0,0.0026,2.6042,SMALL,0.7596,vehicle_crop,6763.1778,176.2308,37.1147,0.0,0.537,,UNKNOWN,False,DAY,1,UNREADABLE_TOO_SMALL,,0.0,['unreadable'],False,,train,images/train/cam12_120104_365_161_157x147.jpg,vehicle_crop,2375.845,165.34,49.9,UNKNOWN,UNKNOWN,UNREADABLE_TOO_SMALL,unreadable,adjudicated_proposal,vlm,False,p000599
cam13_130001_520_146_103x68,cam13,130001,D:\tessttt\testttttt\reports\deep\frames\cam13_0001.jpg,"[71.9, 54.0, 76.2, 56.2]",4.3,2.2,9.46,0.0014,1.9545,EXTREMELY_TINY,0.5321,vehicle_crop,2922.45,113.0,20.1445,0.0,0.5007,,UNKNOWN,False,DAY,1,UNREADABLE_TOO_SMALL,,0.0,"['tiny', 'low_contrast', 'unreadable']",False,,train,images/train/cam13_130001_520_146_103x68.jpg,vehicle_crop,140.248,110.33,40.78,UNKNOWN,UNKNOWN,UNREADABLE_TOO_SMALL,tiny|low_contrast|unreadable,adjudicated_proposal,vlm,False,p000602
cam13_130004_1592_342_308x153,cam13,130004,D:\tessttt\testttttt\reports\deep\frames\cam13_0004.jpg,"[108.6, 103.5, 132.0, 121.3]",23.4,17.8,416.52,0.0088,1.3146,MEDIUM,0.5997,vehicle_crop,185.9826,68.662,27.0724,0.0,0.4365,-5.4403,SLIGHT,False,DAY,1,UNREADABLE_TOO_SMALL,,0.0,"['low_light', 'low_contrast', 'unreadable']",False,,train,images/train/cam13_130004_1592_342_308x153.jpg,vehicle_crop,143.541,113.01,40.45,UNKNOWN,UNKNOWN,UNREADABLE_TOO_SMALL,low_light|low_contrast|unreadable,adjudicated_proposal,vlm,False,p000604
cam13_130005_519_147_104x68,cam13,130005,D:\tessttt\testttttt\reports\deep\frames\cam13_0005.jpg,"[72.8, 52.9, 77.7, 55.0]",4.9,2.1,10.29,0.0015,2.3333,EXTREMELY_TINY,0.3243,vehicle_crop,3816.9156,126.4667,28.8972,0.0,0.5446,,UNKNOWN,False,DAY,1,UNREADABLE_TOO_SMALL,,0.0,"['tiny', 'low_contrast', 'low_confidence', 'unreadable']",False,,train,images/train/cam13_130005_519_147_104x68.jpg,vehicle_crop,146.02,113.51,40.51,UNKNOWN,UNKNOWN,UNREADABLE_TOO_SMALL,tiny|low_contrast|low_confidence|unreadable,adjudicated_proposal,vlm,False,p000606
cam13_130005_519_147_104x68,cam13,130005,D:\tessttt\testttttt\reports\deep\frames\cam13_0005.jpg,"[80.9, 51.2, 85.5, 53.4]",4.6,2.2,10.12,0.0014,2.0909,EXTREMELY_TINY,0.2535,vehicle_crop,1517.09,103.8,13.4521,0.0,0.4684,,UNKNOWN,False,DAY,1,UNREADABLE_TOO_SMALL,,0.0,"['tiny', 'low_contrast', 'low_confidence', 'unreadable']",False,,train,images/train/cam13_130005_519_147_104x68.jpg,vehicle_crop,146.02,113.51,40.51,UNKNOWN,UNKNOWN,UNREADABLE_TOO_SMALL,tiny|low_contrast|low_confidence|unreadable,adjudicated_proposal,vlm,False,p000607
cam13_130006_1204_277_329x157,cam13,130006,D:\tessttt\testttttt\reports\deep\frames\cam13_0006.jpg,"[228.0, 123.5, 257.0, 130.5]",29.0,7.0,203.0,0.0039,4.1429,MEDIUM,0.2075,vehicle_crop,344.5108,155.2266,15.1647,0.0,0.5188,,UNKNOWN,False,DAY,1,UNREADABLE_TOO_SMALL,,0.0,"['low_contrast', 'low_confidence', 'unreadable']",False,,train,images/train/cam13_130006_1204_277_329x157.jpg,vehicle_crop,141.719,111.84,41.4,UNKNOWN,UNKNOWN,UNREADABLE_TOO_SMALL,low_contrast|low_confidence|unreadable,adjudicated_proposal,vlm,False,p000609
cam13_130008_520_146_103x68,cam13,130008,D:\tessttt\testttttt\reports\deep\frames\cam13_0008.jpg,"[75.8, 41.8, 84.5, 46.1]",8.7,4.3,37.41,0.0053,2.0233,VERY_SMALL,0.6755,vehicle_crop,9475.8044,102.3556,40.2327,0.0,0.5641,,UNKNOWN,False,DAY,1,UNREADABLE_TOO_SMALL,,0.0,"['tiny', 'unreadable']",False,,train,images/train/cam13_130008_520_146_103x68.jpg,vehicle_crop,148.927,113.16,40.09,UNKNOWN,UNKNOWN,UNREADABLE_TOO_SMALL,tiny|unreadable,adjudicated_proposal,vlm,False,p000610
cam13_130013_454_365_576x274,cam13,130013,D:\tessttt\testttttt\reports\deep\frames\cam13_0013.jpg,"[391.9, 201.2, 420.0, 212.6]",28.1,11.4,320.34,0.002,2.4649,MEDIUM,0.2541,vehicle_crop,489.4321,82.7649,21.9486,0.0,0.5217,0.0,FRONTAL,False,DAY,1,UNREADABLE_TOO_SMALL,,0.0,"['low_light', 'low_contrast', 'low_confidence', 'unreadable']",False,,train,images/train/cam13_130013_454_365_576x274.jpg,vehicle_crop,156.877,113.19,42.59,UNKNOWN,UNKNOWN,UNREADABLE_TOO_SMALL,low_light|low_contrast|low_confidence|unreadable,adjudicated_proposal,vlm,False,p000615
cam13_130013_520_146_102x68,cam13,130013,D:\tessttt\testttttt\reports\deep\frames\cam13_0013.jpg,"[75.9, 41.8, 84.2, 46.3]",8.3,4.5,37.35,0.0054,1.8444,VERY_SMALL,0.267,vehicle_crop,7912.3032,101.5778,38.18,0.0,0.5564,,UNKNOWN,False,DAY,1,UNREADABLE_TOO_SMALL,,0.0,"['tiny', 'low_confidence', 'unreadable']",False,,train,images/train/cam13_130013_520_146_102x68.jpg,vehicle_crop,156.877,113.19,42.59,UNKNOWN,UNKNOWN,UNREADABLE_TOO_SMALL,tiny|low_confidence|unreadable,adjudicated_proposal,vlm,False,p000614
cam13_130014_521_146_102x68,cam13,130014,D:\tessttt\testttttt\reports\deep\frames\cam13_0014.jpg,"[78.8, 50.0, 84.6, 53.9]",5.8,3.9,22.62,0.0033,1.4872,EXTREMELY_TINY,0.2735,vehicle_crop,1689.7932,133.5,15.9452,0.0,0.4991,,UNKNOWN,False,DAY,1,UNREADABLE_TOO_SMALL,,0.0,"['tiny', 'low_contrast', 'low_confidence', 'unreadable']",False,,train,images/train/cam13_130014_521_146_102x68.jpg,vehicle_crop,143.788,113.42,40.59,UNKNOWN,UNKNOWN,UNREADABLE_TOO_SMALL,tiny|low_contrast|low_confidence|unreadable,adjudicated_proposal,vlm,False,p000617
cam13_130016_520_146_103x69,cam13,130016,D:\tessttt\testttttt\reports\deep\frames\cam13_0016.jpg,"[71.9, 53.7, 76.2, 55.6]",4.3,1.9,8.17,0.0011,2.2632,EXTREMELY_TINY,0.5503,vehicle_crop,839.69,148.2,11.5135,0.0,0.4663,,UNKNOWN,False,DAY,1,UNREADABLE_TOO_SMALL,,0.0,"['tiny', 'low_contrast', 'unreadable']",False,,train,images/train/cam13_130016_520_146_103x69.jpg,vehicle_crop,159.761,113.58,40.2,UNKNOWN,UNKNOWN,UNREADABLE_TOO_SMALL,tiny|low_contrast|unreadable,adjudicated_proposal,vlm,False,p000619
cam13_130017_519_147_104x67,cam13,130017,D:\tessttt\testttttt\reports\deep\frames\cam13_0017.jpg,"[72.9, 52.1, 80.9, 54.7]",8.0,2.6,20.8,0.003,3.0769,VERY_SMALL,0.4494,vehicle_crop,3499.3711,128.4375,20.7183,0.0,0.5246,,UNKNOWN,False,DAY,1,UNREADABLE_TOO_SMALL,,0.0,"['tiny', 'low_contrast', 'unreadable']",False,,train,images/train/cam13_130017_519_147_104x67.jpg,vehicle_crop,132.339,113.7,40.19,UNKNOWN,UNKNOWN,UNREADABLE_TOO_SMALL,tiny|low_contrast|unreadable,adjudicated_proposal,vlm,False,p000621
cam13_130018_520_145_103x70,cam13,130018,D:\tessttt\testttttt\reports\deep\frames\cam13_0018.jpg,"[76.0, 53.2, 83.9, 55.7]",7.9,2.5,19.75,0.0027,3.16,EXTREMELY_TINY,0.2233,vehicle_crop,2624.3469,136.9286,14.205,0.0,0.4916,,UNKNOWN,False,DAY,1,UNREADABLE_TOO_SMALL,,0.0,"['tiny', 'low_contrast', 'low_confidence', 'unreadable']",False,,train,images/train/cam13_130018_520_145_103x70.jpg,vehicle_crop,147.171,114.15,39.98,UNKNOWN,UNKNOWN,UNREADABLE_TOO_SMALL,tiny|low_contrast|low_confidence|unreadable,adjudicated_proposal,vlm,False,p000624
cam13_130020_520_146_103x69,cam13,130020,D:\tessttt\testttttt\reports\deep\frames\cam13_0020.jpg,"[71.9, 53.2, 76.2, 55.6]",4.3,2.4,10.32,0.0015,1.7917,EXTREMELY_TINY,0.4531,vehicle_crop,1824.44,156.1,11.0313,0.0,0.456,,UNKNOWN,False,DAY,1,UNREADABLE_TOO_SMALL,,0.0,"['tiny', 'low_contrast', 'unreadable']",False,,train,images/train/cam13_130020_520_146_103x69.jpg,vehicle_crop,136.183,114.42,40.02,UNKNOWN,UNKNOWN,UNREADABLE_TOO_SMALL,tiny|low_contrast|unreadable,adjudicated_proposal,vlm,False,p000626
cam13_130020_520_146_103x69,cam13,130020,D:\tessttt\testttttt\reports\deep\frames\cam13_0020.jpg,"[71.7, 46.1, 81.8, 48.6]",10.1,2.5,25.25,0.0036,4.04,VERY_SMALL,0.3237,vehicle_crop,872.29,92.9,10.3774,0.0,0.4562,,UNKNOWN,False,DAY,1,UNREADABLE_TOO_SMALL,,0.0,"['tiny', 'low_contrast', 'low_confidence', 'unreadable']",False,,train,images/train/cam13_130020_520_146_103x69.jpg,vehicle_crop,136.183,114.42,40.02,UNKNOWN,UNKNOWN,UNREADABLE_TOO_SMALL,tiny|low_contrast|low_confidence|unreadable,adjudicated_proposal,vlm,False,p000627
cam13_130021_519_146_104x68,cam13,130021,D:\tessttt\testttttt\reports\deep\frames\cam13_0021.jpg,"[77.1, 52.9, 81.2, 55.2]",4.1,2.2,9.02,0.0013,1.8636,EXTREMELY_TINY,0.3886,vehicle_crop,3080.9097,122.25,26.3506,0.0,0.5295,,UNKNOWN,False,DAY,1,UNREADABLE_TOO_SMALL,,0.0,"['tiny', 'low_contrast', 'unreadable']",False,,train,images/train/cam13_130021_519_146_104x68.jpg,vehicle_crop,125.573,114.39,39.88,UNKNOWN,UNKNOWN,UNREADABLE_TOO_SMALL,tiny|low_contrast|unreadable,adjudicated_proposal,vlm,False,p000628
cam13_130021_519_146_104x68,cam13,130021,D:\tessttt\testttttt\reports\deep\frames\cam13_0021.jpg,"[80.9, 51.7, 87.3, 54.1]",6.4,2.4,15.36,0.0022,2.6667,EXTREMELY_TINY,0.2381,vehicle_crop,2786.585,119.9048,24.9779,0.0,0.5284,,UNKNOWN,False,DAY,1,UNREADABLE_TOO_SMALL,,0.0,"['tiny', 'low_contrast', 'low_confidence', 'unreadable']",False,,train,images/train/cam13_130021_519_146_104x68.jpg,vehicle_crop,125.573,114.39,39.88,UNKNOWN,UNKNOWN,UNREADABLE_TOO_SMALL,tiny|low_contrast|low_confidence|unreadable,adjudicated_proposal,vlm,False,p000629
cam13_130022_520_146_103x69,cam13,130022,D:\tessttt\testttttt\reports\deep\frames\cam13_0022.jpg,"[71.7, 46.1, 79.6, 48.6]",7.9,2.5,19.75,0.0028,3.16,EXTREMELY_TINY,0.3093,vehicle_crop,813.6523,98.5625,12.3337,0.0,0.4649,,UNKNOWN,False,DAY,1,UNREADABLE_TOO_SMALL,,0.0,"['tiny', 'low_contrast', 'low_confidence', 'unreadable']",False,,train,images/train/cam13_130022_520_146_103x69.jpg,vehicle_crop,147.701,113.75,40.08,UNKNOWN,UNKNOWN,UNREADABLE_TOO_SMALL,tiny|low_contrast|low_confidence|unreadable,adjudicated_proposal,vlm,False,p000630
cam13_130022_520_146_103x69,cam13,130022,D:\tessttt\testttttt\reports\deep\frames\cam13_0022.jpg,"[76.2, 52.7, 80.3, 54.6]",4.1,1.9,7.79,0.0011,2.1579,EXTREMELY_TINY,0.2838,vehicle_crop,4712.1875,129.75,17.2174,0.0,0.5035,,UNKNOWN,False,DAY,1,UNREADABLE_TOO_SMALL,,0.0,"['tiny', 'low_contrast', 'low_confidence', 'unreadable']",False,,train,images/train/cam13_130022_520_146_103x69.jpg,vehicle_crop,147.701,113.75,40.08,UNKNOWN,UNKNOWN,UNREADABLE_TOO_SMALL,tiny|low_contrast|low_confidence|unreadable,adjudicated_proposal,vlm,False,p000631
cam13_130024_519_146_103x69,cam13,130024,D:\tessttt\testttttt\reports\deep\frames\cam13_0024.jpg,"[72.7, 45.9, 83.9, 48.8]",11.2,2.8,31.36,0.0044,4.0,SMALL,0.3632,vehicle_crop,1242.0018,87.8182,12.4984,0.0,0.4597,,UNKNOWN,False,DAY,1,UNREADABLE_TOO_SMALL,,0.0,"['low_contrast', 'unreadable']",False,,train,images/train/cam13_130024_519_146_103x69.jpg,vehicle_crop,148.794,114.68,40.4,UNKNOWN,UNKNOWN,UNREADABLE_TOO_SMALL,low_contrast|unreadable,adjudicated_proposal,vlm,False,p000633
cam13_130024_519_146_103x69,cam13,130024,D:\tessttt\testttttt\reports\deep\frames\cam13_0024.jpg,"[77.1, 52.1, 85.2, 54.8]",8.1,2.7,21.87,0.0031,3.0,VERY_SMALL,0.2727,vehicle_crop,2770.4023,125.8125,16.1099,0.0,0.5073,,UNKNOWN,False,DAY,1,UNREADABLE_TOO_SMALL,,0.0,"['tiny', 'low_contrast', 'low_confidence', 'unreadable']",False,,train,images/train/cam13_130024_519_146_103x69.jpg,vehicle_crop,148.794,114.68,40.4,UNKNOWN,UNKNOWN,UNREADABLE_TOO_SMALL,tiny|low_contrast|low_confidence|unreadable,adjudicated_proposal,vlm,False,p000634
cam13_130025_412_119_125x133,cam13,130025,D:\tessttt\testttttt\reports\deep\frames\cam13_0025.jpg,"[87.8, 80.1, 93.5, 81.9]",5.7,1.8,10.26,0.0006,3.1667,EXTREMELY_TINY,0.2177,vehicle_crop,452.8889,99.3333,14.3023,0.0,0.4683,,UNKNOWN,False,DAY,1,UNREADABLE_TOO_SMALL,,0.0,"['tiny', 'low_contrast', 'low_confidence', 'unreadable']",False,,train,images/train/cam13_130025_412_119_125x133.jpg,vehicle_crop,119.476,113.74,40.04,UNKNOWN,UNKNOWN,UNREADABLE_TOO_SMALL,tiny|low_contrast|low_confidence|unreadable,adjudicated_proposal,vlm,False,p000636
cam13_130025_519_147_104x67,cam13,130025,D:\tessttt\testttttt\reports\deep\frames\cam13_0025.jpg,"[76.8, 52.6, 81.2, 54.9]",4.5,2.2,9.9,0.0014,2.0455,EXTREMELY_TINY,0.2467,vehicle_crop,4922.05,115.4,22.7473,0.0,0.512,,UNKNOWN,False,DAY,1,UNREADABLE_TOO_SMALL,,0.0,"['tiny', 'low_contrast', 'low_confidence', 'unreadable']",False,,train,images/train/cam13_130025_519_147_104x67.jpg,vehicle_crop,119.476,113.74,40.04,UNKNOWN,UNKNOWN,UNREADABLE_TOO_SMALL,tiny|low_contrast|low_confidence|unreadable,adjudicated_proposal,vlm,False,p000635
cam13_130026_912_407_287x265,cam13,130026,D:\tessttt\testttttt\reports\deep\frames\cam13_0026.jpg,"[88.9, 199.0, 139.6, 214.3]",50.8,15.3,777.24,0.0102,3.3203,LARGE,0.7207,vehicle_crop,1639.6071,133.9712,46.2005,0.0,0.6895,2.6026,FRONTAL,False,DAY,1,UNREADABLE_TOO_SMALL,,0.0,['unreadable'],False,,train,images/train/cam13_130026_912_407_287x265.jpg,vehicle_crop,153.502,113.07,40.61,UNKNOWN,UNKNOWN,UNREADABLE_TOO_SMALL,unreadable,adjudicated_proposal,vlm,False,p000637
cam13_130026_912_407_287x265,cam13,130026,D:\tessttt\testttttt\reports\deep\frames\cam13_0026.jpg,"[107.7, 152.2, 119.9, 160.9]",12.2,8.8,107.36,0.0014,1.3864,SMALL,0.3778,vehicle_crop,4590.2733,72.5312,34.8754,0.0,0.5196,,UNKNOWN,False,DAY,1,UNREADABLE_TOO_SMALL,,0.0,"['low_light', 'unreadable']",False,,train,images/train/cam13_130026_912_407_287x265.jpg,vehicle_crop,153.502,113.07,40.61,UNKNOWN,UNKNOWN,UNREADABLE_TOO_SMALL,low_light|unreadable,adjudicated_proposal,vlm,False,p000638
cam13_130027_520_147_102x68,cam13,130027,D:\tessttt\testttttt\reports\deep\frames\cam13_0027.jpg,"[71.3, 51.8, 79.8, 54.6]",8.4,2.8,23.52,0.0034,3.0,VERY_SMALL,0.4544,vehicle_crop,1000.026,145.2917,16.9447,0.0,0.4936,,UNKNOWN,False,DAY,1,UNREADABLE_TOO_SMALL,,0.0,"['tiny', 'low_contrast', 'unreadable']",False,,train,images/train/cam13_130027_520_147_102x68.jpg,vehicle_crop,138.517,113.03,40.57,UNKNOWN,UNKNOWN,UNREADABLE_TOO_SMALL,tiny|low_contrast|unreadable,adjudicated_proposal,vlm,False,p000640
cam13_130030_520_147_102x68,cam13,130030,D:\tessttt\testttttt\reports\deep\frames\cam13_0030.jpg,"[71.7, 51.4, 80.1, 54.2]",8.4,2.8,23.52,0.0034,3.0,VERY_SMALL,0.5692,vehicle_crop,3539.3443,141.3704,24.6684,0.0,0.5256,,UNKNOWN,False,DAY,1,UNREADABLE_TOO_SMALL,,0.0,"['tiny', 'low_contrast', 'unreadable']",False,,train,images/train/cam13_130030_520_147_102x68.jpg,vehicle_crop,159.306,114.53,41.37,UNKNOWN,UNKNOWN,UNREADABLE_TOO_SMALL,tiny|low_contrast|unreadable,adjudicated_proposal,vlm,False,p000641
cam13_130031_944_267_235x200,cam13,130031,D:\tessttt\testttttt\reports\deep\frames\cam13_0031.jpg,"[68.5, 118.4, 96.5, 130.3]",28.0,11.8,330.4,0.007,2.3729,MEDIUM,0.6629,vehicle_crop,300.4166,152.5565,18.727,0.0,0.5316,2.6026,FRONTAL,False,DAY,1,UNREADABLE_TOO_SMALL,,0.0,"['low_contrast', 'unreadable']",False,,train,images/train/cam13_130031_944_267_235x200.jpg,vehicle_crop,153.711,114.87,40.78,UNKNOWN,UNKNOWN,UNREADABLE_TOO_SMALL,low_contrast|unreadable,adjudicated_proposal,vlm,False,p000642
cam13_130032_520_147_102x67,cam13,130032,D:\tessttt\testttttt\reports\deep\frames\cam13_0032.jpg,"[71.8, 51.6, 80.1, 54.1]",8.3,2.5,20.75,0.003,3.32,VERY_SMALL,0.3306,vehicle_crop,3517.8957,143.6667,22.1075,0.0,0.5146,,UNKNOWN,False,DAY,1,UNREADABLE_TOO_SMALL,,0.0,"['tiny', 'low_contrast', 'low_confidence', 'unreadable']",False,,train,images/train/cam13_130032_520_147_102x67.jpg,vehicle_crop,163.525,115.22,41.18,UNKNOWN,UNKNOWN,UNREADABLE_TOO_SMALL,tiny|low_contrast|low_confidence|unreadable,adjudicated_proposal,vlm,False,p000644
cam13_130033_521_147_101x68,cam13,130033,D:\tessttt\testttttt\reports\deep\frames\cam13_0033.jpg,"[78.8, 48.9, 84.9, 53.1]",6.0,4.2,25.2,0.0037,1.4286,EXTREMELY_TINY,0.3147,vehicle_crop,2710.7567,120.8667,22.8834,0.0,0.5205,,UNKNOWN,False,DAY,1,UNREADABLE_TOO_SMALL,,0.0,"['tiny', 'low_contrast', 'low_confidence', 'unreadable']",False,,train,images/train/cam13_130033_521_147_101x68.jpg,vehicle_crop,131.938,115.51,40.72,UNKNOWN,UNKNOWN,UNREADABLE_TOO_SMALL,tiny|low_contrast|low_confidence|unreadable,adjudicated_proposal,vlm,False,p000645
cam13_130035_520_146_102x70,cam13,130035,D:\tessttt\testttttt\reports\deep\frames\cam13_0035.jpg,"[76.0, 42.4, 83.8, 46.1]",7.8,3.8,29.64,0.0042,2.0526,EXTREMELY_TINY,0.4045,vehicle_crop,139.1582,83.5357,8.2829,0.0,0.3,,UNKNOWN,False,DAY,1,UNREADABLE_TOO_SMALL,,0.0,"['tiny', 'low_light', 'low_contrast', 'unreadable']",False,,train,images/train/cam13_130035_520_146_102x70.jpg,vehicle_crop,142.531,115.33,40.74,UNKNOWN,UNKNOWN,UNREADABLE_TOO_SMALL,tiny|low_light|low_contrast|unreadable,adjudicated_proposal,vlm,False,p000646
cam13_130039_520_147_102x68,cam13,130039,D:\tessttt\testttttt\reports\deep\frames\cam13_0039.jpg,"[71.8, 51.4, 79.9, 54.4]",8.1,3.0,24.3,0.0035,2.7,VERY_SMALL,0.4513,vehicle_crop,2810.5677,144.4167,21.3871,0.0,0.5093,,UNKNOWN,False,DAY,1,UNREADABLE_TOO_SMALL,,0.0,"['tiny', 'low_contrast', 'unreadable']",False,,train,images/train/cam13_130039_520_147_102x68.jpg,vehicle_crop,130.623,114.79,40.52,UNKNOWN,UNKNOWN,UNREADABLE_TOO_SMALL,tiny|low_contrast|unreadable,adjudicated_proposal,vlm,False,p000648
cam13_130040_520_146_103x69,cam13,130040,D:\tessttt\testttttt\reports\deep\frames\cam13_0040.jpg,"[71.9, 52.4, 80.1, 54.9]",8.2,2.5,20.5,0.0029,3.28,VERY_SMALL,0.3053,vehicle_crop,1850.7654,154.7778,13.7095,0.0,0.4744,,UNKNOWN,False,DAY,1,UNREADABLE_TOO_SMALL,,0.0,"['tiny', 'low_contrast', 'low_confidence', 'unreadable']",False,,train,images/train/cam13_130040_520_146_103x69.jpg,vehicle_crop,156.083,115.13,39.99,UNKNOWN,UNKNOWN,UNREADABLE_TOO_SMALL,tiny|low_contrast|low_confidence|unreadable,adjudicated_proposal,vlm,False,p000649
cam13_130042_520_145_103x70,cam13,130042,D:\tessttt\testttttt\reports\deep\frames\cam13_0042.jpg,"[76.0, 53.5, 80.4, 55.9]",4.4,2.4,10.56,0.0015,1.8333,EXTREMELY_TINY,0.3505,vehicle_crop,1413.5,144.5,9.7852,0.0,0.4626,,UNKNOWN,False,DAY,1,UNREADABLE_TOO_SMALL,,0.0,"['tiny', 'low_contrast', 'unreadable']",False,,train,images/train/cam13_130042_520_145_103x70.jpg,vehicle_crop,127.981,115.52,40.26,UNKNOWN,UNKNOWN,UNREADABLE_TOO_SMALL,tiny|low_contrast|unreadable,adjudicated_proposal,vlm,False,p000650
cam13_130044_521_145_101x70,cam13,130044,D:\tessttt\testttttt\reports\deep\frames\cam13_0044.jpg,"[70.3, 54.2, 75.1, 56.6]",4.8,2.5,12.0,0.0017,1.92,EXTREMELY_TINY,0.3582,vehicle_crop,139.89,164.2,4.6,0.0,0.2936,,UNKNOWN,False,DAY,1,UNREADABLE_TOO_SMALL,,0.0,"['tiny', 'low_contrast', 'unreadable']",False,,train,images/train/cam13_130044_521_145_101x70.jpg,vehicle_crop,128.098,115.77,40.09,UNKNOWN,UNKNOWN,UNREADABLE_TOO_SMALL,tiny|low_contrast|unreadable,adjudicated_proposal,vlm,False,p000653
cam13_130046_521_146_101x69,cam13,130046,D:\tessttt\testttttt\reports\deep\frames\cam13_0046.jpg,"[74.8, 42.0, 85.0, 46.1]",10.2,4.2,42.84,0.0061,2.4286,VERY_SMALL,0.3894,vehicle_crop,759.4814,81.3636,18.2671,0.0,0.4719,,UNKNOWN,False,DAY,1,UNREADABLE_TOO_SMALL,,0.0,"['tiny', 'low_light', 'low_contrast', 'unreadable']",False,,train,images/train/cam13_130046_521_146_101x69.jpg,vehicle_crop,156.434,116.78,42.49,UNKNOWN,UNKNOWN,UNREADABLE_TOO_SMALL,tiny|low_light|low_contrast|unreadable,adjudicated_proposal,vlm,False,p000654
cam13_130048_520_145_103x70,cam13,130048,D:\tessttt\testttttt\reports\deep\frames\cam13_0048.jpg,"[71.9, 53.7, 80.1, 56.2]",8.2,2.5,20.5,0.0028,3.28,VERY_SMALL,0.4675,vehicle_crop,2928.321,141.6667,23.2331,0.0,0.5205,,UNKNOWN,False,DAY,1,UNREADABLE_TOO_SMALL,,0.0,"['tiny', 'low_contrast', 'unreadable']",False,,train,images/train/cam13_130048_520_145_103x70.jpg,vehicle_crop,124.12,115.17,40.23,UNKNOWN,UNKNOWN,UNREADABLE_TOO_SMALL,tiny|low_contrast|unreadable,adjudicated_proposal,vlm,False,p000656
cam13_130049_520_146_103x69,cam13,130049,D:\tessttt\testttttt\reports\deep\frames\cam13_0049.jpg,"[71.9, 53.1, 80.1, 55.6]",8.2,2.5,20.5,0.0029,3.28,VERY_SMALL,0.6836,vehicle_crop,4338.1111,136.3333,25.3859,0.0,0.5335,,UNKNOWN,False,DAY,1,UNREADABLE_TOO_SMALL,,0.0,"['tiny', 'low_contrast', 'unreadable']",False,,train,images/train/cam13_130049_520_146_103x69.jpg,vehicle_crop,167.677,115.94,40.45,UNKNOWN,UNKNOWN,UNREADABLE_TOO_SMALL,tiny|low_contrast|unreadable,adjudicated_proposal,vlm,False,p000658
cam13_130052_520_146_102x69,cam13,130052,D:\tessttt\testttttt\reports\deep\frames\cam13_0052.jpg,"[71.8, 53.0, 80.1, 55.3]",8.3,2.3,19.09,0.0027,3.6087,VERY_SMALL,0.2369,vehicle_crop,7299.8395,143.1111,26.6435,0.0,0.5303,,UNKNOWN,False,DAY,1,UNREADABLE_TOO_SMALL,,0.0,"['tiny', 'low_contrast', 'low_confidence', 'unreadable']",False,,train,images/train/cam13_130052_520_146_102x69.jpg,vehicle_crop,137.738,116.44,40.82,UNKNOWN,UNKNOWN,UNREADABLE_TOO_SMALL,tiny|low_contrast|low_confidence|unreadable,adjudicated_proposal,vlm,False,p000661
cam13_130054_520_146_103x68,cam13,130054,D:\tessttt\testttttt\reports\deep\frames\cam13_0054.jpg,"[71.7, 51.8, 80.1, 55.9]",8.4,4.1,34.44,0.0049,2.0488,VERY_SMALL,0.7136,vehicle_crop,4294.7863,138.1944,24.753,0.0,0.5294,,UNKNOWN,False,DAY,1,UNREADABLE_TOO_SMALL,,0.0,"['tiny', 'low_contrast', 'unreadable']",False,,train,images/train/cam13_130054_520_146_103x68.jpg,vehicle_crop,151.438,115.05,42.53,UNKNOWN,UNKNOWN,UNREADABLE_TOO_SMALL,tiny|low_contrast|unreadable,adjudicated_proposal,vlm,False,p000662
cam13_130056_519_145_103x70,cam13,130056,D:\tessttt\testttttt\reports\deep\frames\cam13_0056.jpg,"[76.9, 42.9, 85.0, 47.7]",8.1,4.7,38.07,0.0053,1.7234,VERY_SMALL,0.6461,vehicle_crop,7476.1333,107.5556,40.6369,0.0,0.5711,,UNKNOWN,False,DAY,1,UNREADABLE_TOO_SMALL,,0.0,"['tiny', 'unreadable']",False,,train,images/train/cam13_130056_519_145_103x70.jpg,vehicle_crop,154.636,116.23,41.15,UNKNOWN,UNKNOWN,UNREADABLE_TOO_SMALL,tiny|unreadable,adjudicated_proposal,vlm,False,p000664
cam13_130056_519_145_103x70,cam13,130056,D:\tessttt\testttttt\reports\deep\frames\cam13_0056.jpg,"[72.5, 53.5, 81.2, 56.7]",8.7,3.2,27.84,0.0039,2.7187,VERY_SMALL,0.463,vehicle_crop,2482.2167,138.6296,21.4133,0.0,0.5178,,UNKNOWN,False,DAY,1,UNREADABLE_TOO_SMALL,,0.0,"['tiny', 'low_contrast', 'unreadable']",False,,train,images/train/cam13_130056_519_145_103x70.jpg,vehicle_crop,154.636,116.23,41.15,UNKNOWN,UNKNOWN,UNREADABLE_TOO_SMALL,tiny|low_contrast|unreadable,adjudicated_proposal,vlm,False,p000665
cam13_130057_1029_379_245x222,cam13,130057,D:\tessttt\testttttt\reports\deep\frames\cam13_0057.jpg,"[89.2, 127.6, 136.0, 143.6]",46.8,16.0,748.8,0.0138,2.925,LARGE,0.3374,vehicle_crop,859.0579,161.371,48.021,0.0,0.6576,3.3665,FRONTAL,False,DAY,1,UNREADABLE_TOO_SMALL,,0.0,"['low_confidence', 'unreadable']",False,,train,images/train/cam13_130057_1029_379_245x222.jpg,vehicle_crop,152.368,114.97,41.07,UNKNOWN,UNKNOWN,UNREADABLE_TOO_SMALL,low_confidence|unreadable,adjudicated_proposal,vlm,False,p000666
cam13_130061_520_146_104x69,cam13,130061,D:\tessttt\testttttt\reports\deep\frames\cam13_0061.jpg,"[67.8, 45.8, 81.2, 50.7]",13.4,4.9,65.66,0.0091,2.7347,SMALL,0.2992,vehicle_crop,4248.3855,85.5714,24.7897,0.0,0.5042,,UNKNOWN,False,DAY,1,UNREADABLE_TOO_SMALL,,0.0,"['low_contrast', 'low_confidence', 'unreadable']",False,,test,images/test/cam13_130061_520_146_104x69.jpg,vehicle_crop,162.484,120.21,46.49,UNKNOWN,UNKNOWN,UNREADABLE_TOO_SMALL,low_contrast|low_confidence|unreadable,adjudicated_proposal,vlm,False,p000669
cam13_130061_928_335_245x177,cam13,130061,D:\tessttt\testttttt\reports\deep\frames\cam13_0061.jpg,"[47.2, 88.4, 62.8, 98.8]",15.6,10.4,162.24,0.0037,1.5,SMALL,0.589,vehicle_crop,205.6132,78.7533,15.6776,0.0,0.4151,,UNKNOWN,False,DAY,1,UNREADABLE_TOO_SMALL,,0.0,"['low_light', 'low_contrast', 'unreadable']",False,,test,images/test/cam13_130061_928_335_245x177.jpg,vehicle_crop,162.484,120.21,46.49,UNKNOWN,UNKNOWN,UNREADABLE_TOO_SMALL,low_light|low_contrast|unreadable,adjudicated_proposal,vlm,False,p000668
cam13_130061_929_337_243x174,cam13,130061,D:\tessttt\testttttt\reports\deep\frames\cam13_0061.jpg,"[133.7, 85.1, 150.4, 97.3]",16.7,12.2,203.74,0.0048,1.3689,SMALL,0.2065,vehicle_crop,402.3811,77.9314,29.8873,0.0,0.5189,,UNKNOWN,False,DAY,1,UNREADABLE_TOO_SMALL,,0.0,"['low_light', 'low_contrast', 'low_confidence', 'unreadable']",False,,test,images/test/cam13_130061_929_337_243x174.jpg,vehicle_crop,162.484,120.21,46.49,UNKNOWN,UNKNOWN,UNREADABLE_TOO_SMALL,low_light|low_contrast|low_confidence|unreadable,adjudicated_proposal,vlm,False,p000670
cam13_130062_519_146_104x69,cam13,130062,D:\tessttt\testttttt\reports\deep\frames\cam13_0062.jpg,"[80.6, 50.9, 85.2, 54.1]",4.6,3.2,14.72,0.0021,1.4375,EXTREMELY_TINY,0.2406,vehicle_crop,1384.41,133.35,16.5387,0.0,0.4993,,UNKNOWN,False,DAY,1,UNREADABLE_TOO_SMALL,,0.0,"['tiny', 'low_contrast', 'low_confidence', 'unreadable']",False,,test,images/test/cam13_130062_519_146_104x69.jpg,vehicle_crop,169.938,118.3,47.17,UNKNOWN,UNKNOWN,UNREADABLE_TOO_SMALL,tiny|low_contrast|low_confidence|unreadable,adjudicated_proposal,vlm,False,p000673
cam13_130063_459_212_180x97,cam13,130063,D:\tessttt\testttttt\reports\deep\frames\cam13_0063.jpg,"[40.0, 67.2, 48.8, 71.8]",8.8,4.7,41.36,0.0024,1.8723,VERY_SMALL,0.2745,vehicle_crop,206.0625,123.5625,6.2846,0.0,0.4194,,UNKNOWN,False,DAY,1,UNREADABLE_TOO_SMALL,,0.0,"['tiny', 'low_contrast', 'low_confidence', 'unreadable']",False,,test,images/test/cam13_130063_459_212_180x97.jpg,vehicle_crop,121.772,113.4,41.84,UNKNOWN,UNKNOWN,UNREADABLE_TOO_SMALL,tiny|low_contrast|low_confidence|unreadable,adjudicated_proposal,vlm,False,p000674
cam13_130064_519_146_104x69,cam13,130064,D:\tessttt\testttttt\reports\deep\frames\cam13_0064.jpg,"[80.7, 51.7, 85.2, 54.2]",4.5,2.6,11.7,0.0016,1.7308,EXTREMELY_TINY,0.4272,vehicle_crop,1660.3289,125.1333,16.2064,0.0,0.5009,,UNKNOWN,False,DAY,1,UNREADABLE_TOO_SMALL,,0.0,"['tiny', 'low_contrast', 'unreadable']",False,,test,images/test/cam13_130064_519_146_104x69.jpg,vehicle_crop,151.45,124.43,53.16,UNKNOWN,UNKNOWN,UNREADABLE_TOO_SMALL,tiny|low_contrast|unreadable,adjudicated_proposal,vlm,False,p000676
cam13_130064_1073_258_194x154,cam13,130064,D:\tessttt\testttttt\reports\deep\frames\cam13_0064.jpg,"[108.7, 104.9, 120.2, 112.0]",11.5,7.1,81.65,0.0027,1.6197,SMALL,0.7772,vehicle_crop,2181.5378,205.1042,35.2522,0.0,0.4972,,UNKNOWN,False,DAY,1,UNREADABLE_TOO_SMALL,,0.0,"['overexposed', 'unreadable']",False,,test,images/test/cam13_130064_1073_258_194x154.jpg,vehicle_crop,151.45,124.43,53.16,UNKNOWN,UNKNOWN,UNREADABLE_TOO_SMALL,overexposed|unreadable,adjudicated_proposal,vlm,False,p000675
cam13_130066_520_146_103x68,cam13,130066,D:\tessttt\testttttt\reports\deep\frames\cam13_0066.jpg,"[79.8, 51.5, 84.2, 54.2]",4.4,2.7,11.88,0.0017,1.6296,EXTREMELY_TINY,0.2055,vehicle_crop,1889.3067,114.1333,17.2428,0.0,0.4923,,UNKNOWN,False,DAY,1,UNREADABLE_TOO_SMALL,,0.0,"['tiny', 'low_contrast', 'low_confidence', 'unreadable']",False,,test,images/test/cam13_130066_520_146_103x68.jpg,vehicle_crop,189.382,113.62,58.84,UNKNOWN,UNKNOWN,UNREADABLE_TOO_SMALL,tiny|low_contrast|low_confidence|unreadable,adjudicated_proposal,vlm,False,p000678
cam13_130066_1352_228_135x150,cam13,130066,D:\tessttt\testttttt\reports\deep\frames\cam13_0066.jpg,"[71.8, 117.3, 80.4, 123.1]",8.7,5.7,49.59,0.0024,1.5263,VERY_SMALL,0.4831,vehicle_crop,957.2006,113.5185,15.7665,0.0,0.4947,,UNKNOWN,False,DAY,1,UNREADABLE_TOO_SMALL,,0.0,"['tiny', 'low_contrast', 'unreadable']",False,,test,images/test/cam13_130066_1352_228_135x150.jpg,vehicle_crop,189.382,113.62,58.84,UNKNOWN,UNKNOWN,UNREADABLE_TOO_SMALL,tiny|low_contrast|unreadable,adjudicated_proposal,vlm,False,p000677
cam13_130067_593_190_168x86,cam13,130067,D:\tessttt\testttttt\reports\deep\frames\cam13_0067.jpg,"[126.6, 50.4, 136.0, 54.0]",9.4,3.6,33.84,0.0023,2.6111,VERY_SMALL,0.2489,vehicle_crop,157.66,79.675,4.5683,0.0,0.3116,,UNKNOWN,False,DIM,1,UNREADABLE_TOO_SMALL,,0.0,"['tiny', 'low_light', 'low_contrast', 'low_confidence', 'unreadable']",False,,test,images/test/cam13_130067_593_190_168x86.jpg,vehicle_crop,126.145,90.54,48.23,UNKNOWN,UNKNOWN,UNREADABLE_TOO_SMALL,tiny|low_light|low_contrast|low_confidence|unreadable,adjudicated_proposal,vlm,False,p000680
cam13_130069_118_684_233x195,cam13,130069,D:\tessttt\testttttt\reports\deep\frames\cam13_0069.jpg,"[92.8, 135.9, 106.0, 141.6]",13.1,5.7,74.67,0.0016,2.2982,SMALL,0.5846,vehicle_crop,1362.3417,84.8333,31.8302,0.0,0.5269,,UNKNOWN,False,DIM,1,UNREADABLE_TOO_SMALL,,0.0,"['low_light', 'low_contrast', 'unreadable']",False,,test,images/test/cam13_130069_118_684_233x195.jpg,vehicle_crop,141.287,98.03,40.37,UNKNOWN,UNKNOWN,UNREADABLE_TOO_SMALL,low_light|low_contrast|unreadable,adjudicated_proposal,vlm,False,p000683
cam13_130069_881_78_496x448,cam13,130069,D:\tessttt\testttttt\reports\deep\frames\cam13_0069.jpg,"[145.1, 362.8, 182.1, 374.8]",37.0,12.1,447.7,0.002,3.0579,MEDIUM,0.3413,vehicle_crop,399.6432,161.9032,20.6683,0.0,0.5458,1.9749,FRONTAL,False,DIM,1,UNREADABLE_TOO_SMALL,,0.0,"['low_contrast', 'low_confidence', 'unreadable']",False,,test,images/test/cam13_130069_881_78_496x448.jpg,vehicle_crop,141.287,98.03,40.37,UNKNOWN,UNKNOWN,UNREADABLE_TOO_SMALL,low_contrast|low_confidence|unreadable,adjudicated_proposal,vlm,False,p000684
cam13_130070_310_295_162x117,cam13,130070,D:\tessttt\testttttt\reports\deep\frames\cam13_0070.jpg,"[100.7, 79.3, 108.1, 81.5]",7.4,2.2,16.28,0.0009,3.3636,EXTREMELY_TINY,0.4126,vehicle_crop,1708.4023,224.875,18.4115,0.0,0.4114,,UNKNOWN,False,DIM,1,UNREADABLE_TOO_SMALL,,0.0,"['tiny', 'overexposed', 'low_contrast', 'unreadable']",False,,test,images/test/cam13_130070_310_295_162x117.jpg,vehicle_crop,134.857,99.85,40.49,UNKNOWN,UNKNOWN,UNREADABLE_TOO_SMALL,tiny|overexposed|low_contrast|unreadable,adjudicated_proposal,vlm,False,p000686
cam13_130071_411_269_276x129,cam13,130071,D:\tessttt\testttttt\reports\deep\frames\cam13_0071.jpg,"[226.6, 72.9, 238.3, 79.2]",11.7,6.3,73.71,0.0021,1.8571,SMALL,0.3432,vehicle_crop,7141.7975,206.381,46.8678,0.0,0.5345,,UNKNOWN,False,DIM,1,UNREADABLE_TOO_SMALL,,0.0,"['overexposed', 'low_confidence', 'unreadable']",False,,test,images/test/cam13_130071_411_269_276x129.jpg,vehicle_crop,126.902,104.7,40.24,UNKNOWN,UNKNOWN,UNREADABLE_TOO_SMALL,overexposed|low_confidence|unreadable,adjudicated_proposal,vlm,False,p000688
cam13_130071_519_146_104x68,cam13,130071,D:\tessttt\testttttt\reports\deep\frames\cam13_0071.jpg,"[72.8, 53.7, 77.4, 55.2]",4.6,1.4,6.44,0.0009,3.2857,EXTREMELY_TINY,0.2855,vehicle_crop,7570.6,138.7,22.8738,0.0,0.5145,,UNKNOWN,False,DIM,1,UNREADABLE_TOO_SMALL,,0.0,"['tiny', 'low_contrast', 'low_confidence', 'unreadable']",False,,test,images/test/cam13_130071_519_146_104x68.jpg,vehicle_crop,126.902,104.7,40.24,UNKNOWN,UNKNOWN,UNREADABLE_TOO_SMALL,tiny|low_contrast|low_confidence|unreadable,adjudicated_proposal,vlm,False,p000689
cam13_130071_1031_89_430x310,cam13,130071,D:\tessttt\testttttt\reports\deep\frames\cam13_0071.jpg,"[111.8, 237.8, 137.4, 250.2]",25.6,12.5,320.0,0.0024,2.048,MEDIUM,0.3792,vehicle_crop,258.1839,166.7722,22.5123,0.0,0.5246,7.7652,SLIGHT,False,DIM,1,UNREADABLE_TOO_SMALL,,0.0,"['low_contrast', 'unreadable']",False,,test,images/test/cam13_130071_1031_89_430x310.jpg,vehicle_crop,126.902,104.7,40.24,UNKNOWN,UNKNOWN,UNREADABLE_TOO_SMALL,low_contrast|unreadable,adjudicated_proposal,vlm,False,p000687
cam13_130072_687_522_272x211,cam13,130072,D:\tessttt\testttttt\reports\deep\frames\cam13_0072.jpg,"[194.7, 145.1, 209.6, 150.8]",14.9,5.8,86.42,0.0015,2.569,SMALL,0.5523,vehicle_crop,409.1467,136.4,14.7504,0.0,0.51,,UNKNOWN,False,DAY,1,UNREADABLE_TOO_SMALL,,0.0,"['low_contrast', 'unreadable']",False,,test,images/test/cam13_130072_687_522_272x211.jpg,vehicle_crop,152.357,109.05,40.88,UNKNOWN,UNKNOWN,UNREADABLE_TOO_SMALL,low_contrast|unreadable,adjudicated_proposal,vlm,False,p000690
cam13_130074_405_242_166x135,cam13,130074,D:\tessttt\testttttt\reports\deep\frames\cam13_0074.jpg,"[86.5, 74.0, 96.8, 77.7]",10.3,3.8,39.14,0.0017,2.7105,VERY_SMALL,0.3556,vehicle_crop,805.6622,114.5333,16.5826,0.0,0.5005,,UNKNOWN,False,DAY,1,UNREADABLE_TOO_SMALL,,0.0,"['tiny', 'low_contrast', 'unreadable']",False,,test,images/test/cam13_130074_405_242_166x135.jpg,vehicle_crop,126.166,111.48,40.75,UNKNOWN,UNKNOWN,UNREADABLE_TOO_SMALL,tiny|low_contrast|unreadable,adjudicated_proposal,vlm,False,p000693
cam13_130076_977_473_205x112,cam13,130076,D:\tessttt\testttttt\reports\deep\frames\cam13_0076.jpg,"[103.9, 71.6, 114.9, 78.8]",10.9,7.2,78.48,0.0034,1.5139,SMALL,0.4681,vehicle_crop,467.0737,88.2597,13.3206,0.0,0.4629,,UNKNOWN,False,DAY,1,UNREADABLE_TOO_SMALL,,0.0,"['low_contrast', 'unreadable']",False,,test,images/test/cam13_130076_977_473_205x112.jpg,vehicle_crop,151.765,110.89,40.25,UNKNOWN,UNKNOWN,UNREADABLE_TOO_SMALL,low_contrast|unreadable,adjudicated_proposal,vlm,False,p000695
cam13_130076_977_473_205x112,cam13,130076,D:\tessttt\testttttt\reports\deep\frames\cam13_0076.jpg,"[113.9, 71.6, 123.6, 79.4]",9.7,7.8,75.66,0.0033,1.2436,VERY_SMALL,0.2539,vehicle_crop,374.3844,119.8375,17.8826,0.0,0.5107,,UNKNOWN,False,DAY,1,UNREADABLE_TOO_SMALL,,0.0,"['tiny', 'low_contrast', 'low_confidence', 'unreadable']",False,,test,images/test/cam13_130076_977_473_205x112.jpg,vehicle_crop,151.765,110.89,40.25,UNKNOWN,UNKNOWN,UNREADABLE_TOO_SMALL,tiny|low_contrast|low_confidence|unreadable,adjudicated_proposal,vlm,False,p000697
cam13_130076_1119_222_228x106,cam13,130076,D:\tessttt\testttttt\reports\deep\frames\cam13_0076.jpg,"[34.7, 65.1, 46.1, 73.1]",11.5,8.0,92.0,0.0038,1.4375,SMALL,0.429,vehicle_crop,910.6405,140.7292,23.4319,0.0,0.5282,,UNKNOWN,False,DAY,1,UNREADABLE_TOO_SMALL,,0.0,"['low_contrast', 'unreadable']",False,,test,images/test/cam13_130076_1119_222_228x106.jpg,vehicle_crop,151.765,110.89,40.25,UNKNOWN,UNKNOWN,UNREADABLE_TOO_SMALL,low_contrast|unreadable,adjudicated_proposal,vlm,False,p000696
cam13_130077_520_146_104x69,cam13,130077,D:\tessttt\testttttt\reports\deep\frames\cam13_0077.jpg,"[76.0, 52.9, 80.4, 55.3]",4.5,2.4,10.8,0.0015,1.875,EXTREMELY_TINY,0.4206,vehicle_crop,5342.0,116.3333,33.2674,0.0,0.5461,,UNKNOWN,False,DAY,1,UNREADABLE_TOO_SMALL,,0.0,"['tiny', 'unreadable']",False,,test,images/test/cam13_130077_520_146_104x69.jpg,vehicle_crop,153.486,110.3,40.82,UNKNOWN,UNKNOWN,UNREADABLE_TOO_SMALL,tiny|unreadable,adjudicated_proposal,vlm,False,p000698
cam13_130077_1137_197_266x129,cam13,130077,D:\tessttt\testttttt\reports\deep\frames\cam13_0077.jpg,"[38.8, 89.9, 51.8, 96.4]",13.0,6.5,84.5,0.0025,2.0,SMALL,0.2297,vehicle_crop,525.5933,130.8132,22.8862,0.0,0.5392,,UNKNOWN,False,DAY,1,UNREADABLE_TOO_SMALL,,0.0,"['low_contrast', 'low_confidence', 'unreadable']",False,,test,images/test/cam13_130077_1137_197_266x129.jpg,vehicle_crop,153.486,110.3,40.82,UNKNOWN,UNKNOWN,UNREADABLE_TOO_SMALL,low_contrast|low_confidence|unreadable,adjudicated_proposal,vlm,False,p000699
cam13_130079_521_146_101x69,cam13,130079,D:\tessttt\testttttt\reports\deep\frames\cam13_0079.jpg,"[70.5, 52.5, 79.1, 55.1]",8.7,2.6,22.62,0.0032,3.3462,VERY_SMALL,0.3697,vehicle_crop,2029.3361,141.4444,20.48,0.0,0.5116,,UNKNOWN,False,DAY,1,UNREADABLE_TOO_SMALL,,0.0,"['tiny', 'low_contrast', 'unreadable']",False,,test,images/test/cam13_130079_521_146_101x69.jpg,vehicle_crop,152.422,112.24,39.94,UNKNOWN,UNKNOWN,UNREADABLE_TOO_SMALL,tiny|low_contrast|unreadable,adjudicated_proposal,vlm,False,p000700
cam13_130079_521_146_101x69,cam13,130079,D:\tessttt\testttttt\reports\deep\frames\cam13_0079.jpg,"[70.8, 46.0, 81.5, 48.8]",10.7,2.8,29.96,0.0043,3.8214,SMALL,0.3555,vehicle_crop,1296.2169,92.8182,13.6503,0.0,0.469,,UNKNOWN,False,DAY,1,UNREADABLE_TOO_SMALL,,0.0,"['low_contrast', 'unreadable']",False,,test,images/test/cam13_130079_521_146_101x69.jpg,vehicle_crop,152.422,112.24,39.94,UNKNOWN,UNKNOWN,UNREADABLE_TOO_SMALL,low_contrast|unreadable,adjudicated_proposal,vlm,False,p000701
cam13_130080_519_145_103x70,cam13,130080,D:\tessttt\testttttt\reports\deep\frames\cam13_0080.jpg,"[58.8, 51.0, 63.2, 54.6]",4.4,3.6,15.84,0.0022,1.2222,EXTREMELY_TINY,0.2477,vehicle_crop,2007.0667,119.4667,24.5788,0.0,0.5226,,UNKNOWN,False,DAY,1,UNREADABLE_TOO_SMALL,,0.0,"['tiny', 'low_contrast', 'low_confidence', 'unreadable']",False,,train,images/train/cam13_130080_519_145_103x70.jpg,vehicle_crop,147.317,112.22,39.67,UNKNOWN,UNKNOWN,UNREADABLE_TOO_SMALL,tiny|low_contrast|low_confidence|unreadable,adjudicated_proposal,vlm,False,p000702
cam13_130080_519_145_103x70,cam13,130080,D:\tessttt\testttttt\reports\deep\frames\cam13_0080.jpg,"[80.7, 51.0, 88.6, 54.9]",7.9,3.9,30.81,0.0043,2.0256,EXTREMELY_TINY,0.2472,vehicle_crop,1726.5399,119.0833,18.1841,0.0,0.5069,,UNKNOWN,False,DAY,1,UNREADABLE_TOO_SMALL,,0.0,"['tiny', 'low_contrast', 'low_confidence', 'unreadable']",False,,train,images/train/cam13_130080_519_145_103x70.jpg,vehicle_crop,147.317,112.22,39.67,UNKNOWN,UNKNOWN,UNREADABLE_TOO_SMALL,tiny|low_contrast|low_confidence|unreadable,adjudicated_proposal,vlm,False,p000703
cam13_130081_520_145_103x70,cam13,130081,D:\tessttt\testttttt\reports\deep\frames\cam13_0081.jpg,"[75.8, 54.2, 80.3, 56.8]",4.4,2.7,11.88,0.0016,1.6296,EXTREMELY_TINY,0.4822,vehicle_crop,10318.45,108.8,32.4339,0.0,0.5371,,UNKNOWN,False,DAY,1,UNREADABLE_TOO_SMALL,,0.0,"['tiny', 'unreadable']",False,,train,images/train/cam13_130081_520_145_103x70.jpg,vehicle_crop,146.716,112.02,39.55,UNKNOWN,UNKNOWN,UNREADABLE_TOO_SMALL,tiny|unreadable,adjudicated_proposal,vlm,False,p000704
cam13_130081_766_196_138x102,cam13,130081,D:\tessttt\testttttt\reports\deep\frames\cam13_0081.jpg,"[108.1, 79.4, 114.0, 81.9]",5.8,2.5,14.5,0.001,2.32,EXTREMELY_TINY,0.2445,vehicle_crop,9637.5208,118.25,25.9362,0.0,0.5278,,UNKNOWN,False,DAY,1,UNREADABLE_TOO_SMALL,,0.0,"['tiny', 'low_contrast', 'low_confidence', 'unreadable']",False,,train,images/train/cam13_130081_766_196_138x102.jpg,vehicle_crop,146.716,112.02,39.55,UNKNOWN,UNKNOWN,UNREADABLE_TOO_SMALL,tiny|low_contrast|low_confidence|unreadable,adjudicated_proposal,vlm,False,p000705
cam13_130082_520_146_103x69,cam13,130082,D:\tessttt\testttttt\reports\deep\frames\cam13_0082.jpg,"[68.1, 45.6, 82.9, 51.3]",14.8,5.7,84.36,0.0119,2.5965,SMALL,0.2117,vehicle_crop,1940.6542,77.25,16.396,0.0,0.4671,,UNKNOWN,False,DAY,1,UNREADABLE_TOO_SMALL,,0.0,"['low_light', 'low_contrast', 'low_confidence', 'unreadable']",False,,train,images/train/cam13_130082_520_146_103x69.jpg,vehicle_crop,125.676,111.87,39.82,UNKNOWN,UNKNOWN,UNREADABLE_TOO_SMALL,low_light|low_contrast|low_confidence|unreadable,adjudicated_proposal,vlm,False,p000706
cam13_130083_748_190_145x99,cam13,130083,D:\tessttt\testttttt\reports\deep\frames\cam13_0083.jpg,"[97.0, 67.0, 113.6, 73.2]",16.5,6.2,102.3,0.0071,2.6613,SMALL,0.5547,vehicle_crop,1686.0412,166.9167,25.698,0.0,0.5151,,UNKNOWN,False,DAY,1,UNREADABLE_TOO_SMALL,,0.0,"['low_contrast', 'unreadable']",False,,train,images/train/cam13_130083_748_190_145x99.jpg,vehicle_crop,154.836,110.96,40.15,UNKNOWN,UNKNOWN,UNREADABLE_TOO_SMALL,low_contrast|unreadable,adjudicated_proposal,vlm,False,p000707
cam13_130085_520_147_102x68,cam13,130085,D:\tessttt\testttttt\reports\deep\frames\cam13_0085.jpg,"[79.8, 51.1, 84.2, 53.0]",4.4,1.9,8.36,0.0012,2.3158,EXTREMELY_TINY,0.4965,vehicle_crop,3873.2,130.0,17.1231,0.0,0.5049,,UNKNOWN,False,DAY,1,UNREADABLE_TOO_SMALL,,0.0,"['tiny', 'low_contrast', 'unreadable']",False,,train,images/train/cam13_130085_520_147_102x68.jpg,vehicle_crop,134.886,110.18,40.56,UNKNOWN,UNKNOWN,UNREADABLE_TOO_SMALL,tiny|low_contrast|unreadable,adjudicated_proposal,vlm,False,p000708
cam13_130087_520_145_102x70,cam13,130087,D:\tessttt\testttttt\reports\deep\frames\cam13_0087.jpg,"[75.7, 53.5, 80.6, 55.5]",4.8,2.0,9.6,0.0013,2.4,EXTREMELY_TINY,0.2501,vehicle_crop,2140.16,143.8,11.703,0.0,0.4717,,UNKNOWN,False,DAY,1,UNREADABLE_TOO_SMALL,,0.0,"['tiny', 'low_contrast', 'low_confidence', 'unreadable']",False,,train,images/train/cam13_130087_520_145_102x70.jpg,vehicle_crop,154.159,110.44,39.99,UNKNOWN,UNKNOWN,UNREADABLE_TOO_SMALL,tiny|low_contrast|low_confidence|unreadable,adjudicated_proposal,vlm,False,p000709
cam13_130088_519_147_104x68,cam13,130088,D:\tessttt\testttttt\reports\deep\frames\cam13_0088.jpg,"[72.8, 44.5, 83.3, 47.5]",10.5,3.0,31.5,0.0045,3.5,SMALL,0.5212,vehicle_crop,2205.3609,86.9697,16.7214,0.0,0.4729,,UNKNOWN,False,DAY,1,UNREADABLE_TOO_SMALL,,0.0,"['low_contrast', 'unreadable']",False,,train,images/train/cam13_130088_519_147_104x68.jpg,vehicle_crop,155.799,110.03,40.42,UNKNOWN,UNKNOWN,UNREADABLE_TOO_SMALL,low_contrast|unreadable,adjudicated_proposal,vlm,False,p000710
cam13_130090_520_146_102x69,cam13,130090,D:\tessttt\testttttt\reports\deep\frames\cam13_0090.jpg,"[75.9, 52.4, 80.4, 54.4]",4.5,2.0,9.0,0.0013,2.25,EXTREMELY_TINY,0.346,vehicle_crop,2233.24,149.5,11.3071,0.0,0.4642,,UNKNOWN,False,DAY,1,UNREADABLE_TOO_SMALL,,0.0,"['tiny', 'low_contrast', 'low_confidence', 'unreadable']",False,,train,images/train/cam13_130090_520_146_102x69.jpg,vehicle_crop,143.002,114.11,41.18,UNKNOWN,UNKNOWN,UNREADABLE_TOO_SMALL,tiny|low_contrast|low_confidence|unreadable,adjudicated_proposal,vlm,False,p000712
cam13_130091_519_146_104x69,cam13,130091,D:\tessttt\testttttt\reports\deep\frames\cam13_0091.jpg,"[80.6, 52.0, 85.2, 54.1]",4.6,2.1,9.66,0.0013,2.1905,EXTREMELY_TINY,0.274,vehicle_crop,679.81,119.4,11.0018,0.0,0.4773,,UNKNOWN,False,DAY,1,UNREADABLE_TOO_SMALL,,0.0,"['tiny', 'low_contrast', 'low_confidence', 'unreadable']",False,,train,images/train/cam13_130091_519_146_104x69.jpg,vehicle_crop,149.272,112.84,41.12,UNKNOWN,UNKNOWN,UNREADABLE_TOO_SMALL,tiny|low_contrast|low_confidence|unreadable,adjudicated_proposal,vlm,False,p000713
cam13_130092_664_173_137x91,cam13,130092,D:\tessttt\testttttt\reports\deep\frames\cam13_0092.jpg,"[96.1, 71.8, 104.6, 74.9]",8.5,3.1,26.35,0.0021,2.7419,VERY_SMALL,0.2276,vehicle_crop,3007.0399,158.7083,28.4436,0.0,0.5172,,UNKNOWN,False,DAY,1,UNREADABLE_TOO_SMALL,,0.0,"['tiny', 'low_contrast', 'low_confidence', 'unreadable']",False,,train,images/train/cam13_130092_664_173_137x91.jpg,vehicle_crop,128.85,112.82,40.78,UNKNOWN,UNKNOWN,UNREADABLE_TOO_SMALL,tiny|low_contrast|low_confidence|unreadable,adjudicated_proposal,vlm,False,p000714
cam13_130094_520_145_103x69,cam13,130094,D:\tessttt\testttttt\reports\deep\frames\cam13_0094.jpg,"[75.8, 53.7, 80.1, 55.9]",4.3,2.2,9.46,0.0013,1.9545,EXTREMELY_TINY,0.2733,vehicle_crop,1955.36,149.5,10.7168,0.0,0.4622,,UNKNOWN,False,DAY,1,UNREADABLE_TOO_SMALL,,0.0,"['tiny', 'low_contrast', 'low_confidence', 'unreadable']",False,,train,images/train/cam13_130094_520_145_103x69.jpg,vehicle_crop,158.142,113.13,39.94,UNKNOWN,UNKNOWN,UNREADABLE_TOO_SMALL,tiny|low_contrast|low_confidence|unreadable,adjudicated_proposal,vlm,False,p000715
cam13_130094_657_171_138x91,cam13,130094,D:\tessttt\testttttt\reports\deep\frames\cam13_0094.jpg,"[94.8, 58.9, 102.9, 63.3]",8.1,4.4,35.64,0.0028,1.8409,VERY_SMALL,0.2226,vehicle_crop,9062.41,94.725,44.0551,0.0,0.5665,,UNKNOWN,False,DAY,1,UNREADABLE_TOO_SMALL,,0.0,"['tiny', 'low_confidence', 'unreadable']",False,,train,images/train/cam13_130094_657_171_138x91.jpg,vehicle_crop,158.142,113.13,39.94,UNKNOWN,UNKNOWN,UNREADABLE_TOO_SMALL,tiny|low_confidence|unreadable,adjudicated_proposal,vlm,False,p000716
cam13_130095_520_147_102x68,cam13,130095,D:\tessttt\testttttt\reports\deep\frames\cam13_0095.jpg,"[75.9, 41.1, 84.0, 45.0]",8.1,3.9,31.59,0.0046,2.0769,VERY_SMALL,0.4526,vehicle_crop,1048.3418,83.1667,18.3129,0.0,0.47,,UNKNOWN,False,DAY,1,UNREADABLE_TOO_SMALL,,0.0,"['tiny', 'low_light', 'low_contrast', 'unreadable']",False,,train,images/train/cam13_130095_520_147_102x68.jpg,vehicle_crop,155.869,113.13,39.82,UNKNOWN,UNKNOWN,UNREADABLE_TOO_SMALL,tiny|low_light|low_contrast|unreadable,adjudicated_proposal,vlm,False,p000717
cam13_130096_520_145_104x69,cam13,130096,D:\tessttt\testttttt\reports\deep\frames\cam13_0096.jpg,"[71.8, 54.7, 76.3, 56.8]",4.5,2.1,9.45,0.0013,2.1429,EXTREMELY_TINY,0.4742,vehicle_crop,889.8,148.9,11.1754,0.0,0.4644,,UNKNOWN,False,DAY,1,UNREADABLE_TOO_SMALL,,0.0,"['tiny', 'low_contrast', 'unreadable']",False,,train,images/train/cam13_130096_520_145_104x69.jpg,vehicle_crop,163.11,113.27,39.96,UNKNOWN,UNKNOWN,UNREADABLE_TOO_SMALL,tiny|low_contrast|unreadable,adjudicated_proposal,vlm,False,p000718
cam13_130096_657_171_139x91,cam13,130096,D:\tessttt\testttttt\reports\deep\frames\cam13_0096.jpg,"[95.1, 72.2, 102.8, 74.5]",7.8,2.3,17.94,0.0014,3.3913,EXTREMELY_TINY,0.3247,vehicle_crop,8186.6582,153.0,25.7627,0.0,0.5125,,UNKNOWN,False,DAY,1,UNREADABLE_TOO_SMALL,,0.0,"['tiny', 'low_contrast', 'low_confidence', 'unreadable']",False,,train,images/train/cam13_130096_657_171_139x91.jpg,vehicle_crop,163.11,113.27,39.96,UNKNOWN,UNKNOWN,UNREADABLE_TOO_SMALL,tiny|low_contrast|low_confidence|unreadable,adjudicated_proposal,vlm,False,p000719
cam13_130096_657_171_139x91,cam13,130096,D:\tessttt\testttttt\reports\deep\frames\cam13_0096.jpg,"[102.8, 70.9, 111.1, 73.3]",8.2,2.3,18.86,0.0015,3.5652,VERY_SMALL,0.3102,vehicle_crop,2063.6488,152.1481,24.4339,0.0,0.513,,UNKNOWN,False,DAY,1,UNREADABLE_TOO_SMALL,,0.0,"['tiny', 'low_contrast', 'low_confidence', 'unreadable']",False,,train,images/train/cam13_130096_657_171_139x91.jpg,vehicle_crop,163.11,113.27,39.96,UNKNOWN,UNKNOWN,UNREADABLE_TOO_SMALL,tiny|low_contrast|low_confidence|unreadable,adjudicated_proposal,vlm,False,p000720
cam13_130096_657_171_139x91,cam13,130096,D:\tessttt\testttttt\reports\deep\frames\cam13_0096.jpg,"[96.5, 71.6, 109.8, 74.1]",13.3,2.5,33.25,0.0026,5.32,SMALL,0.2374,vehicle_crop,6265.5385,141.1282,41.8986,0.0,0.5913,,UNKNOWN,False,DAY,1,UNREADABLE_TOO_SMALL,,0.0,"['low_confidence', 'unreadable']",False,,train,images/train/cam13_130096_657_171_139x91.jpg,vehicle_crop,163.11,113.27,39.96,UNKNOWN,UNKNOWN,UNREADABLE_TOO_SMALL,low_confidence|unreadable,adjudicated_proposal,vlm,False,p000721
cam13_130097_520_146_103x69,cam13,130097,D:\tessttt\testttttt\reports\deep\frames\cam13_0097.jpg,"[76.0, 42.0, 83.9, 46.1]",7.9,4.1,32.39,0.0046,1.9268,EXTREMELY_TINY,0.2268,vehicle_crop,202.9796,79.3571,11.0331,0.0,0.3811,,UNKNOWN,False,DAY,1,UNREADABLE_TOO_SMALL,,0.0,"['tiny', 'low_light', 'low_contrast', 'low_confidence', 'unreadable']",False,,train,images/train/cam13_130097_520_146_103x69.jpg,vehicle_crop,147.86,113.35,39.95,UNKNOWN,UNKNOWN,UNREADABLE_TOO_SMALL,tiny|low_light|low_contrast|low_confidence|unreadable,adjudicated_proposal,vlm,False,p000722
cam13_130098_657_172_138x90,cam13,130098,D:\tessttt\testttttt\reports\deep\frames\cam13_0098.jpg,"[102.9, 69.8, 110.9, 72.3]",7.9,2.5,19.75,0.0016,3.16,EXTREMELY_TINY,0.2876,vehicle_crop,1175.2222,149.9167,16.9507,0.0,0.4885,,UNKNOWN,False,DAY,1,UNREADABLE_TOO_SMALL,,0.0,"['tiny', 'low_contrast', 'low_confidence', 'unreadable']",False,,train,images/train/cam13_130098_657_172_138x90.jpg,vehicle_crop,155.765,113.37,39.92,UNKNOWN,UNKNOWN,UNREADABLE_TOO_SMALL,tiny|low_contrast|low_confidence|unreadable,adjudicated_proposal,vlm,False,p000723
cam13_130099_659_172_135x90,cam13,130099,D:\tessttt\testttttt\reports\deep\frames\cam13_0099.jpg,"[96.9, 62.6, 104.7, 66.1]",7.8,3.5,27.3,0.0022,2.2286,EXTREMELY_TINY,0.5575,vehicle_crop,3805.9912,157.125,26.3874,0.0,0.5121,,UNKNOWN,False,DAY,1,UNREADABLE_TOO_SMALL,,0.0,"['tiny', 'low_contrast', 'unreadable']",False,,train,images/train/cam13_130099_659_172_135x90.jpg,vehicle_crop,156.973,113.34,39.92,UNKNOWN,UNKNOWN,UNREADABLE_TOO_SMALL,tiny|low_contrast|unreadable,adjudicated_proposal,vlm,False,p000724
cam13_130101_520_146_102x68,cam13,130101,D:\tessttt\testttttt\reports\deep\frames\cam13_0101.jpg,"[71.5, 53.6, 76.2, 55.8]",4.7,2.2,10.34,0.0015,2.1364,EXTREMELY_TINY,0.3513,vehicle_crop,393.41,154.9,8.8255,0.0,0.45,,UNKNOWN,False,DAY,1,UNREADABLE_TOO_SMALL,,0.0,"['tiny', 'low_contrast', 'unreadable']",False,,train,images/train/cam13_130101_520_146_102x68.jpg,vehicle_crop,172.25,113.78,40.15,UNKNOWN,UNKNOWN,UNREADABLE_TOO_SMALL,tiny|low_contrast|unreadable,adjudicated_proposal,vlm,False,p000726
cam13_130102_520_146_103x68,cam13,130102,D:\tessttt\testttttt\reports\deep\frames\cam13_0102.jpg,"[71.9, 52.3, 79.9, 54.9]",8.1,2.7,21.87,0.0031,3.0,VERY_SMALL,0.493,vehicle_crop,1882.2461,161.25,11.8295,0.0,0.4591,,UNKNOWN,False,DAY,1,UNREADABLE_TOO_SMALL,,0.0,"['tiny', 'low_contrast', 'unreadable']",False,,train,images/train/cam13_130102_520_146_103x68.jpg,vehicle_crop,165.75,116.13,44.95,UNKNOWN,UNKNOWN,UNREADABLE_TOO_SMALL,tiny|low_contrast|unreadable,adjudicated_proposal,vlm,False,p000728
cam13_130102_1087_550_285x382,cam13,130102,D:\tessttt\testttttt\reports\deep\frames\cam13_0102.jpg,"[111.4, 271.0, 182.3, 287.9]",70.8,16.8,1189.44,0.0109,4.2143,LARGE,0.7814,vehicle_crop,492.793,165.7157,23.5169,0.0,0.6191,1.0809,FRONTAL,False,DAY,1,NOT_ATTEMPTED,,0.0,['low_contrast'],False,,train,images/train/cam13_130102_1087_550_285x382.jpg,vehicle_crop,165.75,116.13,44.95,UNKNOWN,UNKNOWN,NOT_ATTEMPTED,low_contrast,adjudicated_proposal,vlm,False,p000727
cam13_130103_520_146_102x69,cam13,130103,D:\tessttt\testttttt\reports\deep\frames\cam13_0103.jpg,"[75.9, 41.9, 84.2, 46.1]",8.3,4.2,34.86,0.005,1.9762,VERY_SMALL,0.3604,vehicle_crop,8067.6662,104.2,43.4826,0.0,0.5769,,UNKNOWN,False,DAY,1,UNREADABLE_TOO_SMALL,,0.0,"['tiny', 'unreadable']",False,,train,images/train/cam13_130103_520_146_102x69.jpg,vehicle_crop,132.586,114.51,43.96,UNKNOWN,UNKNOWN,UNREADABLE_TOO_SMALL,tiny|unreadable,adjudicated_proposal,vlm,False,p000731
cam13_130103_657_172_138x90,cam13,130103,D:\tessttt\testttttt\reports\deep\frames\cam13_0103.jpg,"[102.9, 70.0, 110.9, 72.3]",7.9,2.3,18.17,0.0015,3.4348,EXTREMELY_TINY,0.2295,vehicle_crop,791.3086,154.125,11.1236,0.0,0.4645,,UNKNOWN,False,DAY,1,UNREADABLE_TOO_SMALL,,0.0,"['tiny', 'low_contrast', 'low_confidence', 'unreadable']",False,,train,images/train/cam13_130103_657_172_138x90.jpg,vehicle_crop,132.586,114.51,43.96,UNKNOWN,UNKNOWN,UNREADABLE_TOO_SMALL,tiny|low_contrast|low_confidence|unreadable,adjudicated_proposal,vlm,False,p000732
cam13_130103_1103_488_253x319,cam13,130103,D:\tessttt\testttttt\reports\deep\frames\cam13_0103.jpg,"[96.7, 215.5, 162.9, 233.5]",66.2,18.0,1191.6,0.0148,3.6778,LARGE,0.3915,vehicle_crop,147.5686,179.1843,26.3725,0.0,0.481,0.0,FRONTAL,False,DAY,1,NOT_ATTEMPTED,,0.0,['low_contrast'],False,,train,images/train/cam13_130103_1103_488_253x319.jpg,vehicle_crop,132.586,114.51,43.96,UNKNOWN,UNKNOWN,NOT_ATTEMPTED,low_contrast,adjudicated_proposal,vlm,False,p000730
cam13_130104_519_146_105x68,cam13,130104,D:\tessttt\testttttt\reports\deep\frames\cam13_0104.jpg,"[80.6, 51.7, 85.2, 54.1]",4.7,2.4,11.28,0.0016,1.9583,EXTREMELY_TINY,0.5228,vehicle_crop,1182.1333,119.0667,15.3165,0.0,0.4913,,UNKNOWN,False,DAY,1,UNREADABLE_TOO_SMALL,,0.0,"['tiny', 'low_contrast', 'unreadable']",False,,train,images/train/cam13_130104_519_146_105x68.jpg,vehicle_crop,151.105,112.99,41.87,UNKNOWN,UNKNOWN,UNREADABLE_TOO_SMALL,tiny|low_contrast|unreadable,adjudicated_proposal,vlm,False,p000734
cam13_130104_659_172_135x91,cam13,130104,D:\tessttt\testttttt\reports\deep\frames\cam13_0104.jpg,"[100.8, 70.2, 109.0, 72.3]",8.2,2.1,17.22,0.0014,3.9048,VERY_SMALL,0.3012,vehicle_crop,710.25,158.0,15.4919,0.0,0.4768,,UNKNOWN,False,DAY,1,UNREADABLE_TOO_SMALL,,0.0,"['tiny', 'low_contrast', 'low_confidence', 'unreadable']",False,,train,images/train/cam13_130104_659_172_135x91.jpg,vehicle_crop,151.105,112.99,41.87,UNKNOWN,UNKNOWN,UNREADABLE_TOO_SMALL,tiny|low_contrast|low_confidence|unreadable,adjudicated_proposal,vlm,False,p000735
cam13_130104_908_351_295x248,cam13,130104,D:\tessttt\testttttt\reports\deep\frames\cam13_0104.jpg,"[84.0, 154.2, 131.3, 169.1]",47.3,14.9,704.77,0.0096,3.1745,LARGE,0.8097,vehicle_crop,200.5107,144.1759,14.5583,0.0,0.5054,-17.8189,OBLIQUE,False,DAY,1,UNREADABLE_TOO_SMALL,,0.0,"['low_contrast', 'angled', 'unreadable']",False,,train,images/train/cam13_130104_908_351_295x248.jpg,vehicle_crop,151.105,112.99,41.87,UNKNOWN,UNKNOWN,UNREADABLE_TOO_SMALL,low_contrast|angled|unreadable,adjudicated_proposal,vlm,False,p000733
cam13_130105_656_173_140x89,cam13,130105,D:\tessttt\testttttt\reports\deep\frames\cam13_0105.jpg,"[102.8, 69.6, 111.9, 71.5]",9.1,1.9,17.29,0.0014,4.7895,VERY_SMALL,0.2338,vehicle_crop,511.358,153.5,18.3765,0.0,0.4914,,UNKNOWN,False,DAY,1,UNREADABLE_TOO_SMALL,,0.0,"['tiny', 'low_contrast', 'low_confidence', 'unreadable']",False,,train,images/train/cam13_130105_656_173_140x89.jpg,vehicle_crop,147.406,111.47,40.65,UNKNOWN,UNKNOWN,UNREADABLE_TOO_SMALL,tiny|low_contrast|low_confidence|unreadable,adjudicated_proposal,vlm,False,p000737
cam13_130105_937_399_219x297,cam13,130105,D:\tessttt\testttttt\reports\deep\frames\cam13_0105.jpg,"[129.8, 223.1, 151.0, 234.4]",21.3,11.3,240.69,0.0037,1.885,SMALL,0.7784,vehicle_crop,932.1478,111.3471,21.7572,0.0,0.5383,2.8624,FRONTAL,False,DAY,1,UNREADABLE_TOO_SMALL,,0.0,"['low_contrast', 'unreadable']",False,,train,images/train/cam13_130105_937_399_219x297.jpg,vehicle_crop,147.406,111.47,40.65,UNKNOWN,UNKNOWN,UNREADABLE_TOO_SMALL,low_contrast|unreadable,adjudicated_proposal,vlm,False,p000736
cam13_130106_658_172_138x90,cam13,130106,D:\tessttt\testttttt\reports\deep\frames\cam13_0106.jpg,"[49.9, 65.0, 57.8, 67.1]",7.9,2.1,16.59,0.0013,3.7619,EXTREMELY_TINY,0.3401,vehicle_crop,25692.125,114.25,42.4963,0.0,0.5826,,UNKNOWN,False,DAY,1,UNREADABLE_TOO_SMALL,,0.0,"['tiny', 'low_confidence', 'unreadable']",False,,train,images/train/cam13_130106_658_172_138x90.jpg,vehicle_crop,128.038,111.43,40.24,UNKNOWN,UNKNOWN,UNREADABLE_TOO_SMALL,tiny|low_confidence|unreadable,adjudicated_proposal,vlm,False,p000739
cam13_130106_990_357_191x252,cam13,130106,D:\tessttt\testttttt\reports\deep\frames\cam13_0106.jpg,"[34.1, 186.7, 50.2, 199.3]",16.1,12.6,202.86,0.0042,1.2778,SMALL,0.8255,vehicle_crop,461.5438,124.4567,17.7439,0.0,0.5273,,UNKNOWN,False,DAY,1,UNREADABLE_TOO_SMALL,,0.0,"['low_contrast', 'unreadable']",False,,train,images/train/cam13_130106_990_357_191x252.jpg,vehicle_crop,128.038,111.43,40.24,UNKNOWN,UNKNOWN,UNREADABLE_TOO_SMALL,low_contrast|unreadable,adjudicated_proposal,vlm,False,p000738
cam13_130107_657_172_139x90,cam13,130107,D:\tessttt\testttttt\reports\deep\frames\cam13_0107.jpg,"[102.8, 69.9, 111.1, 72.2]",8.2,2.3,18.86,0.0015,3.5652,VERY_SMALL,0.2397,vehicle_crop,762.1674,158.0,11.9195,0.0,0.4649,,UNKNOWN,False,DAY,1,UNREADABLE_TOO_SMALL,,0.0,"['tiny', 'low_contrast', 'low_confidence', 'unreadable']",False,,train,images/train/cam13_130107_657_172_139x90.jpg,vehicle_crop,127.503,109.78,40.79,UNKNOWN,UNKNOWN,UNREADABLE_TOO_SMALL,tiny|low_contrast|low_confidence|unreadable,adjudicated_proposal,vlm,False,p000741
cam13_130107_799_484_331x306,cam13,130107,D:\tessttt\testttttt\reports\deep\frames\cam13_0107.jpg,"[98.1, 220.9, 154.9, 239.0]",56.9,18.1,1029.89,0.0102,3.1436,LARGE,0.8531,vehicle_crop,807.0846,139.6776,48.6539,0.0,0.7014,9.0903,SLIGHT,False,DAY,1,UNREADABLE_TOO_SMALL,,0.0,['unreadable'],False,,train,images/train/cam13_130107_799_484_331x306.jpg,vehicle_crop,127.503,109.78,40.79,UNKNOWN,UNKNOWN,UNREADABLE_TOO_SMALL,unreadable,adjudicated_proposal,vlm,False,p000740
cam13_130109_654_173_138x88,cam13,130109,D:\tessttt\testttttt\reports\deep\frames\cam13_0109.jpg,"[97.3, 68.8, 108.4, 71.3]",11.1,2.5,27.75,0.0023,4.44,SMALL,0.2354,vehicle_crop,2083.4839,141.4242,25.7188,0.0,0.533,,UNKNOWN,False,DAY,1,UNREADABLE_TOO_SMALL,,0.0,"['low_contrast', 'low_confidence', 'unreadable']",False,,train,images/train/cam13_130109_654_173_138x88.jpg,vehicle_crop,156.095,111.63,39.77,UNKNOWN,UNKNOWN,UNREADABLE_TOO_SMALL,low_contrast|low_confidence|unreadable,adjudicated_proposal,vlm,False,p000742
cam13_130110_520_145_103x70,cam13,130110,D:\tessttt\testttttt\reports\deep\frames\cam13_0110.jpg,"[67.9, 43.4, 83.9, 52.3]",15.9,8.8,139.92,0.0194,1.8068,SMALL,0.3524,vehicle_crop,2382.3634,94.5764,40.5729,0.0,0.5707,,UNKNOWN,False,DAY,1,UNREADABLE_TOO_SMALL,,0.0,['unreadable'],False,,train,images/train/cam13_130110_520_145_103x70.jpg,vehicle_crop,131.52,111.6,39.79,UNKNOWN,UNKNOWN,UNREADABLE_TOO_SMALL,unreadable,adjudicated_proposal,vlm,False,p000743
cam13_130110_520_145_103x70,cam13,130110,D:\tessttt\testttttt\reports\deep\frames\cam13_0110.jpg,"[75.8, 43.1, 84.2, 49.3]",8.4,6.2,52.08,0.0072,1.3548,VERY_SMALL,0.2152,vehicle_crop,1943.8796,85.1111,19.3799,0.0,0.4757,,UNKNOWN,False,DAY,1,UNREADABLE_TOO_SMALL,,0.0,"['tiny', 'low_contrast', 'low_confidence', 'unreadable']",False,,train,images/train/cam13_130110_520_145_103x70.jpg,vehicle_crop,131.52,111.6,39.79,UNKNOWN,UNKNOWN,UNREADABLE_TOO_SMALL,tiny|low_contrast|low_confidence|unreadable,adjudicated_proposal,vlm,False,p000744
cam13_130111_1261_215_152x97,cam13,130111,D:\tessttt\testttttt\reports\deep\frames\cam13_0111.jpg,"[50.5, 59.7, 58.6, 65.5]",8.1,5.8,46.98,0.0032,1.3966,VERY_SMALL,0.4207,vehicle_crop,618.1141,172.4375,14.9609,0.0,0.4573,,UNKNOWN,False,DAY,1,UNREADABLE_TOO_SMALL,,0.0,"['tiny', 'low_contrast', 'unreadable']",False,,train,images/train/cam13_130111_1261_215_152x97.jpg,vehicle_crop,145.272,112.05,39.63,UNKNOWN,UNKNOWN,UNREADABLE_TOO_SMALL,tiny|low_contrast|unreadable,adjudicated_proposal,vlm,False,p000745
cam13_130112_519_147_104x69,cam13,130112,D:\tessttt\testttttt\reports\deep\frames\cam13_0112.jpg,"[72.6, 51.5, 81.1, 54.4]",8.5,2.9,24.65,0.0034,2.931,VERY_SMALL,0.4129,vehicle_crop,3913.0617,138.1852,23.2013,0.0,0.5242,,UNKNOWN,False,DAY,1,UNREADABLE_TOO_SMALL,,0.0,"['tiny', 'low_contrast', 'unreadable']",False,,train,images/train/cam13_130112_519_147_104x69.jpg,vehicle_crop,159.858,112.18,41.22,UNKNOWN,UNKNOWN,UNREADABLE_TOO_SMALL,tiny|low_contrast|unreadable,adjudicated_proposal,vlm,False,p000747
cam13_130113_521_146_102x69,cam13,130113,D:\tessttt\testttttt\reports\deep\frames\cam13_0113.jpg,"[74.9, 50.8, 86.7, 54.4]",11.7,3.6,42.12,0.006,3.25,SMALL,0.3091,vehicle_crop,3333.7357,119.5417,29.1411,0.0,0.5519,,UNKNOWN,False,DAY,1,UNREADABLE_TOO_SMALL,,0.0,"['low_contrast', 'low_confidence', 'unreadable']",False,,train,images/train/cam13_130113_521_146_102x69.jpg,vehicle_crop,124.73,112.19,41.59,UNKNOWN,UNKNOWN,UNREADABLE_TOO_SMALL,low_contrast|low_confidence|unreadable,adjudicated_proposal,vlm,False,p000750
cam13_130113_641_171_130x84,cam13,130113,D:\tessttt\testttttt\reports\deep\frames\cam13_0113.jpg,"[89.0, 58.1, 102.5, 62.3]",13.5,4.2,56.7,0.0052,3.2143,SMALL,0.5621,vehicle_crop,2479.9893,160.0769,30.007,0.0,0.5309,,UNKNOWN,False,DAY,1,UNREADABLE_TOO_SMALL,,0.0,"['low_contrast', 'unreadable']",False,,train,images/train/cam13_130113_641_171_130x84.jpg,vehicle_crop,124.73,112.19,41.59,UNKNOWN,UNKNOWN,UNREADABLE_TOO_SMALL,low_contrast|unreadable,adjudicated_proposal,vlm,False,p000748
cam13_130113_929_534_276x237,cam13,130113,D:\tessttt\testttttt\reports\deep\frames\cam13_0113.jpg,"[190.9, 161.7, 224.1, 171.7]",33.1,10.1,334.31,0.0051,3.2772,MEDIUM,0.3631,vehicle_crop,1384.695,130.35,28.6982,0.0,0.6011,0.0,FRONTAL,False,DAY,1,UNREADABLE_TOO_SMALL,,0.0,"['low_contrast', 'unreadable']",False,,train,images/train/cam13_130113_929_534_276x237.jpg,vehicle_crop,124.73,112.19,41.59,UNKNOWN,UNKNOWN,UNREADABLE_TOO_SMALL,low_contrast|unreadable,adjudicated_proposal,vlm,False,p000749
cam13_130114_520_146_103x69,cam13,130114,D:\tessttt\testttttt\reports\deep\frames\cam13_0114.jpg,"[76.0, 51.2, 87.4, 54.3]",11.4,3.2,36.48,0.0051,3.5625,SMALL,0.2419,vehicle_crop,3333.7539,123.0,29.8745,0.0,0.5561,,UNKNOWN,False,DAY,1,UNREADABLE_TOO_SMALL,,0.0,"['low_contrast', 'low_confidence', 'unreadable']",False,,train,images/train/cam13_130114_520_146_103x69.jpg,vehicle_crop,129.094,111.24,40.1,UNKNOWN,UNKNOWN,UNREADABLE_TOO_SMALL,low_contrast|low_confidence|unreadable,adjudicated_proposal,vlm,False,p000754
cam13_130114_639_169_126x86,cam13,130114,D:\tessttt\testttttt\reports\deep\frames\cam13_0114.jpg,"[86.8, 58.5, 100.8, 62.9]",14.0,4.4,61.6,0.0057,3.1818,SMALL,0.4323,vehicle_crop,6901.7854,141.9286,39.1279,0.0,0.5832,,UNKNOWN,False,DAY,1,UNREADABLE_TOO_SMALL,,0.0,['unreadable'],False,,train,images/train/cam13_130114_639_169_126x86.jpg,vehicle_crop,129.094,111.24,40.1,UNKNOWN,UNKNOWN,UNREADABLE_TOO_SMALL,unreadable,adjudicated_proposal,vlm,False,p000752
cam13_130114_1033_380_250x222,cam13,130114,D:\tessttt\testttttt\reports\deep\frames\cam13_0114.jpg,"[81.4, 153.0, 126.3, 169.3]",44.8,16.3,730.24,0.0132,2.7485,LARGE,0.7715,vehicle_crop,920.9115,135.7181,45.7334,0.0,0.674,1.5482,FRONTAL,False,DAY,1,UNREADABLE_TOO_SMALL,,0.0,['unreadable'],False,,train,images/train/cam13_130114_1033_380_250x222.jpg,vehicle_crop,129.094,111.24,40.1,UNKNOWN,UNKNOWN,UNREADABLE_TOO_SMALL,unreadable,adjudicated_proposal,vlm,False,p000751
cam13_130114_1033_380_250x222,cam13,130114,D:\tessttt\testttttt\reports\deep\frames\cam13_0114.jpg,"[157.8, 126.8, 170.7, 132.5]",12.9,5.7,73.53,0.0013,2.2632,SMALL,0.202,vehicle_crop,133.9599,120.641,6.9981,0.0,0.342,,UNKNOWN,False,DAY,1,UNREADABLE_TOO_SMALL,,0.0,"['low_contrast', 'low_confidence', 'unreadable']",False,,train,images/train/cam13_130114_1033_380_250x222.jpg,vehicle_crop,129.094,111.24,40.1,UNKNOWN,UNKNOWN,UNREADABLE_TOO_SMALL,low_contrast|low_confidence|unreadable,adjudicated_proposal,vlm,False,p000755
cam13_130115_519_146_104x68,cam13,130115,D:\tessttt\testttttt\reports\deep\frames\cam13_0115.jpg,"[32.6, 50.1, 36.9, 52.1]",4.3,2.1,9.03,0.0013,2.0476,EXTREMELY_TINY,0.3802,vehicle_crop,1955.7344,89.625,16.0307,0.0,0.4595,,UNKNOWN,False,DAY,1,UNREADABLE_TOO_SMALL,,0.0,"['tiny', 'low_contrast', 'unreadable']",False,,train,images/train/cam13_130115_519_146_104x68.jpg,vehicle_crop,136.801,112.17,39.98,UNKNOWN,UNKNOWN,UNREADABLE_TOO_SMALL,tiny|low_contrast|unreadable,adjudicated_proposal,vlm,False,p000756
cam13_130115_519_146_104x68,cam13,130115,D:\tessttt\testttttt\reports\deep\frames\cam13_0115.jpg,"[59.4, 50.1, 65.3, 53.4]",5.9,3.4,20.06,0.0028,1.7353,EXTREMELY_TINY,0.2328,vehicle_crop,1542.6667,111.9444,18.0969,0.0,0.4948,,UNKNOWN,False,DAY,1,UNREADABLE_TOO_SMALL,,0.0,"['tiny', 'low_contrast', 'low_confidence', 'unreadable']",False,,train,images/train/cam13_130115_519_146_104x68.jpg,vehicle_crop,136.801,112.17,39.98,UNKNOWN,UNKNOWN,UNREADABLE_TOO_SMALL,tiny|low_contrast|low_confidence|unreadable,adjudicated_proposal,vlm,False,p000757
cam13_130116_520_147_103x68,cam13,130116,D:\tessttt\testttttt\reports\deep\frames\cam13_0116.jpg,"[70.8, 51.5, 80.3, 54.5]",9.5,3.0,28.5,0.0041,3.1667,VERY_SMALL,0.3963,vehicle_crop,2572.5822,146.1667,25.7748,0.0,0.526,,UNKNOWN,False,DAY,1,UNREADABLE_TOO_SMALL,,0.0,"['tiny', 'low_contrast', 'unreadable']",False,,train,images/train/cam13_130116_520_147_103x68.jpg,vehicle_crop,159.893,112.46,39.94,UNKNOWN,UNKNOWN,UNREADABLE_TOO_SMALL,tiny|low_contrast|unreadable,adjudicated_proposal,vlm,False,p000758
cam13_130117_520_147_102x68,cam13,130117,D:\tessttt\testttttt\reports\deep\frames\cam13_0117.jpg,"[75.7, 52.4, 80.1, 53.8]",4.4,1.4,6.16,0.0009,3.1429,EXTREMELY_TINY,0.2208,vehicle_crop,168.56,148.8,11.0887,0.0,0.3665,,UNKNOWN,False,DAY,1,UNREADABLE_TOO_SMALL,,0.0,"['tiny', 'low_contrast', 'low_confidence', 'unreadable']",False,,train,images/train/cam13_130117_520_147_102x68.jpg,vehicle_crop,162.665,112.67,39.92,UNKNOWN,UNKNOWN,UNREADABLE_TOO_SMALL,tiny|low_contrast|low_confidence|unreadable,adjudicated_proposal,vlm,False,p000759
cam13_130118_520_146_102x69,cam13,130118,D:\tessttt\testttttt\reports\deep\frames\cam13_0118.jpg,"[76.2, 52.1, 83.8, 54.6]",7.7,2.5,19.25,0.0027,3.08,EXTREMELY_TINY,0.228,vehicle_crop,4357.5357,127.2143,18.8421,0.0,0.5159,,UNKNOWN,False,DAY,1,UNREADABLE_TOO_SMALL,,0.0,"['tiny', 'low_contrast', 'low_confidence', 'unreadable']",False,,train,images/train/cam13_130118_520_146_102x69.jpg,vehicle_crop,139.252,112.69,39.81,UNKNOWN,UNKNOWN,UNREADABLE_TOO_SMALL,tiny|low_contrast|low_confidence|unreadable,adjudicated_proposal,vlm,False,p000760
cam13_130120_521_146_102x68,cam13,130120,D:\tessttt\testttttt\reports\deep\frames\cam13_0120.jpg,"[70.7, 53.0, 75.1, 55.8]",4.4,2.8,12.32,0.0018,1.5714,EXTREMELY_TINY,0.5898,vehicle_crop,3351.81,155.7,15.6783,0.0,0.472,,UNKNOWN,False,DAY,1,UNREADABLE_TOO_SMALL,,0.0,"['tiny', 'low_contrast', 'unreadable']",False,,train,images/train/cam13_130120_521_146_102x68.jpg,vehicle_crop,159.565,113.05,39.87,UNKNOWN,UNKNOWN,UNREADABLE_TOO_SMALL,tiny|low_contrast|unreadable,adjudicated_proposal,vlm,False,p000761
cam13_130120_643_170_138x84,cam13,130120,D:\tessttt\testttttt\reports\deep\frames\cam13_0120.jpg,"[100.4, 57.9, 111.5, 62.3]",11.1,4.4,48.84,0.0042,2.5227,SMALL,0.2784,vehicle_crop,3463.6311,144.3455,27.8693,0.0,0.537,,UNKNOWN,False,DAY,1,UNREADABLE_TOO_SMALL,,0.0,"['low_contrast', 'low_confidence', 'unreadable']",False,,train,images/train/cam13_130120_643_170_138x84.jpg,vehicle_crop,159.565,113.05,39.87,UNKNOWN,UNKNOWN,UNREADABLE_TOO_SMALL,low_contrast|low_confidence|unreadable,adjudicated_proposal,vlm,False,p000762
cam14_140001_1389_411_174x103,cam14,140001,D:\tessttt\testttttt\reports\deep\frames\cam14_0001.jpg,"[135.4, 74.4, 146.0, 78.9]",10.6,4.5,47.7,0.0027,2.3556,SMALL,0.7277,vehicle_crop,3310.2082,138.7727,29.5434,0.0,0.5487,,UNKNOWN,False,DAY,1,UNREADABLE_TOO_SMALL,,0.0,"['low_contrast', 'unreadable']",False,,test,images/test/cam14_140001_1389_411_174x103.jpg,vehicle_crop,145.32,114.5,27.34,UNKNOWN,UNKNOWN,UNREADABLE_TOO_SMALL,low_contrast|unreadable,adjudicated_proposal,vlm,False,p000763
cam14_140002_1388_411_176x103,cam14,140002,D:\tessttt\testttttt\reports\deep\frames\cam14_0002.jpg,"[136.5, 74.8, 148.3, 79.6]",11.8,4.8,56.64,0.0031,2.4583,SMALL,0.7291,vehicle_crop,3619.99,136.5167,29.6982,0.0,0.5537,,UNKNOWN,False,DAY,1,UNREADABLE_TOO_SMALL,,0.0,"['low_contrast', 'unreadable']",False,,test,images/test/cam14_140002_1388_411_176x103.jpg,vehicle_crop,145.954,115.22,26.3,UNKNOWN,UNKNOWN,UNREADABLE_TOO_SMALL,low_contrast|unreadable,adjudicated_proposal,vlm,False,p000764
cam14_140003_872_571_328x260,cam14,140003,D:\tessttt\testttttt\reports\deep\frames\cam14_0003.jpg,"[193.9, 174.0, 240.2, 185.9]",46.3,12.0,555.6,0.0065,3.8583,LARGE,0.8091,vehicle_crop,589.5868,162.1141,18.4655,0.0,0.5582,-11.3099,SLIGHT,False,DAY,1,UNREADABLE_TOO_SMALL,,0.0,"['low_contrast', 'unreadable']",False,,test,images/test/cam14_140003_872_571_328x260.jpg,vehicle_crop,145.799,114.88,26.8,UNKNOWN,UNKNOWN,UNREADABLE_TOO_SMALL,low_contrast|unreadable,adjudicated_proposal,vlm,False,p000765
cam14_140004_764_389_185x162,cam14,140004,D:\tessttt\testttttt\reports\deep\frames\cam14_0004.jpg,"[100.9, 93.1, 132.0, 102.8]",31.1,9.6,298.56,0.01,3.2396,MEDIUM,0.4031,vehicle_crop,977.678,156.9062,27.0546,0.0,0.5626,0.0,FRONTAL,False,DAY,1,UNREADABLE_TOO_SMALL,,0.0,"['low_contrast', 'unreadable']",False,,test,images/test/cam14_140004_764_389_185x162.jpg,vehicle_crop,145.824,115.6,26.52,UNKNOWN,UNKNOWN,UNREADABLE_TOO_SMALL,low_contrast|unreadable,adjudicated_proposal,vlm,False,p000770
cam14_140004_1389_411_175x104,cam14,140004,D:\tessttt\testttttt\reports\deep\frames\cam14_0004.jpg,"[136.5, 74.9, 147.2, 79.4]",10.7,4.5,48.15,0.0026,2.3778,SMALL,0.4072,vehicle_crop,3176.6347,141.5273,24.2786,0.0,0.5281,,UNKNOWN,False,DAY,1,UNREADABLE_TOO_SMALL,,0.0,"['low_contrast', 'unreadable']",False,,test,images/test/cam14_140004_1389_411_175x104.jpg,vehicle_crop,145.824,115.6,26.52,UNKNOWN,UNKNOWN,UNREADABLE_TOO_SMALL,low_contrast|unreadable,adjudicated_proposal,vlm,False,p000769
cam14_140005_1389_410_175x105,cam14,140005,D:\tessttt\testttttt\reports\deep\frames\cam14_0005.jpg,"[136.2, 75.9, 146.6, 80.2]",10.4,4.3,44.72,0.0024,2.4186,SMALL,0.6113,vehicle_crop,4010.4816,144.18,26.9464,0.0,0.5321,,UNKNOWN,False,DAY,1,UNREADABLE_TOO_SMALL,,0.0,"['low_contrast', 'unreadable']",False,,test,images/test/cam14_140005_1389_410_175x105.jpg,vehicle_crop,147.659,115.73,26.37,UNKNOWN,UNKNOWN,UNREADABLE_TOO_SMALL,low_contrast|unreadable,adjudicated_proposal,vlm,False,p000772
cam14_140006_1389_410_175x105,cam14,140006,D:\tessttt\testttttt\reports\deep\frames\cam14_0006.jpg,"[136.2, 75.9, 146.6, 80.2]",10.4,4.3,44.72,0.0024,2.4186,SMALL,0.623,vehicle_crop,4010.4816,144.18,26.9464,0.0,0.5321,,UNKNOWN,False,DAY,1,UNREADABLE_TOO_SMALL,,0.0,"['low_contrast', 'unreadable']",False,,test,images/test/cam14_140006_1389_410_175x105.jpg,vehicle_crop,148.443,115.81,26.47,UNKNOWN,UNKNOWN,UNREADABLE_TOO_SMALL,low_contrast|unreadable,adjudicated_proposal,vlm,False,p000774
cam14_140007_1388_411_176x103,cam14,140007,D:\tessttt\testttttt\reports\deep\frames\cam14_0007.jpg,"[137.0, 74.8, 148.3, 79.3]",11.3,4.6,51.98,0.0029,2.4565,SMALL,0.7367,vehicle_crop,4431.2179,142.1818,27.1548,0.0,0.537,,UNKNOWN,False,DAY,1,UNREADABLE_TOO_SMALL,,0.0,"['low_contrast', 'unreadable']",False,,test,images/test/cam14_140007_1388_411_176x103.jpg,vehicle_crop,146.931,115.67,26.56,UNKNOWN,UNKNOWN,UNREADABLE_TOO_SMALL,low_contrast|unreadable,adjudicated_proposal,vlm,False,p000775
cam14_140008_1389_410_175x104,cam14,140008,D:\tessttt\testttttt\reports\deep\frames\cam14_0008.jpg,"[136.5, 75.1, 147.4, 80.2]",10.9,5.1,55.59,0.0031,2.1373,SMALL,0.7547,vehicle_crop,3073.9352,144.5818,24.2462,0.0,0.5247,,UNKNOWN,False,DAY,1,UNREADABLE_TOO_SMALL,,0.0,"['low_contrast', 'unreadable']",False,,test,images/test/cam14_140008_1389_410_175x104.jpg,vehicle_crop,164.28,121.13,31.39,UNKNOWN,UNKNOWN,UNREADABLE_TOO_SMALL,low_contrast|unreadable,adjudicated_proposal,vlm,False,p000777
cam14_140009_1387_410_177x104,cam14,140009,D:\tessttt\testttttt\reports\deep\frames\cam14_0009.jpg,"[138.9, 76.0, 149.2, 80.3]",10.2,4.3,43.86,0.0024,2.3721,VERY_SMALL,0.5384,vehicle_crop,1340.0806,148.9318,18.2662,0.0,0.5,,UNKNOWN,False,DAY,1,UNREADABLE_TOO_SMALL,,0.0,"['tiny', 'low_contrast', 'unreadable']",False,,test,images/test/cam14_140009_1387_410_177x104.jpg,vehicle_crop,142.601,115.0,28.51,UNKNOWN,UNKNOWN,UNREADABLE_TOO_SMALL,tiny|low_contrast|unreadable,adjudicated_proposal,vlm,False,p000780
cam14_140010_1389_410_175x105,cam14,140010,D:\tessttt\testttttt\reports\deep\frames\cam14_0010.jpg,"[136.5, 75.4, 147.4, 80.2]",10.9,4.8,52.32,0.0028,2.2708,SMALL,0.6786,vehicle_crop,3691.1881,140.3636,26.6815,0.0,0.5374,,UNKNOWN,False,DAY,1,UNREADABLE_TOO_SMALL,,0.0,"['low_contrast', 'unreadable']",False,,test,images/test/cam14_140010_1389_410_175x105.jpg,vehicle_crop,139.73,114.56,26.93,UNKNOWN,UNKNOWN,UNREADABLE_TOO_SMALL,low_contrast|unreadable,adjudicated_proposal,vlm,False,p000782
cam14_140011_1387_410_177x104,cam14,140011,D:\tessttt\testttttt\reports\deep\frames\cam14_0011.jpg,"[137.8, 75.8, 148.9, 80.3]",11.1,4.6,51.06,0.0028,2.413,SMALL,0.7261,vehicle_crop,2812.997,134.2182,28.7539,0.0,0.551,,UNKNOWN,False,DAY,1,UNREADABLE_TOO_SMALL,,0.0,"['low_contrast', 'unreadable']",False,,test,images/test/cam14_140011_1387_410_177x104.jpg,vehicle_crop,143.915,114.72,26.46,UNKNOWN,UNKNOWN,UNREADABLE_TOO_SMALL,low_contrast|unreadable,adjudicated_proposal,vlm,False,p000783
cam14_140012_1387_410_177x105,cam14,140012,D:\tessttt\testttttt\reports\deep\frames\cam14_0012.jpg,"[138.4, 75.5, 148.9, 80.3]",10.5,4.9,51.45,0.0028,2.1429,SMALL,0.6234,vehicle_crop,3988.68,141.36,28.1572,0.0,0.5392,,UNKNOWN,False,DAY,1,UNREADABLE_TOO_SMALL,,0.0,"['low_contrast', 'unreadable']",False,,test,images/test/cam14_140012_1387_410_177x105.jpg,vehicle_crop,145.954,114.74,26.44,UNKNOWN,UNKNOWN,UNREADABLE_TOO_SMALL,low_contrast|unreadable,adjudicated_proposal,vlm,False,p000784
cam14_140013_1389_411_175x103,cam14,140013,D:\tessttt\testttttt\reports\deep\frames\cam14_0013.jpg,"[136.2, 74.3, 147.4, 79.4]",11.2,5.1,57.12,0.0032,2.1961,SMALL,0.7946,vehicle_crop,4993.4261,138.8,28.3513,0.0,0.5447,,UNKNOWN,False,DAY,1,UNREADABLE_TOO_SMALL,,0.0,"['low_contrast', 'unreadable']",False,,test,images/test/cam14_140013_1389_411_175x103.jpg,vehicle_crop,146.248,114.91,26.34,UNKNOWN,UNKNOWN,UNREADABLE_TOO_SMALL,low_contrast|unreadable,adjudicated_proposal,vlm,False,p000785
cam14_140014_1390_410_174x105,cam14,140014,D:\tessttt\testttttt\reports\deep\frames\cam14_0014.jpg,"[135.2, 75.5, 146.0, 80.3]",10.9,4.8,52.32,0.0029,2.2708,SMALL,0.7591,vehicle_crop,4464.1534,138.6182,27.8571,0.0,0.5432,,UNKNOWN,False,DAY,1,UNREADABLE_TOO_SMALL,,0.0,"['low_contrast', 'unreadable']",False,,test,images/test/cam14_140014_1390_410_174x105.jpg,vehicle_crop,145.027,115.23,26.35,UNKNOWN,UNKNOWN,UNREADABLE_TOO_SMALL,low_contrast|unreadable,adjudicated_proposal,vlm,False,p000786
cam14_140015_1389_411_175x104,cam14,140015,D:\tessttt\testttttt\reports\deep\frames\cam14_0015.jpg,"[136.2, 74.6, 147.2, 79.4]",10.9,4.8,52.32,0.0029,2.2708,SMALL,0.7652,vehicle_crop,5230.2863,140.0,28.5778,0.0,0.5441,,UNKNOWN,False,DAY,1,UNREADABLE_TOO_SMALL,,0.0,"['low_contrast', 'unreadable']",False,,test,images/test/cam14_140015_1389_411_175x104.jpg,vehicle_crop,145.327,115.11,27.09,UNKNOWN,UNKNOWN,UNREADABLE_TOO_SMALL,low_contrast|unreadable,adjudicated_proposal,vlm,False,p000788
cam14_140016_1389_410_175x105,cam14,140016,D:\tessttt\testttttt\reports\deep\frames\cam14_0016.jpg,"[136.2, 75.7, 147.2, 80.5]",10.9,4.8,52.32,0.0028,2.2708,SMALL,0.79,vehicle_crop,5230.2863,140.0,28.5778,0.0,0.5441,,UNKNOWN,False,DAY,1,UNREADABLE_TOO_SMALL,,0.0,"['low_contrast', 'unreadable']",False,,test,images/test/cam14_140016_1389_410_175x105.jpg,vehicle_crop,131.691,115.2,26.83,UNKNOWN,UNKNOWN,UNREADABLE_TOO_SMALL,low_contrast|unreadable,adjudicated_proposal,vlm,False,p000789
cam14_140017_1389_410_174x105,cam14,140017,D:\tessttt\testttttt\reports\deep\frames\cam14_0017.jpg,"[136.2, 75.2, 147.3, 80.8]",11.1,5.6,62.16,0.0034,1.9821,SMALL,0.7449,vehicle_crop,3438.2764,141.1636,23.098,0.0,0.5246,,UNKNOWN,False,DAY,1,UNREADABLE_TOO_SMALL,,0.0,"['low_contrast', 'unreadable']",False,,test,images/test/cam14_140017_1389_410_174x105.jpg,vehicle_crop,124.324,114.7,26.84,UNKNOWN,UNKNOWN,UNREADABLE_TOO_SMALL,low_contrast|unreadable,adjudicated_proposal,vlm,False,p000790
cam14_140018_891_612_341x276,cam14,140018,D:\tessttt\testttttt\reports\deep\frames\cam14_0018.jpg,"[195.9, 177.8, 245.3, 194.5]",49.4,16.6,820.04,0.0087,2.9759,LARGE,0.801,vehicle_crop,48.4165,101.4694,14.719,0.0,0.3181,,UNKNOWN,False,DAY,1,UNREADABLE_TOO_SMALL,,0.0,"['blur', 'low_contrast', 'unreadable']",False,,test,images/test/cam14_140018_891_612_341x276.jpg,vehicle_crop,128.464,116.75,28.97,UNKNOWN,UNKNOWN,UNREADABLE_TOO_SMALL,blur|low_contrast|unreadable,adjudicated_proposal,vlm,False,p000791
cam14_140018_1389_411_175x105,cam14,140018,D:\tessttt\testttttt\reports\deep\frames\cam14_0018.jpg,"[136.0, 74.9, 146.9, 79.4]",10.9,4.5,49.05,0.0027,2.4222,SMALL,0.7434,vehicle_crop,2945.8804,141.78,25.0785,0.0,0.5285,,UNKNOWN,False,DAY,1,UNREADABLE_TOO_SMALL,,0.0,"['low_contrast', 'unreadable']",False,,test,images/test/cam14_140018_1389_411_175x105.jpg,vehicle_crop,128.464,116.75,28.97,UNKNOWN,UNKNOWN,UNREADABLE_TOO_SMALL,low_contrast|unreadable,adjudicated_proposal,vlm,False,p000792
cam14_140019_1389_411_175x105,cam14,140019,D:\tessttt\testttttt\reports\deep\frames\cam14_0019.jpg,"[136.0, 74.9, 146.9, 79.4]",10.9,4.5,49.05,0.0027,2.4222,SMALL,0.7531,vehicle_crop,2945.8804,141.78,25.0785,0.0,0.5285,,UNKNOWN,False,DAY,1,UNREADABLE_TOO_SMALL,,0.0,"['low_contrast', 'unreadable']",False,,test,images/test/cam14_140019_1389_411_175x105.jpg,vehicle_crop,114.646,116.21,27.88,UNKNOWN,UNKNOWN,UNREADABLE_TOO_SMALL,low_contrast|unreadable,adjudicated_proposal,vlm,False,p000793
cam14_140020_1386_411_185x110,cam14,140020,D:\tessttt\testttttt\reports\deep\frames\cam14_0020.jpg,"[141.1, 76.0, 150.4, 80.2]",9.3,4.2,39.06,0.0019,2.2143,VERY_SMALL,0.3698,vehicle_crop,785.49,97.1389,19.9418,0.0,0.4907,,UNKNOWN,False,DAY,1,UNREADABLE_TOO_SMALL,,0.0,"['tiny', 'low_contrast', 'unreadable']",False,,train,images/train/cam14_140020_1386_411_185x110.jpg,vehicle_crop,122.746,116.39,28.05,UNKNOWN,UNKNOWN,UNREADABLE_TOO_SMALL,tiny|low_contrast|unreadable,adjudicated_proposal,vlm,False,p000794
cam14_140021_1381_417_201x114,cam14,140021,D:\tessttt\testttttt\reports\deep\frames\cam14_0021.jpg,"[138.6, 91.3, 147.5, 95.6]",8.9,4.3,38.27,0.0017,2.0698,VERY_SMALL,0.2867,vehicle_crop,10596.4167,198.0278,44.7229,0.0,0.5305,,UNKNOWN,False,DAY,1,UNREADABLE_TOO_SMALL,,0.0,"['tiny', 'low_confidence', 'unreadable']",False,,train,images/train/cam14_140021_1381_417_201x114.jpg,vehicle_crop,125.341,116.42,28.09,UNKNOWN,UNKNOWN,UNREADABLE_TOO_SMALL,tiny|low_confidence|unreadable,adjudicated_proposal,vlm,False,p000796
cam14_140021_1383_420_200x110,cam14,140021,D:\tessttt\testttttt\reports\deep\frames\cam14_0021.jpg,"[144.6, 80.5, 156.5, 85.0]",11.9,4.6,54.74,0.0025,2.587,SMALL,0.2084,vehicle_crop,2001.6333,141.4167,17.0834,0.0,0.5063,,UNKNOWN,False,DAY,1,UNREADABLE_TOO_SMALL,,0.0,"['low_contrast', 'low_confidence', 'unreadable']",False,,train,images/train/cam14_140021_1383_420_200x110.jpg,vehicle_crop,125.341,116.42,28.09,UNKNOWN,UNKNOWN,UNREADABLE_TOO_SMALL,low_contrast|low_confidence|unreadable,adjudicated_proposal,vlm,False,p000797
cam14_140035_1068_271_646x519,cam14,140035,D:\tessttt\testttttt\reports\deep\frames\cam14_0035.jpg,"[435.8, 432.8, 468.3, 443.6]",32.5,10.8,351.0,0.001,3.0093,MEDIUM,0.3433,vehicle_crop,89.6657,110.1267,14.2483,0.0,0.3415,,UNKNOWN,False,DAY,1,UNREADABLE_TOO_SMALL,,0.0,"['blur', 'low_contrast', 'low_confidence', 'unreadable']",False,,train,images/train/cam14_140035_1068_271_646x519.jpg,vehicle_crop,142.24,114.38,27.57,UNKNOWN,UNKNOWN,UNREADABLE_TOO_SMALL,blur|low_contrast|low_confidence|unreadable,adjudicated_proposal,vlm,False,p000810
cam14_140044_1399_590_344x317,cam14,140044,D:\tessttt\testttttt\reports\deep\frames\cam14_0044.jpg,"[233.9, 254.9, 270.1, 267.5]",36.2,12.6,456.12,0.0042,2.873,MEDIUM,0.7221,vehicle_crop,76.1863,106.6424,12.5586,0.0,0.3239,,UNKNOWN,False,DAY,1,UNREADABLE_TOO_SMALL,,0.0,"['blur', 'low_contrast', 'unreadable']",False,,train,images/train/cam14_140044_1399_590_344x317.jpg,vehicle_crop,138.609,116.34,31.92,UNKNOWN,UNKNOWN,UNREADABLE_TOO_SMALL,blur|low_contrast|unreadable,adjudicated_proposal,vlm,False,p000817
cam14_140045_1399_591_344x316,cam14,140045,D:\tessttt\testttttt\reports\deep\frames\cam14_0045.jpg,"[234.4, 253.9, 270.6, 266.5]",36.2,12.6,456.12,0.0042,2.873,MEDIUM,0.7338,vehicle_crop,82.4027,107.4316,11.7874,0.0,0.3277,,UNKNOWN,False,DAY,1,UNREADABLE_TOO_SMALL,,0.0,"['blur', 'low_contrast', 'unreadable']",False,,train,images/train/cam14_140045_1399_591_344x316.jpg,vehicle_crop,148.029,116.22,32.15,UNKNOWN,UNKNOWN,UNREADABLE_TOO_SMALL,blur|low_contrast|unreadable,adjudicated_proposal,vlm,False,p000819
cam14_140046_1399_590_345x318,cam14,140046,D:\tessttt\testttttt\reports\deep\frames\cam14_0046.jpg,"[234.1, 254.1, 270.9, 268.3]",36.8,14.2,522.56,0.0048,2.5915,MEDIUM,0.2593,vehicle_crop,46.2256,106.0774,12.1931,0.0,0.2841,,UNKNOWN,False,DAY,1,UNREADABLE_TOO_SMALL,,0.0,"['blur', 'low_contrast', 'low_confidence', 'unreadable']",False,,train,images/train/cam14_140046_1399_590_345x318.jpg,vehicle_crop,135.482,116.03,31.93,UNKNOWN,UNKNOWN,UNREADABLE_TOO_SMALL,blur|low_contrast|low_confidence|unreadable,adjudicated_proposal,vlm,False,p000822
cam14_140047_1400_591_343x316,cam14,140047,D:\tessttt\testttttt\reports\deep\frames\cam14_0047.jpg,"[233.2, 253.6, 268.8, 268.3]",35.6,14.6,519.76,0.0048,2.4384,MEDIUM,0.6779,vehicle_crop,54.188,104.7371,13.136,0.0,0.2934,,UNKNOWN,False,DAY,1,UNREADABLE_TOO_SMALL,,0.0,"['blur', 'low_contrast', 'unreadable']",False,,train,images/train/cam14_140047_1400_591_343x316.jpg,vehicle_crop,126.863,115.93,32.0,UNKNOWN,UNKNOWN,UNREADABLE_TOO_SMALL,blur|low_contrast|unreadable,adjudicated_proposal,vlm,False,p000823
cam14_140048_1393_614_397x308,cam14,140048,D:\tessttt\testttttt\reports\deep\frames\cam14_0048.jpg,"[279.5, 251.7, 317.6, 266.2]",38.1,14.5,552.45,0.0045,2.6276,MEDIUM,0.7393,vehicle_crop,25.6669,103.0281,13.7714,0.0,0.2654,,UNKNOWN,False,DAY,1,UNREADABLE_TOO_SMALL,,0.0,"['blur', 'low_contrast', 'unreadable']",False,,train,images/train/cam14_140048_1393_614_397x308.jpg,vehicle_crop,126.909,115.95,31.79,UNKNOWN,UNKNOWN,UNREADABLE_TOO_SMALL,blur|low_contrast|unreadable,adjudicated_proposal,vlm,False,p000826
cam14_140063_781_423_360x205,cam14,140063,D:\tessttt\testttttt\reports\deep\frames\cam14_0063.jpg,"[286.2, 148.2, 308.1, 161.9]",21.9,13.7,300.03,0.0041,1.5985,MEDIUM,0.5829,vehicle_crop,1168.7217,161.0664,30.3791,0.0,0.5491,-14.0362,SLIGHT,False,DAY,1,UNREADABLE_TOO_SMALL,,0.0,"['low_contrast', 'unreadable']",False,,train,images/train/cam14_140063_781_423_360x205.jpg,vehicle_crop,114.943,117.19,30.41,UNKNOWN,UNKNOWN,UNREADABLE_TOO_SMALL,low_contrast|unreadable,adjudicated_proposal,vlm,False,p000846
cam14_140070_583_327_196x119,cam14,140070,D:\tessttt\testttttt\reports\deep\frames\cam14_0070.jpg,"[130.1, 63.6, 153.0, 69.6]",22.9,6.0,137.4,0.0059,3.8167,MEDIUM,0.7993,vehicle_crop,433.8544,163.2826,20.0485,0.0,0.5142,,UNKNOWN,False,DAY,1,UNREADABLE_TOO_SMALL,,0.0,"['low_contrast', 'unreadable']",False,,train,images/train/cam14_140070_583_327_196x119.jpg,vehicle_crop,118.102,117.14,29.01,UNKNOWN,UNKNOWN,UNREADABLE_TOO_SMALL,low_contrast|unreadable,adjudicated_proposal,vlm,False,p000848
cam14_140071_1325_537_251x198,cam14,140071,D:\tessttt\testttttt\reports\deep\frames\cam14_0071.jpg,"[187.4, 133.9, 202.7, 139.3]",15.3,5.3,81.09,0.0016,2.8868,SMALL,0.6363,vehicle_crop,1160.048,176.2111,21.226,0.0,0.488,,UNKNOWN,False,DAY,1,UNREADABLE_TOO_SMALL,,0.0,"['low_contrast', 'unreadable']",False,,train,images/train/cam14_140071_1325_537_251x198.jpg,vehicle_crop,109.427,116.97,28.24,UNKNOWN,UNKNOWN,UNREADABLE_TOO_SMALL,low_contrast|unreadable,adjudicated_proposal,vlm,False,p000850
cam14_140075_1319_527_277x207,cam14,140075,D:\tessttt\testttttt\reports\deep\frames\cam14_0075.jpg,"[200.5, 159.6, 220.7, 167.6]",20.2,8.0,161.6,0.0028,2.525,SMALL,0.6765,vehicle_crop,255.1809,143.5375,9.3206,0.0,0.4941,,UNKNOWN,False,DAY,1,UNREADABLE_TOO_SMALL,,0.0,"['low_contrast', 'unreadable']",False,,train,images/train/cam14_140075_1319_527_277x207.jpg,vehicle_crop,116.721,117.53,28.1,UNKNOWN,UNKNOWN,UNREADABLE_TOO_SMALL,low_contrast|unreadable,adjudicated_proposal,vlm,False,p000853
cam14_140078_220_320_226x123,cam14,140078,D:\tessttt\testttttt\reports\deep\frames\cam14_0078.jpg,"[163.7, 92.0, 174.0, 96.8]",10.3,4.8,49.44,0.0018,2.1458,VERY_SMALL,0.6911,vehicle_crop,759.6302,136.8864,14.9061,0.0,0.502,,UNKNOWN,False,DAY,1,UNREADABLE_TOO_SMALL,,0.0,"['tiny', 'low_contrast', 'unreadable']",False,,train,images/train/cam14_140078_220_320_226x123.jpg,vehicle_crop,107.341,117.81,27.91,UNKNOWN,UNKNOWN,UNREADABLE_TOO_SMALL,tiny|low_contrast|unreadable,adjudicated_proposal,vlm,False,p000856
cam14_140088_840_563_208x283,cam14,140088,D:\tessttt\testttttt\reports\deep\frames\cam14_0088.jpg,"[113.6, 164.4, 130.0, 175.2]",16.4,10.8,177.12,0.003,1.5185,SMALL,0.2247,vehicle_crop,25.9008,161.5882,7.2108,0.0,0.1924,,UNKNOWN,False,DAY,1,UNREADABLE_TOO_SMALL,,0.0,"['blur', 'low_contrast', 'low_confidence', 'unreadable']",False,,train,images/train/cam14_140088_840_563_208x283.jpg,vehicle_crop,105.378,118.6,29.57,UNKNOWN,UNKNOWN,UNREADABLE_TOO_SMALL,blur|low_contrast|low_confidence|unreadable,adjudicated_proposal,vlm,False,p000864
cam14_140089_698_351_103x143,cam14,140089,D:\tessttt\testttttt\reports\deep\frames\cam14_0089.jpg,"[47.9, 64.6, 66.1, 75.0]",18.2,10.4,189.28,0.0129,1.75,SMALL,0.5992,vehicle_crop,129.4689,136.6555,19.7798,0.0,0.3898,,UNKNOWN,False,DAY,1,UNREADABLE_TOO_SMALL,,0.0,"['low_contrast', 'unreadable']",False,,train,images/train/cam14_140089_698_351_103x143.jpg,vehicle_crop,126.622,118.92,30.51,UNKNOWN,UNKNOWN,UNREADABLE_TOO_SMALL,low_contrast|unreadable,adjudicated_proposal,vlm,False,p000865
cam14_140103_1109_578_142x152,cam14,140103,D:\tessttt\testttttt\reports\deep\frames\cam14_0103.jpg,"[48.7, 112.2, 59.3, 115.5]",10.7,3.2,34.24,0.0016,3.3437,SMALL,0.3229,vehicle_crop,7042.2112,157.5455,27.9058,0.0,0.5227,,UNKNOWN,False,DAY,1,UNREADABLE_TOO_SMALL,,0.0,"['low_contrast', 'low_confidence', 'unreadable']",False,,train,images/train/cam14_140103_1109_578_142x152.jpg,vehicle_crop,111.381,119.46,27.75,UNKNOWN,UNKNOWN,UNREADABLE_TOO_SMALL,low_contrast|low_confidence|unreadable,adjudicated_proposal,vlm,False,p000885
cam14_140107_1526_489_233x133,cam14,140107,D:\tessttt\testttttt\reports\deep\frames\cam14_0107.jpg,"[122.0, 67.9, 142.9, 76.8]",21.0,8.9,186.9,0.006,2.3596,SMALL,0.7385,vehicle_crop,1425.6907,131.3,38.2403,0.0,0.6039,0.0,FRONTAL,False,DAY,1,UNREADABLE_TOO_SMALL,,0.0,['unreadable'],False,,train,images/train/cam14_140107_1526_489_233x133.jpg,vehicle_crop,121.703,119.54,28.73,UNKNOWN,UNKNOWN,UNREADABLE_TOO_SMALL,unreadable,adjudicated_proposal,vlm,False,p000886
cam14_140111_1006_422_303x169,cam14,140111,D:\tessttt\testttttt\reports\deep\frames\cam14_0111.jpg,"[61.7, 81.1, 72.3, 89.0]",10.6,7.8,82.68,0.0016,1.359,SMALL,0.504,vehicle_crop,3832.0846,152.8409,29.8789,0.0,0.5344,,UNKNOWN,False,DAY,1,UNREADABLE_TOO_SMALL,,0.0,"['low_contrast', 'unreadable']",False,,train,images/train/cam14_140111_1006_422_303x169.jpg,vehicle_crop,139.181,120.78,27.62,UNKNOWN,UNKNOWN,UNREADABLE_TOO_SMALL,low_contrast|unreadable,adjudicated_proposal,vlm,False,p000890
cam16_160003_906_191_240x225,cam16,160003,D:\tessttt\testttttt\reports\deep\frames\cam16_0003.jpg,"[128.9, 177.7, 156.1, 188.0]",27.1,10.3,279.13,0.0052,2.6311,MEDIUM,0.6632,vehicle_crop,581.084,140.6883,35.8347,0.0,0.6016,0.0,FRONTAL,False,DAY,1,UNREADABLE_TOO_SMALL,,0.0,['unreadable'],False,,train,images/train/cam16_160003_906_191_240x225.jpg,vehicle_crop,234.783,109.3,38.51,UNKNOWN,UNKNOWN,UNREADABLE_TOO_SMALL,unreadable,adjudicated_proposal,vlm,False,p000900
cam16_160004_1572_250_95x38,cam16,160004,D:\tessttt\testttttt\reports\deep\frames\cam16_0004.jpg,"[43.9, 26.2, 51.9, 30.1]",8.0,3.9,31.2,0.0086,2.0513,VERY_SMALL,0.3808,vehicle_crop,1419.6875,65.8438,22.1756,0.0,0.4619,,UNKNOWN,False,DAY,1,UNREADABLE_TOO_SMALL,,0.0,"['tiny', 'low_light', 'low_contrast', 'unreadable']",False,,train,images/train/cam16_160004_1572_250_95x38.jpg,vehicle_crop,240.71,109.72,38.0,UNKNOWN,UNKNOWN,UNREADABLE_TOO_SMALL,tiny|low_light|low_contrast|unreadable,adjudicated_proposal,vlm,False,p000901
cam16_160023_1550_290_125x88,cam16,160023,D:\tessttt\testttttt\reports\deep\frames\cam16_0023.jpg,"[89.3, 56.7, 98.1, 61.6]",8.8,5.0,44.0,0.004,1.76,VERY_SMALL,0.2758,vehicle_crop,933.8222,70.2,15.6611,0.0,0.447,,UNKNOWN,False,DAY,1,UNREADABLE_TOO_SMALL,,0.0,"['tiny', 'low_light', 'low_contrast', 'low_confidence', 'unreadable']",False,,train,images/train/cam16_160023_1550_290_125x88.jpg,vehicle_crop,258.426,110.12,37.89,UNKNOWN,UNKNOWN,UNREADABLE_TOO_SMALL,tiny|low_light|low_contrast|low_confidence|unreadable,adjudicated_proposal,vlm,False,p000902
cam16_160023_1550_290_125x88,cam16,160023,D:\tessttt\testttttt\reports\deep\frames\cam16_0023.jpg,"[97.7, 56.1, 105.9, 62.0]",8.2,5.9,48.38,0.0044,1.3898,VERY_SMALL,0.2388,vehicle_crop,1015.9931,87.1458,14.4583,0.0,0.4595,,UNKNOWN,False,DAY,1,UNREADABLE_TOO_SMALL,,0.0,"['tiny', 'low_contrast', 'low_confidence', 'unreadable']",False,,train,images/train/cam16_160023_1550_290_125x88.jpg,vehicle_crop,258.426,110.12,37.89,UNKNOWN,UNKNOWN,UNREADABLE_TOO_SMALL,tiny|low_contrast|low_confidence|unreadable,adjudicated_proposal,vlm,False,p000903
cam16_160047_831_157_658x718,cam16,160047,D:\tessttt\testttttt\reports\deep\frames\cam16_0047.jpg,"[397.0, 524.0, 439.0, 552.0]",42.0,28.0,1176.0,0.0025,1.5,MEDIUM,0.8351,vehicle_crop,63.5437,120.1471,22.4896,0.0,0.3666,-10.6197,SLIGHT,False,DAY,1,UNREADABLE_TOO_SMALL,,0.0,"['blur', 'low_contrast', 'unreadable']",False,,val,images/val/cam16_160047_831_157_658x718.jpg,vehicle_crop,243.462,109.24,41.55,UNKNOWN,UNKNOWN,UNREADABLE_TOO_SMALL,blur|low_contrast|unreadable,adjudicated_proposal,vlm,False,p000904
cam16_160048_835_166_459x489,cam16,160048,D:\tessttt\testttttt\reports\deep\frames\cam16_0048.jpg,"[268.3, 349.1, 301.7, 370.6]",33.5,21.6,723.6,0.0032,1.5509,MEDIUM,0.8595,vehicle_crop,84.9754,129.0188,24.0586,0.0,0.3871,0.0,FRONTAL,False,DAY,1,UNREADABLE_TOO_SMALL,,0.0,"['blur', 'low_contrast', 'unreadable']",False,,val,images/val/cam16_160048_835_166_459x489.jpg,vehicle_crop,237.391,109.84,39.59,UNKNOWN,UNKNOWN,UNREADABLE_TOO_SMALL,blur|low_contrast|unreadable,adjudicated_proposal,vlm,False,p000905
cam16_160049_833_155_321x348,cam16,160049,D:\tessttt\testttttt\reports\deep\frames\cam16_0049.jpg,"[180.9, 244.6, 206.4, 261.1]",25.5,16.5,420.75,0.0038,1.5455,MEDIUM,0.8651,vehicle_crop,132.8633,130.5271,23.9997,0.0,0.4287,3.1798,FRONTAL,False,DAY,1,UNREADABLE_TOO_SMALL,,0.0,"['low_contrast', 'unreadable']",False,,val,images/val/cam16_160049_833_155_321x348.jpg,vehicle_crop,237.844,110.65,38.73,UNKNOWN,UNKNOWN,UNREADABLE_TOO_SMALL,low_contrast|unreadable,adjudicated_proposal,vlm,False,p000906
cam16_160050_836_149_231x256,cam16,160050,D:\tessttt\testttttt\reports\deep\frames\cam16_0050.jpg,"[117.4, 177.6, 141.1, 190.5]",23.8,12.9,307.02,0.0052,1.845,MEDIUM,0.7179,vehicle_crop,386.8412,123.2981,27.0557,0.0,0.573,0.0,FRONTAL,False,DAY,1,UNREADABLE_TOO_SMALL,,0.0,"['low_contrast', 'unreadable']",False,,val,images/val/cam16_160050_836_149_231x256.jpg,vehicle_crop,234.908,111.35,38.09,UNKNOWN,UNKNOWN,UNREADABLE_TOO_SMALL,low_contrast|unreadable,adjudicated_proposal,vlm,False,p000907
cam16_160051_846_147_176x207,cam16,160051,D:\tessttt\testttttt\reports\deep\frames\cam16_0051.jpg,"[84.1, 140.6, 104.9, 152.9]",20.8,12.3,255.84,0.007,1.6911,SMALL,0.349,vehicle_crop,259.6056,125.2792,26.1469,0.0,0.5642,0.0,FRONTAL,False,DAY,1,UNREADABLE_TOO_SMALL,,0.0,"['low_contrast', 'low_confidence', 'unreadable']",False,,val,images/val/cam16_160051_846_147_176x207.jpg,vehicle_crop,239.639,112.15,37.95,UNKNOWN,UNKNOWN,UNREADABLE_TOO_SMALL,low_contrast|low_confidence|unreadable,adjudicated_proposal,vlm,False,p000908
cam16_160055_865_140_192x126,cam16,160055,D:\tessttt\testttttt\reports\deep\frames\cam16_0055.jpg,"[32.2, 83.9, 39.1, 89.4]",7.0,5.5,38.5,0.0016,1.2727,EXTREMELY_TINY,0.2288,vehicle_crop,16080.5692,204.5,52.4623,0.0,0.5452,,UNKNOWN,False,DAY,1,UNREADABLE_TOO_SMALL,,0.0,"['tiny', 'overexposed', 'low_confidence', 'unreadable']",False,,val,images/val/cam16_160055_865_140_192x126.jpg,vehicle_crop,247.087,113.19,37.79,UNKNOWN,UNKNOWN,UNREADABLE_TOO_SMALL,tiny|overexposed|low_confidence|unreadable,adjudicated_proposal,vlm,False,p000909
cam16_160056_883_140_218x121,cam16,160056,D:\tessttt\testttttt\reports\deep\frames\cam16_0056.jpg,"[56.6, 74.4, 66.2, 80.4]",9.6,6.0,57.6,0.0022,1.6,VERY_SMALL,0.5278,vehicle_crop,900.3431,128.7667,21.8139,0.0,0.5319,,UNKNOWN,False,DAY,1,UNREADABLE_TOO_SMALL,,0.0,"['tiny', 'low_contrast', 'unreadable']",False,,val,images/val/cam16_160056_883_140_218x121.jpg,vehicle_crop,251.777,113.38,37.81,UNKNOWN,UNKNOWN,UNREADABLE_TOO_SMALL,tiny|low_contrast|unreadable,adjudicated_proposal,vlm,False,p000910
cam16_160090_1537_259_105x81,cam16,160090,D:\tessttt\testttttt\reports\deep\frames\cam16_0090.jpg,"[77.5, 51.2, 87.2, 57.3]",9.7,6.1,59.17,0.007,1.5902,VERY_SMALL,0.2189,vehicle_crop,627.0364,76.2333,16.1569,0.0,0.4572,,UNKNOWN,False,DAY,1,UNREADABLE_TOO_SMALL,,0.0,"['tiny', 'low_light', 'low_contrast', 'low_confidence', 'unreadable']",False,,train,images/train/cam16_160090_1537_259_105x81.jpg,vehicle_crop,281.318,114.1,38.69,UNKNOWN,UNKNOWN,UNREADABLE_TOO_SMALL,tiny|low_light|low_contrast|low_confidence|unreadable,adjudicated_proposal,vlm,False,p000911
cam18_180001_491_36_144x89,cam18,180001,D:\tessttt\testttttt\reports\deep\frames\cam18_0001.jpg,"[32.9, 63.3, 42.1, 65.9]",9.2,2.6,23.92,0.0019,3.5385,VERY_SMALL,0.5126,vehicle_crop,6685.81,232.05,29.3623,0.0,0.4441,,UNKNOWN,False,DAY,1,UNREADABLE_TOO_SMALL,,0.0,"['tiny', 'overexposed', 'low_contrast', 'unreadable']",False,,train,images/train/cam18_180001_491_36_144x89.jpg,vehicle_crop,1298.907,125.7,36.38,UNKNOWN,UNKNOWN,UNREADABLE_TOO_SMALL,tiny|overexposed|low_contrast|unreadable,adjudicated_proposal,vlm,False,p000942
cam18_180002_0_0_204x138,cam18,180002,D:\tessttt\testttttt\reports\deep\frames\cam18_0002.jpg,"[159.1, 89.8, 167.2, 94.3]",8.1,4.5,36.45,0.0013,1.8,VERY_SMALL,0.221,vehicle_crop,437.4744,124.975,10.4988,0.0,0.4877,,UNKNOWN,False,DAY,1,UNREADABLE_TOO_SMALL,,0.0,"['tiny', 'low_contrast', 'low_confidence', 'unreadable']",False,,train,images/train/cam18_180002_0_0_204x138.jpg,vehicle_crop,1301.682,124.68,36.35,UNKNOWN,UNKNOWN,UNREADABLE_TOO_SMALL,tiny|low_contrast|low_confidence|unreadable,adjudicated_proposal,vlm,False,p000944
cam18_180003_0_0_204x136,cam18,180003,D:\tessttt\testttttt\reports\deep\frames\cam18_0003.jpg,"[13.9, 93.3, 32.1, 105.0]",18.1,11.7,211.77,0.0076,1.547,SMALL,0.51,vehicle_crop,1527.0275,126.0614,23.6283,0.0,0.5546,,UNKNOWN,False,DAY,1,UNREADABLE_TOO_SMALL,,0.0,"['low_contrast', 'unreadable']",False,,train,images/train/cam18_180003_0_0_204x136.jpg,vehicle_crop,1291.379,124.12,36.45,UNKNOWN,UNKNOWN,UNREADABLE_TOO_SMALL,low_contrast|unreadable,adjudicated_proposal,vlm,False,p000945
cam18_180005_0_0_208x133,cam18,180005,D:\tessttt\testttttt\reports\deep\frames\cam18_0005.jpg,"[114.5, 85.9, 120.4, 90.1]",5.9,4.3,25.37,0.0009,1.3721,EXTREMELY_TINY,0.2225,vehicle_crop,11070.1556,167.7667,66.2881,0.0,0.6085,,UNKNOWN,False,DAY,1,UNREADABLE_TOO_SMALL,,0.0,"['tiny', 'low_confidence', 'unreadable']",False,,train,images/train/cam18_180005_0_0_208x133.jpg,vehicle_crop,1283.088,124.25,36.28,UNKNOWN,UNKNOWN,UNREADABLE_TOO_SMALL,tiny|low_confidence|unreadable,adjudicated_proposal,vlm,False,p000947
cam21_210001_572_91_287x275,cam21,210001,D:\tessttt\testttttt\reports\deep\frames\cam21_0001.jpg,"[105.9, 181.6, 162.8, 198.7]",56.9,17.1,972.99,0.0123,3.3275,LARGE,0.8536,vehicle_crop,2101.2318,134.3344,32.9137,0.0,0.6568,1.5074,FRONTAL,False,DAY,1,UNREADABLE_TOO_SMALL,,0.0,['unreadable'],False,,test,images/test/cam21_210001_572_91_287x275.jpg,vehicle_crop,920.647,143.35,31.43,UNKNOWN,UNKNOWN,UNREADABLE_TOO_SMALL,unreadable,adjudicated_proposal,vlm,False,p001164
cam21_210001_773_0_197x70,cam21,210001,D:\tessttt\testttttt\reports\deep\frames\cam21_0001.jpg,"[71.2, 21.9, 106.8, 29.9]",35.6,8.1,288.36,0.0209,4.3951,MEDIUM,0.6874,vehicle_crop,4650.0214,132.7143,27.6839,0.0,0.5971,0.0,FRONTAL,False,DAY,1,UNREADABLE_TOO_SMALL,,0.0,"['low_contrast', 'unreadable']",False,,test,images/test/cam21_210001_773_0_197x70.jpg,vehicle_crop,920.647,143.35,31.43,UNKNOWN,UNKNOWN,UNREADABLE_TOO_SMALL,low_contrast|unreadable,adjudicated_proposal,vlm,False,p001165
cam21_210001_930_65_206x267,cam21,210001,D:\tessttt\testttttt\reports\deep\frames\cam21_0001.jpg,"[94.1, 126.2, 115.3, 136.4]",21.2,10.2,216.24,0.0039,2.0784,SMALL,0.4901,vehicle_crop,1679.8118,115.0429,18.922,0.0,0.5309,0.0,FRONTAL,False,DAY,1,UNREADABLE_TOO_SMALL,,0.0,"['low_contrast', 'unreadable']",False,,test,images/test/cam21_210001_930_65_206x267.jpg,vehicle_crop,920.647,143.35,31.43,UNKNOWN,UNKNOWN,UNREADABLE_TOO_SMALL,low_contrast|unreadable,adjudicated_proposal,vlm,False,p001166
cam21_210002_532_146_319x306,cam21,210002,D:\tessttt\testttttt\reports\deep\frames\cam21_0002.jpg,"[114.7, 204.3, 179.0, 225.2]",64.3,20.9,1343.87,0.0138,3.0766,LARGE,0.8541,vehicle_crop,1569.5221,129.6132,35.3888,0.0,0.6862,2.0454,FRONTAL,False,DAY,1,NOT_ATTEMPTED,,0.0,[],False,,test,images/test/cam21_210002_532_146_319x306.jpg,vehicle_crop,920.264,142.83,30.45,UNKNOWN,UNKNOWN,NOT_ATTEMPTED,none,adjudicated_proposal,vlm,False,p001168
cam21_210002_748_0_209x110,cam21,210002,D:\tessttt\testttttt\reports\deep\frames\cam21_0002.jpg,"[75.3, 51.7, 114.3, 61.3]",38.9,9.6,373.44,0.0162,4.0521,MEDIUM,0.8583,vehicle_crop,3879.8053,130.6615,28.8998,0.0,0.6114,0.0,FRONTAL,False,DAY,1,UNREADABLE_TOO_SMALL,,0.0,"['low_contrast', 'unreadable']",False,,test,images/test/cam21_210002_748_0_209x110.jpg,vehicle_crop,920.264,142.83,30.45,UNKNOWN,UNKNOWN,UNREADABLE_TOO_SMALL,low_contrast|unreadable,adjudicated_proposal,vlm,False,p001167
cam21_210003_723_0_235x149,cam21,210003,D:\tessttt\testttttt\reports\deep\frames\cam21_0003.jpg,"[78.2, 81.0, 123.7, 91.8]",45.5,10.8,491.4,0.014,4.213,LARGE,0.2349,vehicle_crop,3766.2448,129.7822,29.3864,0.0,0.626,0.0,FRONTAL,False,DAY,1,UNREADABLE_TOO_SMALL,,0.0,"['low_contrast', 'low_confidence', 'unreadable']",False,,test,images/test/cam21_210003_723_0_235x149.jpg,vehicle_crop,933.314,141.2,29.04,UNKNOWN,UNKNOWN,UNREADABLE_TOO_SMALL,low_contrast|low_confidence|unreadable,adjudicated_proposal,vlm,False,p001169
cam21_210004_723_0_235x149,cam21,210004,D:\tessttt\testttttt\reports\deep\frames\cam21_0004.jpg,"[78.2, 81.0, 123.7, 91.8]",45.5,10.8,491.4,0.014,4.213,LARGE,0.2349,vehicle_crop,3766.2448,129.7822,29.3864,0.0,0.626,0.0,FRONTAL,False,DAY,1,UNREADABLE_TOO_SMALL,,0.0,"['low_contrast', 'low_confidence', 'unreadable']",False,,test,images/test/cam21_210004_723_0_235x149.jpg,vehicle_crop,933.314,141.2,29.04,UNKNOWN,UNKNOWN,UNREADABLE_TOO_SMALL,low_contrast|low_confidence|unreadable,adjudicated_proposal,vlm,False,p001170
cam21_210005_723_0_235x149,cam21,210005,D:\tessttt\testttttt\reports\deep\frames\cam21_0005.jpg,"[78.2, 81.0, 123.7, 91.8]",45.5,10.8,491.4,0.014,4.213,LARGE,0.2349,vehicle_crop,3766.2448,129.7822,29.3864,0.0,0.626,0.0,FRONTAL,False,DAY,1,UNREADABLE_TOO_SMALL,,0.0,"['low_contrast', 'low_confidence', 'unreadable']",False,,test,images/test/cam21_210005_723_0_235x149.jpg,vehicle_crop,933.314,141.2,29.04,UNKNOWN,UNKNOWN,UNREADABLE_TOO_SMALL,low_contrast|low_confidence|unreadable,adjudicated_proposal,vlm,False,p001171
cam21_210006_527_152_321x313,cam21,210006,D:\tessttt\testttttt\reports\deep\frames\cam21_0006.jpg,"[114.4, 209.5, 181.1, 231.1]",66.7,21.6,1440.72,0.0143,3.088,LARGE,0.8504,vehicle_crop,1437.0591,126.422,36.414,0.0,0.6937,1.9749,FRONTAL,False,DAY,1,NOT_ATTEMPTED,,0.0,[],False,,test,images/test/cam21_210006_527_152_321x313.jpg,vehicle_crop,920.32,142.26,29.81,UNKNOWN,UNKNOWN,NOT_ATTEMPTED,none,adjudicated_proposal,vlm,False,p001172
cam21_210006_744_0_212x114,cam21,210006,D:\tessttt\testttttt\reports\deep\frames\cam21_0006.jpg,"[76.7, 54.4, 116.2, 64.5]",39.5,10.0,395.0,0.0163,3.95,MEDIUM,0.8344,vehicle_crop,3970.3255,128.385,31.8306,0.0,0.6257,0.0,FRONTAL,False,DAY,1,UNREADABLE_TOO_SMALL,,0.0,"['low_contrast', 'unreadable']",False,,test,images/test/cam21_210006_744_0_212x114.jpg,vehicle_crop,920.32,142.26,29.81,UNKNOWN,UNKNOWN,UNREADABLE_TOO_SMALL,low_contrast|unreadable,adjudicated_proposal,vlm,False,p001173
