vehicle_id,frame,engine_frame,timestamp_s,x1,y1,x2,y2,width,height,area,aspect,band,det_conf,two_row,sharpness_lap,tenengrad,brightness,contrast,blur_extent,skew_deg,dark_frac,bloom_frac,quality,ocr_text,ocr_conf,ocr_readers
cam06_1080p_s0_t8,60,60,2.585,18.0,96.0,49.2,113.6,31.2,17.6,547,1.78,VERY_SMALL,0.431,1,153.4,33559.8,92.3,81.3,3.29,4.9,0.315,0.0,0.611,,0.0,
cam06_1080p_s0_t8,61,61,2.628,18.0,87.9,57.9,105.7,39.9,17.9,712,2.23,VERY_SMALL,0.667,1,379.8,49871.1,94.7,81.9,2.5,5.3,0.293,0.0,0.783,TS11BD45,0.661,crnn
cam06_1080p_s0_t12,62,62,2.671,722.7,93.7,762.4,129.5,39.7,35.9,1424,1.11,VERY_SMALL,0.241,1,110.6,17626.9,78.0,71.5,0.02,0.0,0.125,0.029,0.664,,0.0,
cam06_1080p_s0_t12,63,63,2.714,717.2,105.3,755.8,140.2,38.6,35.0,1350,1.1,VERY_SMALL,0.562,1,104.1,17706.5,81.6,72.3,0.07,0.0,0.118,0.018,0.656,,0.0,
cam06_1080p_s0_t12,64,64,2.757,711.8,116.8,750.0,152.4,38.2,35.6,1361,1.07,VERY_SMALL,0.627,1,92.8,16841.2,84.0,73.6,0.41,0.0,0.113,0.034,0.634,HP777290,0.546,crnn
cam06_1080p_s0_t12,65,65,2.8,706.1,128.1,744.5,164.7,38.4,36.7,1408,1.05,VERY_SMALL,0.506,1,94.6,16597.9,83.3,72.7,0.22,0.0,0.111,0.031,0.642,,0.0,
cam06_1080p_s0_t12,74,74,3.188,643.0,250.2,688.1,289.8,45.0,39.6,1783,1.14,SMALL,0.214,1,149.9,19771.2,86.3,71.4,0.67,0.0,0.094,0.038,0.714,GJ13X705,0.926,awiros
cam06_1080p_s0_t1,77,77,3.317,1428.0,216.1,1460.3,231.4,32.3,15.3,496,2.11,VERY_SMALL,0.296,1,132.3,23209.7,176.3,65.7,2.72,0.0,0.0,0.0,0.645,,0.0,
cam06_1080p_s0_t12,78,78,3.36,614.3,317.5,661.2,348.8,46.9,31.3,1469,1.5,SMALL,0.512,1,257.9,25193.1,102.5,72.7,1.19,0.0,0.043,0.041,0.811,,0.0,
cam06_1080p_s0_t12,79,79,3.403,606.5,334.3,653.4,364.9,46.9,30.6,1435,1.53,SMALL,0.213,1,265.6,26134.4,102.5,73.3,0.65,1.5,0.044,0.053,0.818,,0.0,
cam06_1080p_s0_t12,81,81,3.489,590.4,368.9,638.1,413.8,47.7,45.0,2144,1.06,SMALL,0.303,1,185.0,20311.7,79.2,73.5,0.64,0.0,0.089,0.029,0.759,,0.0,
cam06_1080p_s0_t12,82,82,3.532,582.3,387.1,630.7,426.4,48.3,39.4,1903,1.23,SMALL,0.393,1,216.3,23752.7,89.1,73.5,0.17,0.0,0.084,0.054,0.783,,0.0,
cam06_1080p_s0_t12,83,83,3.576,572.7,406.3,622.3,446.7,49.6,40.4,2004,1.23,SMALL,0.243,1,246.6,24739.5,90.0,72.4,0.0,0.0,0.066,0.05,0.821,,0.0,
cam06_1080p_s0_t12,84,84,3.619,563.8,426.7,615.2,465.1,51.4,38.4,1977,1.34,SMALL,0.252,1,269.4,25843.8,92.6,72.6,0.3,0.0,0.057,0.043,0.849,,0.0,
cam06_1080p_s0_t12,85,85,3.662,554.8,446.5,606.1,491.9,51.3,45.4,2326,1.13,SMALL,0.346,1,225.9,22606.4,86.2,73.1,0.32,0.0,0.073,0.039,0.813,,0.0,
cam06_1080p_s0_t12,86,86,3.705,545.0,467.4,598.8,513.0,53.8,45.7,2454,1.18,SMALL,0.404,1,269.1,23462.2,85.1,72.1,0.0,0.0,0.066,0.034,0.866,WB560970,0.516,crnn
cam06_1080p_s0_t12,87,87,3.748,535.6,488.1,591.0,538.3,55.4,50.2,2781,1.1,SMALL,0.283,1,274.7,22958.9,82.9,71.4,0.0,0.0,0.063,0.031,0.879,GJ32AG2883,1.0,awiros
cam06_1080p_s0_t12,88,88,3.791,525.2,514.3,580.0,564.8,54.7,50.5,2762,1.08,SMALL,0.22,1,287.7,23381.3,77.1,71.4,0.0,0.0,0.081,0.026,0.887,,0.0,
cam06_1080p_s0_t1,89,89,3.834,1424.2,234.0,1457.7,252.0,33.5,18.0,602,1.86,VERY_SMALL,0.452,1,88.4,18129.3,177.4,65.4,2.9,0.0,0.001,0.002,0.61,,0.0,
cam06_1080p_s0_t12,90,90,3.877,505.0,564.3,559.9,611.3,54.9,47.0,2582,1.17,SMALL,0.211,1,269.4,23255.2,86.5,73.1,0.0,0.0,0.067,0.033,0.87,,0.0,
cam06_1080p_s0_t12,91,91,3.92,493.4,591.3,549.0,626.5,55.6,35.2,1957,1.58,SMALL,0.298,1,351.0,27535.0,101.1,73.6,0.45,0.8,0.027,0.042,0.895,,0.0,
cam06_1080p_s0_t1,92,92,3.963,1422.6,236.6,1455.9,256.5,33.3,20.0,665,1.67,VERY_SMALL,0.341,1,107.7,22697.2,165.4,66.7,2.24,2.7,0.027,0.001,0.625,,0.0,
cam06_1080p_s0_t1,93,93,4.006,1422.0,234.9,1455.6,259.1,33.6,24.2,814,1.39,VERY_SMALL,0.306,1,123.4,23430.1,152.3,70.6,1.56,2.4,0.052,0.0,0.646,KA12XK705,0.86,awiros
cam06_1080p_s0_t1,94,94,4.049,1421.6,238.1,1455.1,260.2,33.5,22.1,741,1.52,VERY_SMALL,0.532,1,131.6,23867.3,157.8,67.9,2.15,2.7,0.053,0.0,0.647,GJ18XL6705,0.796,crnn_reader_crnn_v6
cam06_1080p_s0_t12,94,94,4.049,454.6,671.8,513.7,725.3,59.0,53.5,3159,1.1,SMALL,0.293,1,280.1,23537.8,81.9,72.1,0.0,0.0,0.072,0.03,0.899,,0.0,
cam06_1080p_s0_t12,95,95,4.092,443.2,701.6,502.1,758.7,58.9,57.1,3365,1.03,SMALL,0.397,1,295.5,21421.1,74.3,71.9,0.0,0.0,0.05,0.029,0.914,,0.0,
cam06_1080p_s0_t1,95,95,4.092,1421.5,239.4,1456.2,261.9,34.7,22.5,780,1.54,VERY_SMALL,0.212,1,138.8,24725.8,156.1,68.0,2.19,3.0,0.049,0.001,0.656,GJ12XK705,0.825,awiros
cam06_1080p_s0_t12,96,96,4.136,429.2,731.8,489.8,787.3,60.6,55.5,3365,1.09,MEDIUM,0.339,1,392.5,24623.4,78.1,72.5,0.0,0.0,0.046,0.034,0.928,,0.0,
cam06_1080p_s0_t1,97,97,4.179,1421.4,241.6,1456.2,265.1,34.8,23.5,816,1.48,VERY_SMALL,0.402,1,138.1,24791.6,154.9,70.0,1.68,3.2,0.049,0.001,0.66,GJ12XK705,0.786,awiros
cam06_1080p_s0_t12,97,97,4.179,413.0,763.3,475.6,823.1,62.6,59.8,3742,1.05,MEDIUM,0.337,1,389.2,24331.3,76.7,71.4,0.0,0.0,0.049,0.025,0.939,,0.0,
cam06_1080p_s0_t1,98,98,4.222,1421.2,243.1,1456.6,268.5,35.4,25.4,900,1.39,VERY_SMALL,0.328,1,149.9,25152.4,151.7,70.2,1.28,2.8,0.042,0.0,0.678,GJ18XK705,0.822,awiros
cam06_1080p_s0_t12,99,99,4.265,382.3,834.1,445.2,892.0,62.9,57.9,3645,1.09,MEDIUM,0.268,1,390.4,25999.9,80.5,71.4,0.15,0.0,0.05,0.026,0.937,WB07DD707,0.607,crnn
cam06_1080p_s0_t12,100,100,4.308,362.8,869.9,429.2,928.7,66.5,58.8,3910,1.13,MEDIUM,0.246,1,769.2,30729.4,78.6,70.0,0.0,0.0,0.07,0.028,0.955,CH77DD75,0.525,crnn
cam06_1080p_s0_t12,101,101,4.351,342.1,906.1,413.8,966.9,71.7,60.8,4354,1.18,MEDIUM,0.353,1,752.1,29774.5,75.4,67.6,0.0,0.0,0.061,0.021,0.982,CG77D1176,0.586,crnn
cam06_1080p_s0_t1,101,101,4.351,1421.6,247.8,1455.2,273.0,33.6,25.2,847,1.34,VERY_SMALL,0.212,1,151.0,24950.9,153.9,71.7,1.36,3.6,0.042,0.0,0.67,GA12XKA709,0.896,awiros
cam06_1080p_s0_t1,102,102,4.394,1420.7,248.9,1455.3,275.6,34.6,26.7,925,1.3,VERY_SMALL,0.418,1,150.9,24661.4,148.6,71.5,0.95,2.8,0.039,0.0,0.678,GJ18XTS705,0.726,awiros
cam06_1080p_s0_t1,103,103,4.437,1420.5,255.7,1455.3,275.3,34.8,19.7,685,1.77,VERY_SMALL,0.331,1,142.1,24924.9,170.7,64.0,2.18,3.2,0.02,0.0,0.662,GA18XKA705,0.846,awiros
cam06_1080p_s0_t1,104,104,4.48,1419.1,252.0,1454.2,278.5,35.1,26.5,932,1.32,VERY_SMALL,0.444,1,149.8,25024.8,149.4,70.7,1.02,3.5,0.037,0.001,0.68,GA18XKA705,0.863,awiros
cam06_1080p_s0_t1,106,106,4.566,1419.2,256.1,1454.7,280.4,35.5,24.3,863,1.46,VERY_SMALL,0.37,1,176.4,27866.5,156.3,68.5,1.42,3.1,0.045,0.0,0.702,GJ13XJ705,0.866,awiros
cam06_1080p_s0_t1,108,108,4.653,1419.3,258.0,1454.3,284.2,34.9,26.2,915,1.33,VERY_SMALL,0.364,1,129.2,23773.3,154.1,71.1,1.16,3.2,0.042,0.0,0.658,GA13XK705,0.865,awiros
cam06_1080p_s0_t1,110,110,4.739,1418.3,265.6,1454.1,287.2,35.8,21.6,775,1.66,VERY_SMALL,0.449,1,167.3,26887.5,163.4,65.8,1.92,3.9,0.049,0.0,0.685,GA13XKA705,0.833,awiros
cam06_1080p_s0_t1,111,111,4.782,1418.2,264.8,1453.3,289.3,35.0,24.5,859,1.43,VERY_SMALL,0.222,1,154.5,26052.5,155.4,70.0,1.19,3.8,0.055,0.002,0.675,GA18XK705,0.838,awiros
cam06_1080p_s0_t1,112,112,4.825,1417.6,265.3,1452.6,291.0,34.9,25.7,897,1.36,VERY_SMALL,0.415,1,141.9,24864.3,153.9,71.3,1.23,3.8,0.045,0.001,0.666,GA13X705,0.97,awiros
cam06_1080p_s0_t1,113,113,4.868,1417.8,267.2,1452.5,291.9,34.8,24.7,858,1.41,VERY_SMALL,0.402,1,139.4,24944.0,156.9,70.6,1.89,3.0,0.05,0.002,0.659,GA12XK705,0.859,awiros
cam06_1080p_s0_t1,114,114,4.911,1417.4,268.9,1453.4,294.9,36.1,26.0,939,1.39,VERY_SMALL,0.343,1,150.7,25171.1,153.6,70.5,1.44,3.3,0.043,0.001,0.676,GA12XK705,0.838,awiros
cam06_1080p_s0_t1,115,115,4.954,1417.7,271.5,1453.8,295.2,36.1,23.7,855,1.52,VERY_SMALL,0.23,1,164.6,26555.9,157.1,68.2,1.96,3.5,0.04,0.001,0.688,GA12XK705,0.829,awiros
cam06_1080p_s0_t1,119,119,5.126,1417.1,283.0,1451.3,303.1,34.2,20.1,687,1.7,VERY_SMALL,0.305,1,124.9,24254.6,169.7,66.5,2.13,3.2,0.018,0.0,0.644,,0.0,
cam06_1080p_s0_t1,129,129,5.557,1412.4,301.7,1448.0,321.0,35.6,19.3,686,1.85,VERY_SMALL,0.326,1,197.6,27534.2,180.7,66.4,2.29,1.4,0.006,0.005,0.713,KA12X705,0.926,awiros
cam06_1080p_s0_t1,131,131,5.643,1410.6,301.1,1445.9,324.0,35.3,22.9,808,1.54,VERY_SMALL,0.641,1,195.5,28734.6,163.2,68.0,1.97,3.1,0.038,0.001,0.71,GA12X705,0.913,awiros
cam06_1080p_s0_t1,134,134,5.773,1409.9,304.9,1446.0,330.6,36.1,25.7,928,1.4,VERY_SMALL,0.328,1,196.1,29002.9,156.0,70.9,1.28,3.6,0.047,0.0,0.719,GJ18X705,0.944,awiros
cam06_1080p_s0_t1,135,135,5.816,1409.5,305.2,1447.1,331.9,37.6,26.8,1007,1.41,VERY_SMALL,0.248,1,208.7,29475.8,156.2,70.4,1.05,4.0,0.037,0.002,0.739,GJ32AG2883,0.995,awiros
cam06_1080p_s0_t1,138,138,5.945,1408.3,310.5,1445.5,338.1,37.3,27.6,1030,1.35,VERY_SMALL,0.243,1,201.4,29644.8,152.1,72.2,0.71,4.4,0.053,0.002,0.729,GA12X705,0.964,awiros
cam06_1080p_s0_t1,139,139,5.988,1407.2,312.3,1444.7,339.8,37.5,27.5,1032,1.36,VERY_SMALL,0.231,1,213.0,30183.5,154.1,71.7,1.13,3.9,0.046,0.0,0.742,GJ18X705,0.944,awiros
cam06_1080p_s0_t1,140,140,6.031,1406.3,318.3,1444.1,340.7,37.8,22.4,845,1.69,VERY_SMALL,0.336,1,219.3,30405.5,166.5,66.1,1.87,3.6,0.031,0.006,0.74,GJ13X705,0.964,awiros
cam06_1080p_s0_t1,142,142,6.117,1405.9,317.7,1445.0,346.3,39.1,28.5,1116,1.37,VERY_SMALL,0.217,1,228.8,29831.6,150.9,70.7,0.92,4.0,0.044,0.0,0.76,KA13X705,0.762,awiros
cam06_1080p_s0_t1,143,143,6.16,1404.6,319.3,1443.7,347.9,39.0,28.6,1115,1.37,VERY_SMALL,0.331,1,223.3,29588.2,150.4,71.2,0.96,4.3,0.04,0.001,0.759,GJ18XKJ705,0.85,awiros
cam06_1080p_s0_t1,146,146,6.29,1404.1,327.6,1440.9,351.0,36.8,23.5,864,1.57,VERY_SMALL,0.266,1,214.9,30585.8,164.1,68.2,1.88,4.0,0.042,0.001,0.733,GJ38BJF8361,0.558,crnn
cam06_1080p_s0_t1,150,150,6.462,1401.9,333.9,1438.5,360.1,36.6,26.1,955,1.4,VERY_SMALL,0.443,1,255.5,32501.0,159.3,71.6,0.96,3.9,0.047,0.004,0.769,KA13X705,0.884,awiros
cam06_1080p_s0_t1,158,158,6.806,1397.8,348.3,1435.7,376.7,37.9,28.4,1076,1.34,VERY_SMALL,0.311,1,216.4,30140.1,155.6,71.7,0.77,4.0,0.043,0.003,0.747,GJ18X705,0.946,awiros
cam06_1080p_s0_t1,176,176,7.582,1383.1,384.8,1421.4,411.1,38.2,26.2,1003,1.46,VERY_SMALL,0.511,1,269.8,33602.1,163.7,70.6,1.6,2.6,0.041,0.001,0.787,GJ18X705,0.961,awiros
cam06_1080p_s0_t1,187,187,8.056,1373.0,410.0,1412.8,438.1,39.8,28.0,1115,1.42,VERY_SMALL,0.334,1,261.1,34526.5,160.9,70.9,0.64,2.2,0.052,0.008,0.793,GJ18X705,0.922,awiros
cam06_1080p_s0_t1,200,200,8.616,1363.4,438.8,1404.3,465.6,40.9,26.9,1098,1.52,SMALL,0.454,1,416.0,40657.6,166.3,69.7,1.27,1.8,0.045,0.016,0.825,KA18X755,0.631,awiros
cam06_1080p_s0_t1,202,202,8.702,1363.1,443.2,1404.5,470.1,41.4,26.9,1115,1.54,SMALL,0.237,1,309.2,36333.3,166.1,68.4,1.09,2.2,0.037,0.005,0.831,KA18X705,0.709,awiros
cam06_1080p_s0_t1,211,211,9.09,1360.8,460.8,1401.6,489.8,40.8,29.0,1184,1.4,SMALL,0.258,1,303.2,36922.6,160.3,71.6,0.89,2.1,0.051,0.006,0.831,KA13X705,0.766,awiros
cam06_1080p_s0_t1,212,212,9.133,1361.1,462.4,1401.7,492.1,40.6,29.7,1207,1.37,SMALL,0.259,1,265.6,34046.6,160.0,71.7,0.73,2.3,0.048,0.006,0.8,GJ13X705,0.959,awiros
cam06_1080p_s0_t1,217,217,9.348,1361.8,475.0,1402.4,504.4,40.6,29.4,1193,1.38,SMALL,0.423,1,268.6,34043.4,160.8,71.3,1.19,2.7,0.042,0.003,0.804,GJ12X705,0.9,awiros
cam06_1080p_s0_t1,218,218,9.391,1362.1,477.7,1404.7,507.5,42.5,29.8,1269,1.43,SMALL,0.376,1,284.4,35269.9,160.2,70.4,1.17,3.0,0.046,0.005,0.82,GJ18X705,0.962,awiros
cam06_1080p_s0_t1,226,226,9.736,1367.6,507.4,1411.1,540.0,43.5,32.6,1416,1.33,SMALL,0.451,1,437.7,40939.4,154.9,72.4,0.23,2.2,0.055,0.002,0.85,GJ18X705,0.9,awiros
cam06_1080p_s0_t1,230,230,9.908,1371.6,527.2,1414.6,555.7,42.9,28.5,1223,1.51,SMALL,0.296,1,342.0,38566.1,159.7,69.6,1.51,2.6,0.053,0.0,0.835,KA13X705,0.759,awiros
cam06_1080p_s0_t1,232,232,9.994,1372.6,540.8,1415.4,564.6,42.8,23.7,1015,1.8,SMALL,0.291,1,356.3,39244.5,175.1,66.9,2.19,2.3,0.021,0.001,0.833,GJ13X705,0.974,awiros
cam06_1080p_s0_t1,233,233,10.037,1372.7,539.5,1416.6,569.2,43.9,29.6,1301,1.48,SMALL,0.414,1,368.2,40587.3,157.7,70.8,1.23,3.4,0.05,0.0,0.841,GJ13X705,0.921,awiros
cam06_1080p_s0_t1,237,237,10.21,1375.0,559.9,1418.6,588.1,43.7,28.2,1232,1.55,SMALL,0.287,1,353.3,38547.7,159.0,68.0,1.44,2.1,0.048,0.0,0.841,GJ18X705,0.919,awiros
cam06_1080p_s0_t1,238,238,10.253,1374.9,563.5,1419.8,593.5,44.8,30.0,1347,1.49,SMALL,0.405,1,400.7,41600.4,155.4,69.7,0.86,2.9,0.051,0.0,0.852,KA13X705,0.833,awiros
cam06_1080p_s0_t1,239,239,10.296,1375.9,568.8,1419.9,599.0,44.0,30.2,1329,1.45,SMALL,0.564,1,411.2,41941.6,156.5,69.3,1.16,3.0,0.046,0.0,0.846,GJ13XJ705,0.871,awiros
cam06_1080p_s0_t1,240,240,10.339,1376.1,579.8,1418.9,604.2,42.8,24.4,1043,1.75,SMALL,0.261,1,420.3,42261.9,174.0,67.4,2.44,1.2,0.022,0.001,0.837,GJ18G705,0.857,crnn
cam06_1080p_s0_t1,241,241,10.382,1375.5,580.3,1420.2,610.2,44.7,29.9,1334,1.5,SMALL,0.568,1,452.0,43697.8,156.3,70.3,1.19,2.8,0.058,0.0,0.845,GJ18XJ75,0.912,awiros
cam06_1080p_s0_t1,243,243,10.468,1374.4,589.8,1420.2,621.9,45.9,32.1,1474,1.43,SMALL,0.427,1,426.3,42369.4,154.4,70.9,0.52,3.0,0.057,0.0,0.858,GJ18X705,0.937,awiros
cam06_1080p_s0_t1,244,244,10.511,1373.4,598.9,1418.8,627.3,45.4,28.4,1289,1.6,SMALL,0.286,1,411.2,41802.9,159.5,67.7,1.35,2.4,0.042,0.001,0.853,KA13X705,0.73,awiros
cam06_1080p_s0_t1,245,245,10.554,1373.0,601.2,1419.4,635.7,46.4,34.5,1599,1.35,SMALL,0.33,1,420.9,42074.5,151.0,71.6,0.36,3.7,0.049,0.002,0.858,GJ13X705,0.947,awiros
cam06_1080p_s0_t1,247,247,10.64,1373.4,616.1,1419.8,648.2,46.5,32.1,1491,1.45,SMALL,0.515,1,477.2,45160.2,154.4,70.5,0.75,2.6,0.051,0.002,0.86,GJ13X705,0.926,awiros
cam06_1080p_s0_t1,249,249,10.727,1374.1,632.3,1419.3,662.6,45.1,30.4,1370,1.49,SMALL,0.485,1,433.4,43122.5,157.1,70.1,0.95,3.7,0.05,0.003,0.849,GJ13X705,0.934,awiros
cam06_1080p_s0_t1,250,250,10.77,1374.3,639.1,1420.3,672.1,46.0,32.9,1514,1.4,SMALL,0.584,1,635.3,50600.3,152.3,72.0,0.48,2.4,0.06,0.0,0.859,GJ18X705,0.963,awiros
cam06_1080p_s0_t1,251,251,10.813,1373.9,646.5,1419.4,678.2,45.6,31.7,1445,1.44,SMALL,0.393,1,525.1,47592.9,154.4,72.1,0.66,2.5,0.05,0.0,0.855,GJ18X705,0.919,awiros
cam06_1080p_s0_t1,252,252,10.856,1374.3,651.9,1419.7,685.3,45.4,33.4,1517,1.36,SMALL,0.556,1,485.6,45612.7,154.0,72.0,0.8,3.3,0.047,0.0,0.856,GJ18X705,0.924,awiros
cam06_1080p_s0_t1,253,253,10.899,1374.2,657.9,1421.0,694.3,46.7,36.3,1697,1.29,SMALL,0.31,1,437.9,41791.5,149.8,71.9,0.34,3.2,0.047,0.0,0.864,GJ115518,0.604,crnn
cam06_1080p_s0_t1,254,254,10.942,1375.1,666.1,1421.1,700.2,46.0,34.0,1564,1.35,SMALL,0.44,1,439.6,45027.7,152.7,71.6,0.57,2.7,0.053,0.0,0.859,GJ18X705,0.911,awiros
cam06_1080p_s0_t1,271,271,11.674,1388.5,815.7,1439.3,851.2,50.8,35.5,1803,1.43,SMALL,0.446,1,528.3,50676.6,146.4,71.4,0.76,2.2,0.058,0.0,0.88,GJ18X705,0.919,awiros
cam06_1080p_s0_t1,272,272,11.717,1389.2,825.6,1442.7,864.0,53.4,38.3,2048,1.39,SMALL,0.258,1,632.2,52775.5,142.1,69.5,0.71,2.1,0.054,0.0,0.897,KA12X705,0.873,awiros
cam06_1080p_s0_t1,273,273,11.761,1391.0,839.6,1442.6,872.5,51.6,32.9,1697,1.57,SMALL,0.276,1,584.5,54274.2,150.2,68.8,1.45,1.8,0.047,0.0,0.88,GJ18X705,0.875,awiros
cam06_1080p_s0_t1,274,274,11.804,1392.2,847.8,1444.8,884.2,52.6,36.4,1916,1.45,SMALL,0.26,1,602.1,53383.5,144.0,69.6,0.87,1.9,0.053,0.0,0.892,KA18X705,0.871,awiros
cam06_1080p_s0_t1,276,276,11.89,1396.5,867.4,1451.3,909.0,54.7,41.6,2278,1.31,SMALL,0.508,1,872.8,55402.9,137.4,71.0,0.0,1.8,0.053,0.0,0.907,GJ18X705,0.94,awiros
cam06_1080p_s0_t1,279,279,12.019,1401.8,902.2,1457.6,943.3,55.7,41.1,2292,1.36,SMALL,0.391,1,732.0,54020.6,137.3,69.8,0.39,1.8,0.054,0.0,0.908,GJ18X705,0.955,awiros
cam06_1080p_s0_t1,285,285,12.277,1411.5,988.7,1471.0,1030.3,59.5,41.7,2478,1.43,SMALL,0.58,1,768.1,55682.3,132.4,68.5,0.76,2.1,0.055,0.0,0.923,GJ18XJ705,0.904,awiros
cam06_1080p_s0_t1,287,287,12.364,1417.9,1019.1,1476.9,1046.8,59.0,27.7,1636,2.13,SMALL,0.23,1,1102.3,71883.9,135.1,71.8,2.06,0.0,0.087,0.0,0.913,GJ18X305,0.871,awiros
cam06_1080p_s0_t23,325,325,14.001,591.5,356.4,648.2,368.7,56.8,12.3,697,4.62,SMALL,0.448,0,1134.6,66516.4,86.9,81.8,1.46,1.1,0.259,0.001,0.887,GJ24HY6413,0.554,crnn
cam06_1080p_s0_t23,326,326,14.044,581.3,372.0,638.9,384.3,57.6,12.3,708,4.69,SMALL,0.223,0,936.1,58672.3,82.0,79.9,1.35,0.0,0.237,0.0,0.892,GJ14XS1412,0.57,crnn
cam06_1080p_s0_t23,335,335,14.431,492.0,540.8,553.0,554.0,61.0,13.1,802,4.64,MEDIUM,0.287,0,1112.6,58255.4,78.4,77.6,1.84,0.0,0.24,0.003,0.906,,0.0,
cam06_1080p_s0_t23,338,338,14.561,456.9,607.4,523.8,622.4,66.9,15.0,1005,4.45,MEDIUM,0.239,0,1120.3,62651.5,83.5,78.4,1.48,0.0,0.281,0.002,0.932,,0.0,
cam06_1080p_s0_t23,339,339,14.604,445.5,629.6,513.6,645.4,68.2,15.8,1075,4.32,MEDIUM,0.367,0,1048.0,59368.1,83.1,79.6,1.64,0.0,0.263,0.005,0.935,,0.0,
cam06_1080p_s0_t23,340,340,14.647,434.9,655.5,503.9,670.4,69.0,14.9,1026,4.64,MEDIUM,0.482,0,1207.6,62422.2,84.1,78.4,1.11,0.0,0.266,0.006,0.946,,0.0,
cam06_1080p_s0_t23,341,341,14.69,424.0,679.6,494.2,694.9,70.1,15.4,1078,4.56,MEDIUM,0.447,0,1051.0,60866.6,83.6,78.6,1.18,0.0,0.271,0.006,0.949,,0.0,
cam06_1080p_s0_t23,342,342,14.733,446.2,707.7,484.4,720.0,38.3,12.3,471,3.11,VERY_SMALL,0.233,0,91.1,16299.1,82.8,73.1,2.85,2.5,0.259,0.0,0.61,,0.0,
cam06_1080p_s0_t23,344,344,14.819,394.4,761.4,464.3,777.2,69.9,15.7,1100,4.45,MEDIUM,0.521,0,1380.3,61783.4,84.7,78.6,1.55,0.0,0.268,0.0,0.945,GJ04HH4175,0.624,crnn
cam06_1080p_s0_t34,344,344,14.819,706.3,78.1,777.7,97.9,71.4,19.8,1414,3.6,MEDIUM,0.29,0,1121.6,66117.3,125.5,75.7,1.59,0.0,0.069,0.093,0.939,GJ32AG2803,0.897,awiros
cam06_1080p_s0_t34,345,345,14.862,705.3,85.3,777.0,103.9,71.8,18.6,1335,3.86,MEDIUM,0.603,0,1189.8,69584.7,128.4,75.0,1.83,0.0,0.073,0.089,0.938,GJ32AG2803,0.95,awiros
cam06_1080p_s0_t23,345,345,14.862,380.9,789.0,454.2,805.9,73.3,16.9,1239,4.34,MEDIUM,0.41,0,1327.5,63373.3,84.1,77.9,1.45,0.0,0.25,0.001,0.963,GJ14TF4875,0.671,crnn
cam06_1080p_s0_t34,346,346,14.905,701.4,92.4,776.8,113.0,75.4,20.6,1553,3.66,MEDIUM,0.665,0,1238.8,65017.2,127.3,76.6,1.06,0.0,0.061,0.085,0.951,RJ03AE0751,0.636,awiros
cam06_1080p_s0_t23,346,346,14.905,367.6,818.3,444.5,836.3,76.8,18.0,1381,4.28,MEDIUM,0.57,0,1577.0,65536.4,81.9,77.1,1.54,0.0,0.215,0.004,0.964,GJ14TH4136,0.733,crnn
cam06_1080p_s0_t34,347,347,14.948,697.9,100.0,773.2,119.9,75.3,19.9,1496,3.79,MEDIUM,0.755,0,1360.8,72635.4,126.8,76.1,1.25,0.0,0.072,0.085,0.948,GJ32AG2883,0.952,awiros
cam06_1080p_s0_t23,347,347,14.948,357.2,849.1,434.1,867.4,76.8,18.3,1405,4.2,MEDIUM,0.485,0,1520.1,67291.7,84.0,78.6,1.39,0.0,0.214,0.002,0.966,,0.0,
cam06_1080p_s0_t34,348,348,14.991,698.1,108.0,772.5,128.5,74.3,20.5,1523,3.62,MEDIUM,0.779,0,1160.9,65891.3,129.1,76.9,1.07,0.0,0.07,0.1,0.944,GJ32AG2803,0.947,awiros
cam06_1080p_s0_t23,348,348,14.991,348.3,881.7,424.0,899.9,75.7,18.2,1376,4.17,MEDIUM,0.42,0,1302.7,65479.4,85.2,75.5,1.3,0.0,0.199,0.002,0.969,,0.0,
cam06_1080p_s0_t34,349,349,15.035,694.3,115.1,771.1,135.3,76.8,20.3,1556,3.79,MEDIUM,0.752,0,1272.8,67582.9,132.7,76.3,1.01,0.0,0.061,0.121,0.937,GJ32AG2883,0.973,awiros
cam06_1080p_s0_t23,349,349,15.035,333.5,914.0,413.1,933.1,79.6,19.1,1518,4.17,MEDIUM,0.627,0,1610.9,68612.9,83.3,75.9,1.73,0.0,0.203,0.003,0.964,DL14TF1145,0.541,crnn
cam06_1080p_s0_t34,350,350,15.078,692.3,122.9,769.0,143.7,76.7,20.8,1592,3.7,MEDIUM,0.794,0,1923.4,71522.4,131.9,78.1,0.4,0.0,0.072,0.13,0.937,GJ32AG2883,0.993,awiros
cam06_1080p_s0_t23,350,350,15.078,320.0,949.8,403.2,967.5,83.2,17.7,1474,4.7,MEDIUM,0.684,0,3031.0,85170.2,83.8,78.2,0.85,0.0,0.208,0.004,0.971,,0.0,
cam06_1080p_s0_t34,351,351,15.121,690.5,130.4,767.8,151.1,77.3,20.7,1602,3.73,MEDIUM,0.772,0,1744.0,67407.9,123.2,75.2,0.3,0.0,0.054,0.066,0.966,GJ32AG2883,0.977,awiros
cam06_1080p_s0_t23,351,351,15.121,307.9,984.5,392.9,1001.8,85.0,17.3,1467,4.93,MEDIUM,0.519,0,3219.6,87575.9,83.6,79.4,0.78,0.0,0.204,0.005,0.971,MH41FTY315,0.604,crnn_reader_crnn_v6
cam06_1080p_s0_t34,352,352,15.164,688.3,139.2,765.1,159.3,76.8,20.0,1538,3.84,MEDIUM,0.771,0,1543.5,65285.5,118.1,74.3,0.61,0.0,0.075,0.03,0.975,GJ11U7583,0.591,crnn
cam06_1080p_s0_t23,352,352,15.164,294.4,1019.2,384.9,1041.1,90.5,21.9,1977,4.14,MEDIUM,0.293,0,2894.4,79185.0,75.7,72.8,0.47,0.0,0.194,0.003,0.975,KL40FF1995,0.525,crnn_reader_crnn_v6
cam06_1080p_s0_t23,353,353,15.207,281.7,1060.2,371.0,1079.4,89.3,19.3,1720,4.64,MEDIUM,0.203,0,3167.9,83269.2,81.3,72.0,0.98,0.0,0.174,0.005,0.972,PB54DT1395,0.797,crnn
cam06_1080p_s0_t34,355,355,15.293,680.5,162.7,759.4,184.6,78.9,21.9,1729,3.6,MEDIUM,0.761,0,1364.7,62863.9,129.6,75.9,1.28,0.0,0.053,0.13,0.932,GJ32AG2883,1.0,awiros
cam06_1080p_s0_t34,362,362,15.595,662.9,224.1,745.6,249.7,82.7,25.5,2112,3.24,MEDIUM,0.75,0,1551.4,62739.5,134.6,79.2,2.04,0.0,0.038,0.21,0.895,,0.0,
cam06_1080p_s0_t34,363,363,15.638,660.1,233.3,743.4,257.9,83.3,24.6,2049,3.39,MEDIUM,0.758,0,1612.2,66136.9,138.5,78.7,1.9,0.0,0.043,0.207,0.897,,0.0,
cam06_1080p_s0_t34,364,364,15.681,657.3,243.9,741.0,268.7,83.7,24.9,2081,3.36,MEDIUM,0.764,0,1670.1,67163.8,135.7,78.3,1.65,0.0,0.05,0.187,0.907,GJ32AG2883,0.999,awiros
cam06_1080p_s0_t34,365,365,15.724,654.8,254.1,739.3,279.5,84.4,25.4,2142,3.33,MEDIUM,0.78,0,1664.2,66512.7,135.8,78.7,1.89,0.0,0.042,0.198,0.901,HR54S7380,0.503,crnn
cam06_1080p_s0_t34,366,366,15.767,649.8,263.8,736.4,288.2,86.6,24.4,2116,3.54,MEDIUM,0.758,0,1702.3,68602.0,138.3,77.5,1.88,0.0,0.043,0.193,0.903,,0.0,
cam06_1080p_s0_t34,367,367,15.81,648.4,275.2,734.7,299.6,86.3,24.3,2102,3.55,MEDIUM,0.767,0,1790.7,72047.5,131.0,76.4,1.94,0.0,0.039,0.156,0.918,GJ32AG2883,1.0,awiros
cam06_1080p_s0_t34,368,368,15.853,644.4,285.6,732.1,310.2,87.7,24.6,2154,3.57,MEDIUM,0.793,0,1831.4,70929.6,130.3,77.1,1.88,0.0,0.04,0.146,0.922,GJ32AG2883,0.993,awiros
cam06_1080p_s0_t34,369,369,15.896,642.1,296.0,729.3,320.2,87.2,24.2,2108,3.61,MEDIUM,0.768,0,1723.5,70393.2,135.6,76.5,2.1,0.0,0.031,0.156,0.917,GJ32AG2883,0.999,awiros
cam06_1080p_s0_t34,370,370,15.939,638.2,306.5,728.7,332.2,90.6,25.7,2331,3.52,MEDIUM,0.832,0,2079.3,73396.2,132.8,76.9,1.92,0.0,0.04,0.161,0.916,GJ32AG2883,1.0,awiros
cam06_1080p_s0_t34,371,371,15.982,633.6,318.2,726.3,343.6,92.7,25.4,2358,3.64,MEDIUM,0.78,0,2083.0,71794.0,134.4,78.6,1.53,0.0,0.033,0.175,0.914,GJ32AG2883,0.995,awiros
cam06_1080p_s0_t34,372,372,16.025,629.8,329.4,724.4,355.0,94.6,25.6,2419,3.7,MEDIUM,0.778,0,2107.6,73234.4,131.0,76.5,1.46,0.0,0.037,0.155,0.922,GJ32AG2883,0.978,awiros
cam06_1080p_s0_t34,373,373,16.068,626.6,340.5,722.0,366.7,95.3,26.2,2498,3.64,MEDIUM,0.824,0,2319.6,74985.0,133.9,77.7,1.55,0.0,0.036,0.147,0.925,GJ32AG2883,1.0,awiros
cam06_1080p_s0_t34,374,374,16.112,623.4,352.2,719.0,377.6,95.5,25.4,2425,3.76,MEDIUM,0.758,0,2262.2,77488.2,136.8,76.3,1.43,0.0,0.037,0.15,0.924,GJ32AG2883,1.0,awiros
cam06_1080p_s0_t34,375,375,16.155,620.6,364.4,715.7,389.9,95.1,25.5,2427,3.72,MEDIUM,0.774,0,3608.1,87395.2,131.8,77.7,1.48,0.0,0.05,0.154,0.921,GJ32AG2883,1.0,awiros
cam06_1080p_s0_t32,375,375,16.155,1395.8,501.3,1431.1,513.3,35.2,11.9,420,2.95,VERY_SMALL,0.335,0,236.0,35093.4,112.2,83.2,0.53,8.6,0.177,0.076,0.703,,0.0,
cam06_1080p_s0_t34,376,376,16.198,618.1,376.3,712.6,402.1,94.5,25.7,2433,3.67,MEDIUM,0.81,0,3411.0,85389.1,129.2,77.1,1.62,0.0,0.043,0.124,0.933,GJ32AG2883,1.0,awiros
cam06_1080p_s0_t34,377,377,16.241,613.8,388.7,711.1,414.6,97.4,25.9,2525,3.75,MEDIUM,0.783,0,3027.4,83410.7,125.3,75.6,1.84,0.0,0.043,0.082,0.947,GJ32AG2883,1.0,awiros
cam06_1080p_s0_t32,377,377,16.241,1406.5,534.7,1443.0,546.5,36.5,11.8,431,3.09,VERY_SMALL,0.592,0,167.3,30089.8,112.6,79.3,0.63,8.5,0.189,0.064,0.652,,0.0,
cam06_1080p_s0_t34,378,378,16.284,609.3,399.7,709.0,426.0,99.7,26.3,2623,3.79,MEDIUM,0.777,0,3012.2,82928.3,121.8,75.7,1.52,0.0,0.051,0.04,0.966,GJ32AG2883,1.0,awiros
cam06_1080p_s0_t32,378,378,16.284,1412.0,549.7,1447.6,561.3,35.6,11.5,411,3.08,VERY_SMALL,0.282,0,169.9,30561.6,116.2,79.1,0.9,0.0,0.173,0.048,0.671,,0.0,
cam06_1080p_s0_t34,379,379,16.327,605.3,412.9,705.6,439.5,100.3,26.6,2668,3.77,MEDIUM,0.804,0,2997.1,80689.5,120.8,75.3,1.91,0.0,0.052,0.043,0.962,GJ32AG2883,1.0,awiros
cam06_1080p_s0_t32,379,379,16.327,1417.8,565.9,1458.8,578.0,41.0,12.2,498,3.37,SMALL,0.243,0,251.2,35124.9,107.1,79.8,1.2,0.0,0.167,0.058,0.759,,0.0,
cam06_1080p_s0_t34,380,380,16.37,603.1,426.3,702.3,452.3,99.1,26.0,2577,3.81,MEDIUM,0.774,0,2754.2,82566.2,129.0,74.8,1.66,0.0,0.038,0.074,0.953,GJ32AG2883,1.0,awiros
cam06_1080p_s0_t32,380,380,16.37,1424.0,582.9,1464.5,595.5,40.4,12.6,509,3.21,SMALL,0.222,0,210.6,31862.3,107.6,79.7,1.39,0.0,0.172,0.046,0.724,,0.0,
cam06_1080p_s0_t34,381,381,16.413,598.1,438.8,699.8,466.1,101.7,27.2,2771,3.74,MEDIUM,0.793,0,3865.4,88932.1,126.8,75.1,1.91,0.0,0.038,0.07,0.952,GJ32AG2883,1.0,awiros
cam06_1080p_s0_t32,381,381,16.413,1429.6,599.7,1470.5,612.6,40.9,12.9,527,3.18,SMALL,0.276,0,214.8,31798.9,106.7,76.3,1.56,0.0,0.159,0.013,0.745,,0.0,
cam06_1080p_s0_t34,382,382,16.456,596.7,453.4,696.3,479.8,99.6,26.5,2638,3.76,MEDIUM,0.779,0,3014.3,87115.3,125.1,74.2,2.08,0.0,0.04,0.061,0.954,GJ32AG2883,1.0,awiros
cam06_1080p_s0_t32,382,382,16.456,1436.4,617.8,1476.3,631.1,39.9,13.3,532,3.0,VERY_SMALL,0.464,0,193.4,30014.3,106.7,77.2,0.98,0.0,0.145,0.013,0.729,,0.0,
cam06_1080p_s0_t34,383,383,16.499,590.1,464.7,693.0,492.7,102.9,27.9,2871,3.69,MEDIUM,0.769,0,3900.0,87619.1,129.7,76.6,1.9,0.0,0.044,0.101,0.939,GJ32AG2883,1.0,awiros
cam06_1080p_s0_t32,383,383,16.499,1441.9,635.6,1483.4,648.7,41.5,13.1,544,3.17,SMALL,0.435,0,227.0,32153.9,106.6,75.7,1.2,0.0,0.146,0.009,0.765,,0.0,
cam06_1080p_s0_t34,384,384,16.542,585.6,478.9,690.5,507.0,104.9,28.1,2947,3.73,MEDIUM,0.763,0,2155.2,70339.8,128.6,75.6,1.86,0.0,0.047,0.096,0.941,GJ32AG2883,1.0,awiros
cam06_1080p_s0_t32,384,384,16.542,1448.5,655.1,1490.9,668.8,42.4,13.7,581,3.1,SMALL,0.63,0,229.1,31228.4,101.7,79.2,1.29,0.0,0.163,0.007,0.765,GJ18L4428,0.516,crnn
cam06_1080p_s0_t34,385,385,16.585,582.8,493.0,687.2,519.1,104.4,26.0,2717,4.01,MEDIUM,0.761,0,3364.0,86750.7,123.7,74.8,1.63,0.0,0.043,0.089,0.946,GJ32AG2883,0.986,awiros
cam06_1080p_s0_t32,385,385,16.585,1454.4,673.4,1497.8,686.6,43.4,13.3,576,3.27,SMALL,0.245,0,241.5,32278.6,102.7,75.8,1.02,0.0,0.167,0.011,0.783,GJ11CJ7578,0.984,awiros
cam06_1080p_s0_t34,386,386,16.628,577.9,505.9,683.8,533.3,105.9,27.4,2902,3.86,MEDIUM,0.75,0,2202.1,72289.5,124.1,73.8,1.88,0.0,0.043,0.087,0.945,GJ32AG2883,1.0,awiros
cam06_1080p_s0_t32,386,386,16.628,1461.5,693.6,1505.7,706.7,44.2,13.1,581,3.37,SMALL,0.55,0,241.8,32170.4,101.2,75.8,1.09,0.0,0.165,0.005,0.789,GJ14L3222,0.593,crnn
cam06_1080p_s0_t34,387,387,16.672,573.7,520.3,680.6,547.8,106.9,27.5,2944,3.88,MEDIUM,0.774,0,2157.2,68991.4,119.2,74.0,1.95,0.0,0.051,0.058,0.956,GJ32AG2883,1.0,awiros
cam06_1080p_s0_t32,387,387,16.672,1468.6,713.3,1513.9,727.0,45.3,13.6,619,3.32,SMALL,0.428,0,278.2,32817.4,98.4,76.1,1.76,0.7,0.147,0.016,0.814,,0.0,
cam06_1080p_s0_t34,388,388,16.715,569.9,534.6,675.9,563.0,106.0,28.4,3006,3.74,MEDIUM,0.757,0,2185.7,67231.1,114.7,73.9,1.37,0.0,0.051,0.02,0.975,GJ32AG2883,1.0,awiros
cam06_1080p_s0_t32,388,388,16.715,1475.0,734.5,1521.3,747.9,46.4,13.4,622,3.45,SMALL,0.454,0,264.9,32687.3,100.0,74.1,1.08,0.7,0.169,0.024,0.807,JK74C822,0.522,crnn
cam06_1080p_s0_t34,389,389,16.758,565.7,549.7,674.2,578.1,108.4,28.5,3086,3.81,MEDIUM,0.768,0,2155.7,66865.5,114.1,73.2,1.48,0.0,0.053,0.017,0.975,GJ32AG2883,0.994,awiros
cam06_1080p_s0_t34,390,390,16.801,560.7,564.7,669.9,594.3,109.2,29.6,3228,3.7,MEDIUM,0.758,0,2509.1,71242.8,117.1,73.3,1.56,0.0,0.049,0.023,0.973,GJ32AG2883,1.0,awiros
cam06_1080p_s0_t34,391,391,16.844,556.0,581.3,667.0,609.8,111.0,28.6,3174,3.88,MEDIUM,0.762,0,2459.3,73408.0,116.4,72.3,1.72,0.0,0.052,0.019,0.973,GJ32AG2883,1.0,awiros
cam06_1080p_s0_t34,392,392,16.887,550.3,597.9,662.8,626.7,112.6,28.8,3247,3.9,MEDIUM,0.761,0,2677.4,75502.4,118.1,73.6,1.83,0.0,0.049,0.022,0.971,GJ32AG2883,1.0,awiros
cam06_1080p_s0_t32,392,392,16.887,1504.3,821.0,1552.8,838.8,48.6,17.8,866,2.72,SMALL,0.396,0,197.3,25062.3,87.9,75.6,0.67,0.0,0.127,0.001,0.78,JK114186,0.669,crnn
cam06_1080p_s0_t34,393,393,16.93,545.3,614.7,658.8,644.2,113.5,29.6,3354,3.84,MEDIUM,0.763,0,2605.7,74299.9,117.6,72.0,1.75,0.0,0.045,0.022,0.972,GJ32AG2883,1.0,awiros
cam06_1080p_s0_t32,393,393,16.93,1512.4,847.3,1559.5,863.3,47.2,16.0,754,2.95,SMALL,0.272,0,221.4,27588.0,91.8,75.8,0.76,3.5,0.142,0.004,0.787,,0.0,
cam06_1080p_s0_t34,394,394,16.973,540.5,631.9,655.4,663.2,114.9,31.4,3608,3.66,MEDIUM,0.758,0,2538.8,70716.5,113.7,73.6,1.51,0.0,0.047,0.016,0.976,GJ32AG2883,1.0,awiros
cam06_1080p_s0_t32,394,394,16.973,1519.3,870.6,1568.4,888.4,49.1,17.8,874,2.76,SMALL,0.444,0,216.2,27197.2,86.2,74.3,1.41,0.0,0.137,0.004,0.791,,0.0,
cam06_1080p_s0_t34,395,395,17.016,536.1,650.3,651.9,679.4,115.8,29.1,3370,3.98,MEDIUM,0.752,0,2707.9,75384.0,115.0,72.9,1.91,0.0,0.052,0.012,0.974,GJ32AG2883,1.0,awiros
cam06_1080p_s0_t32,395,395,17.016,1527.9,897.4,1575.7,912.9,47.9,15.5,743,3.08,SMALL,0.587,0,249.7,29386.7,90.0,74.0,0.72,1.5,0.13,0.01,0.814,JK16C8535,0.504,crnn_reader_crnn_v6
cam06_1080p_s0_t34,396,396,17.059,530.3,668.6,647.4,698.0,117.1,29.5,3449,3.98,MEDIUM,0.755,0,2522.3,71755.7,107.5,73.1,1.87,0.0,0.056,0.006,0.977,GJ32AG2883,1.0,awiros
cam06_1080p_s0_t32,396,396,17.059,1535.9,922.7,1585.1,938.9,49.2,16.2,796,3.04,SMALL,0.685,0,297.1,31699.5,84.4,73.1,0.49,2.4,0.165,0.001,0.861,LA16C423,0.608,crnn
cam06_1080p_s0_t34,397,397,17.102,525.6,683.9,644.8,716.3,119.2,32.4,3859,3.68,MEDIUM,0.763,0,2379.3,64775.6,112.5,74.7,1.51,0.0,0.059,0.005,0.979,GJ32AG2883,1.0,awiros
cam06_1080p_s0_t32,397,397,17.102,1545.3,949.3,1592.1,964.9,46.7,15.6,727,3.0,SMALL,0.671,0,261.8,32009.4,87.9,74.0,1.68,2.3,0.184,0.001,0.808,DL16C825,0.545,crnn_reader_crnn_v6
cam06_1080p_s0_t34,398,398,17.145,521.2,704.0,639.8,735.8,118.6,31.8,3774,3.73,MEDIUM,0.756,0,2743.7,69481.3,106.1,72.7,1.47,0.0,0.064,0.001,0.981,GJ32AG2883,1.0,awiros
cam06_1080p_s0_t32,398,398,17.145,1553.0,976.9,1600.6,991.9,47.6,14.9,710,3.19,SMALL,0.478,0,259.0,32780.0,89.5,73.5,1.88,2.3,0.163,0.003,0.81,ML18C823,0.545,crnn_reader_crnn_v6
cam06_1080p_s0_t34,399,399,17.188,515.2,721.7,635.1,754.7,119.9,32.9,3948,3.64,MEDIUM,0.765,0,2625.8,68060.6,106.4,73.3,1.58,0.0,0.063,0.001,0.98,GJ32AG2883,1.0,awiros
cam06_1080p_s0_t32,399,399,17.188,1561.5,1003.4,1610.6,1019.9,49.1,16.6,815,2.96,SMALL,0.617,0,311.2,33670.9,82.9,74.4,1.84,1.7,0.165,0.002,0.853,AS14E075,0.535,crnn_reader_crnn_v6
cam06_1080p_s0_t34,400,400,17.232,511.3,741.4,632.2,773.9,120.9,32.5,3928,3.72,LARGE,0.779,0,3412.3,76531.8,103.9,73.4,1.43,0.0,0.06,0.004,0.98,GJ32AG2883,1.0,awiros
cam06_1080p_s0_t32,400,400,17.232,1569.2,1032.7,1619.0,1048.8,49.8,16.1,805,3.09,SMALL,0.723,0,604.0,43212.6,82.0,74.2,1.25,0.7,0.138,0.003,0.866,DL1AE4315,0.788,crnn_reader_crnn_v6
cam06_1080p_s0_t34,401,401,17.275,502.2,760.4,626.3,793.0,124.1,32.7,4055,3.8,LARGE,0.774,0,3123.9,75016.2,106.5,73.4,1.46,0.0,0.062,0.005,0.98,GJ32AG2883,1.0,awiros
cam06_1080p_s0_t32,401,401,17.275,1576.7,1063.4,1628.9,1080.0,52.2,16.6,868,3.14,SMALL,0.598,0,715.1,46988.8,83.3,73.5,3.04,0.8,0.14,0.002,0.862,DL1AE4315,0.83,crnn_reader_crnn_v6
cam06_1080p_s0_t34,402,402,17.318,496.7,779.5,620.8,812.7,124.1,33.3,4126,3.73,LARGE,0.776,0,3055.8,74456.6,106.1,72.1,1.72,0.0,0.057,0.005,0.978,GJ32AG2883,1.0,awiros
cam06_1080p_s0_t34,403,403,17.361,492.2,798.9,618.2,833.2,126.0,34.2,4311,3.68,LARGE,0.778,0,2793.5,71060.1,109.1,72.4,1.72,0.0,0.058,0.002,0.979,GJ32AG2883,1.0,awiros
cam06_1080p_s0_t34,404,404,17.404,485.2,819.9,611.5,854.3,126.3,34.5,4350,3.66,LARGE,0.789,0,2882.7,72061.9,108.3,73.7,1.77,0.0,0.056,0.004,0.978,GJ32AG2883,1.0,awiros
cam06_1080p_s0_t34,405,405,17.447,478.7,840.0,607.9,875.8,129.2,35.8,4625,3.61,LARGE,0.767,0,3138.0,71343.7,108.7,74.7,1.54,0.0,0.054,0.003,0.981,GJ32AG2883,1.0,awiros
cam06_1080p_s0_t34,406,406,17.49,469.8,863.8,604.0,898.4,134.2,34.6,4648,3.88,LARGE,0.784,0,3231.9,71388.8,105.1,73.7,1.85,0.0,0.054,0.002,0.979,GJ32AG2883,1.0,awiros
cam06_1080p_s0_t34,407,407,17.533,466.3,884.7,598.4,921.0,132.1,36.3,4798,3.64,LARGE,0.768,0,2901.0,67233.4,106.9,74.3,1.66,0.0,0.054,0.001,0.981,GJ32AG2883,1.0,awiros
cam06_1080p_s0_t34,408,408,17.576,458.2,907.2,593.3,943.8,135.1,36.6,4949,3.69,LARGE,0.771,0,2931.2,66934.3,105.7,73.1,1.56,0.0,0.054,0.003,0.981,GJ32AG2883,1.0,awiros
cam06_1080p_s0_t34,409,409,17.619,451.6,931.9,586.2,967.7,134.6,35.9,4828,3.75,LARGE,0.765,0,2948.6,68879.9,104.6,72.1,1.89,0.0,0.051,0.001,0.979,GJ32AG2883,1.0,awiros
cam06_1080p_s0_t34,410,410,17.662,445.8,955.5,581.5,991.2,135.7,35.7,4843,3.8,LARGE,0.784,0,2845.2,67288.9,102.1,72.1,1.87,0.0,0.048,0.0,0.98,GJ32AG2883,1.0,awiros
cam06_1080p_s0_t34,411,411,17.705,435.5,979.7,575.2,1017.1,139.7,37.4,5219,3.74,LARGE,0.785,0,3104.0,65902.5,101.9,73.1,1.78,0.0,0.044,0.0,0.981,GJ17C5184,0.56,crnn
cam06_1080p_s0_t34,412,412,17.749,431.9,1004.8,569.9,1042.6,138.0,37.8,5219,3.65,LARGE,0.78,0,2973.5,65091.5,101.0,72.1,1.75,0.0,0.053,0.0,0.98,GJ32AG2883,1.0,awiros
cam06_1080p_s0_t34,413,413,17.792,420.9,1031.5,564.9,1069.6,144.0,38.1,5489,3.78,LARGE,0.791,0,3215.3,63373.7,98.6,71.1,1.58,0.0,0.05,0.0,0.982,GJ32AG2883,0.995,awiros
cam06_1080p_s0_t34,414,414,17.835,422.0,1056.7,558.4,1080.0,136.5,23.3,3178,5.86,LARGE,0.641,0,4019.6,93069.3,119.7,76.3,0.63,0.0,0.088,0.0,0.986,TR15ZAA2688,0.605,crnn
cam06_1080p_s0_t34,416,416,17.921,352.5,707.6,706.0,826.9,353.5,119.3,42159,2.96,LARGE,0.263,0,3472.2,38730.3,75.0,52.3,0.91,0.0,0.021,0.004,0.989,KL11N6222,0.596,crnn
cam06_1080p_s0_t34,421,421,18.136,318.9,820.9,514.8,933.8,195.9,112.9,22118,1.74,LARGE,0.234,1,1761.3,23846.7,63.4,47.8,0.0,0.0,0.021,0.002,0.997,ML44EB0534,0.566,crnn
cam06_1080p_s0_t34,422,422,18.179,302.2,842.7,520.0,955.6,217.8,112.8,24572,1.93,LARGE,0.313,1,1979.5,24386.4,65.0,48.0,0.0,0.0,0.02,0.001,0.997,NL47B7464,0.515,crnn
cam06_1080p_s0_t34,423,423,18.222,295.5,869.5,519.9,986.4,224.4,116.9,26222,1.92,LARGE,0.227,1,2010.7,23272.3,62.7,47.8,0.0,0.0,0.017,0.001,0.998,KL11BEN3,0.605,crnn
cam06_1080p_s0_t34,424,424,18.265,288.4,894.8,502.4,999.5,214.0,104.7,22397,2.04,LARGE,0.261,1,2312.8,25822.6,61.3,46.0,0.0,0.0,0.022,0.001,0.997,ML54A6998,0.575,crnn
cam06_1080p_s0_t46,447,447,19.256,1363.8,291.7,1417.3,305.8,53.5,14.0,751,3.81,SMALL,0.327,0,765.6,52000.6,79.2,87.8,4.22,4.1,0.348,0.001,0.83,HR54S7380,0.503,crnn
cam06_1080p_s0_t46,451,451,19.429,1374.5,329.2,1429.4,342.7,54.9,13.5,739,4.07,SMALL,0.323,0,945.2,58143.3,82.3,85.5,3.54,0.0,0.371,0.01,0.845,KL40FF1995,0.525,crnn_reader_crnn_v6
cam06_1080p_s0_t46,452,452,19.472,1376.5,339.9,1414.0,350.9,37.4,11.0,410,3.42,VERY_SMALL,0.22,0,295.1,40254.7,103.6,84.4,4.49,4.4,0.363,0.01,0.742,,0.0,
cam06_1080p_s0_t46,456,456,19.644,1387.6,379.2,1446.3,394.7,58.7,15.5,912,3.78,SMALL,0.288,0,1184.7,66717.5,83.1,85.3,3.89,0.0,0.311,0.008,0.868,,0.0,
cam06_1080p_s0_t46,457,457,19.687,1390.4,390.4,1448.6,404.4,58.2,14.1,819,4.14,SMALL,0.458,0,1048.5,63441.5,85.0,84.2,4.64,0.0,0.327,0.008,0.856,WB02KU3347,0.505,crnn
cam06_1080p_s0_t46,459,459,19.773,1394.7,410.8,1455.1,426.2,60.5,15.3,928,3.94,MEDIUM,0.425,0,1313.8,67833.8,82.2,84.4,3.31,0.0,0.316,0.011,0.879,MH03EU1381,0.527,crnn
cam06_1080p_s0_t46,460,460,19.816,1398.5,421.9,1458.2,436.6,59.7,14.8,881,4.05,SMALL,0.41,0,1250.7,67504.2,83.1,84.4,3.83,0.0,0.306,0.011,0.872,DL1AE4315,0.788,crnn_reader_crnn_v6
cam06_1080p_s0_t46,461,461,19.859,1401.2,432.8,1461.5,447.2,60.3,14.4,868,4.19,MEDIUM,0.316,0,1358.8,70027.3,83.4,83.3,4.1,0.0,0.325,0.011,0.871,,0.0,
cam06_1080p_s0_t46,462,462,19.902,1403.0,443.7,1465.3,459.5,62.3,15.8,986,3.94,MEDIUM,0.22,0,1414.1,71356.9,83.1,83.2,3.25,0.0,0.297,0.007,0.89,,0.0,
cam06_1080p_s0_t46,463,463,19.946,1404.8,456.2,1467.2,471.8,62.4,15.6,972,4.0,MEDIUM,0.411,0,1498.6,73038.9,83.8,85.6,3.63,0.0,0.306,0.007,0.886,,0.0,
cam06_1080p_s0_t46,464,464,19.989,1409.5,466.9,1470.1,483.0,60.6,16.1,979,3.76,MEDIUM,0.456,0,1357.3,70584.4,86.7,84.5,3.19,5.3,0.291,0.004,0.876,MH07EE1391,0.517,crnn_reader_crnn_v6
cam06_1080p_s0_t46,467,467,20.118,1441.1,504.8,1481.0,516.0,39.9,11.2,448,3.55,VERY_SMALL,0.298,0,300.1,41189.1,106.7,82.5,4.04,4.3,0.27,0.012,0.77,BR382351,0.588,crnn
cam06_1080p_s0_t46,470,470,20.247,1425.3,541.3,1490.8,556.8,65.5,15.5,1017,4.22,MEDIUM,0.223,0,1517.4,70777.5,84.0,82.6,3.61,0.0,0.283,0.012,0.902,,0.0,
cam06_1080p_s0_t46,471,471,20.29,1435.7,555.2,1493.6,570.1,57.9,14.8,859,3.9,SMALL,0.549,0,1083.7,65000.6,91.9,84.3,2.47,0.0,0.277,0.01,0.878,GJ01EE0951,0.579,crnn_reader_crnn_v6
cam06_1080p_s0_t46,473,473,20.376,1432.8,583.8,1473.4,596.8,40.6,13.0,528,3.12,SMALL,0.275,0,346.8,42371.5,98.2,84.0,2.95,3.6,0.273,0.014,0.787,,0.0,
cam06_1080p_s0_t46,475,475,20.462,1447.2,609.2,1508.5,624.0,61.3,14.8,905,4.15,MEDIUM,0.355,0,1402.9,70855.8,90.7,85.3,3.18,0.0,0.301,0.004,0.888,GJ01EE0561,0.592,crnn_reader_crnn_v6
cam06_1080p_s0_t46,476,476,20.506,1377.0,705.1,1496.0,809.0,119.0,103.9,12368,1.15,MEDIUM,0.222,1,888.8,19032.4,92.6,40.6,0.0,0.0,0.017,0.003,0.982,MP04B1051,0.535,crnn
cam06_1080p_s0_t46,479,479,20.635,1454.7,665.8,1524.7,682.3,69.9,16.5,1153,4.24,MEDIUM,0.509,0,1728.6,74401.0,84.9,83.5,2.0,1.3,0.265,0.005,0.941,MH10FLL5941,0.581,crnn_reader_crnn_v6
cam06_1080p_s0_t46,480,480,20.678,1460.0,680.6,1529.3,696.2,69.2,15.6,1083,4.43,MEDIUM,0.262,0,1547.7,73440.1,86.3,84.0,2.04,0.6,0.263,0.002,0.939,,0.0,
cam06_1080p_s0_t46,481,481,20.721,1463.9,695.7,1534.0,711.9,70.1,16.3,1140,4.31,MEDIUM,0.313,0,1650.1,72560.1,85.6,81.6,1.62,0.0,0.256,0.004,0.948,,0.0,
cam06_1080p_s0_t46,482,482,20.764,1468.5,712.8,1509.6,725.6,41.2,12.8,527,3.21,SMALL,0.546,0,305.8,37252.9,103.2,79.6,1.44,2.0,0.298,0.018,0.798,GJ072783,0.58,crnn
cam06_1080p_s0_t46,483,483,20.807,1472.8,726.3,1544.8,742.2,72.0,16.0,1150,4.51,MEDIUM,0.6,0,1685.9,72593.3,85.8,81.0,1.02,0.0,0.277,0.007,0.957,GJ37EZ3481,0.66,crnn
cam06_1080p_s0_t46,484,484,20.85,1479.3,741.8,1551.8,757.7,72.5,15.9,1153,4.56,MEDIUM,0.57,0,1864.1,71884.7,83.8,81.7,1.1,0.0,0.261,0.002,0.964,GJ07AL9151,0.627,crnn_reader_crnn_v6
cam06_1080p_s0_t46,485,485,20.893,1485.7,758.0,1558.4,774.3,72.7,16.2,1180,4.47,MEDIUM,0.461,0,1482.8,66860.8,81.7,82.3,0.42,0.0,0.269,0.003,0.968,,0.0,
cam06_1080p_s0_t46,486,486,20.936,1491.7,773.8,1565.0,790.5,73.3,16.7,1225,4.38,MEDIUM,0.402,0,1568.5,67900.9,81.4,80.5,0.96,1.9,0.261,0.0,0.963,TS11F1157,0.515,crnn
cam06_1080p_s0_t46,487,487,20.979,1497.4,791.9,1572.1,808.3,74.7,16.5,1231,4.54,MEDIUM,0.477,0,1888.7,70919.1,81.9,80.9,1.28,0.0,0.241,0.0,0.965,RJ03SF5351,0.538,awiros
cam06_1080p_s0_t46,488,488,21.023,1503.8,809.7,1578.8,825.5,75.0,15.8,1183,4.75,MEDIUM,0.401,0,1790.0,69335.0,83.1,80.1,1.63,0.0,0.241,0.0,0.962,GJ38BJF8361,0.558,crnn
cam06_1080p_s0_t46,489,489,21.066,1510.1,826.4,1586.3,843.1,76.2,16.6,1269,4.58,MEDIUM,0.454,0,1825.3,70457.1,82.7,79.3,1.49,0.0,0.237,0.001,0.964,BR07JF9361,0.551,crnn
cam06_1080p_s0_t47,490,490,21.109,670.5,89.1,703.7,108.6,33.2,19.5,647,1.71,VERY_SMALL,0.399,1,88.6,20597.5,100.2,83.2,3.4,7.4,0.332,0.04,0.545,GJ17C5184,0.56,crnn
cam06_1080p_s0_t46,490,490,21.109,1517.6,845.0,1595.1,861.5,77.5,16.6,1282,4.68,MEDIUM,0.373,0,2263.6,75063.5,81.2,79.8,1.83,0.0,0.252,0.0,0.96,,0.0,
cam06_1080p_s0_t46,491,491,21.152,1524.8,862.6,1603.1,880.1,78.3,17.5,1369,4.48,MEDIUM,0.417,0,2109.5,74674.5,80.6,79.1,1.9,0.0,0.247,0.001,0.959,GJ07AE3351,0.545,crnn_reader_crnn_v6
cam06_1080p_s0_t47,491,491,21.152,667.3,97.0,700.5,116.9,33.2,19.9,662,1.67,VERY_SMALL,0.405,1,84.7,20041.5,100.7,82.9,3.6,7.1,0.326,0.04,0.542,GJ17C5184,0.593,crnn
cam06_1080p_s0_t46,492,492,21.195,1532.9,880.8,1611.9,898.8,79.0,18.0,1421,4.39,MEDIUM,0.458,0,2174.5,76227.3,79.6,77.4,2.09,0.0,0.246,0.002,0.957,RJ03AE0751,0.636,awiros
cam06_1080p_s0_t47,492,492,21.195,663.4,105.7,697.2,125.2,33.8,19.5,659,1.74,VERY_SMALL,0.352,1,89.4,20390.6,98.9,82.9,3.13,7.4,0.306,0.044,0.553,GJ13G186,0.57,crnn
cam06_1080p_s0_t47,493,493,21.238,660.0,114.0,694.2,134.1,34.2,20.1,687,1.71,VERY_SMALL,0.791,1,107.4,21726.1,99.7,84.3,3.22,8.1,0.295,0.047,0.57,GJ13C1184,0.53,crnn
cam06_1080p_s0_t46,493,493,21.238,1540.6,899.5,1620.4,917.4,79.8,17.9,1426,4.47,MEDIUM,0.374,0,2140.6,73408.2,80.1,78.3,2.27,0.0,0.23,0.0,0.958,GJ03AB9151,0.597,awiros
cam06_1080p_s0_t47,494,494,21.281,656.2,122.8,690.5,143.3,34.3,20.5,704,1.67,VERY_SMALL,0.795,1,95.0,20621.6,99.3,83.8,2.58,7.7,0.33,0.041,0.561,,0.0,
cam06_1080p_s0_t46,494,494,21.281,1548.9,918.9,1630.2,936.4,81.3,17.5,1422,4.64,MEDIUM,0.589,0,2239.2,74344.2,80.0,77.2,1.87,0.0,0.237,0.0,0.961,GJ07AE0651,0.623,crnn_reader_crnn_v6
cam06_1080p_s0_t47,495,495,21.324,652.0,130.8,687.2,152.4,35.2,21.5,758,1.63,VERY_SMALL,0.778,1,103.8,21580.5,96.8,83.5,3.21,8.1,0.312,0.044,0.57,GJ115518,0.604,crnn
cam06_1080p_s0_t46,495,495,21.324,1558.6,938.2,1639.2,955.9,80.6,17.8,1431,4.54,MEDIUM,0.517,0,1960.1,70268.1,78.1,77.1,2.0,0.0,0.231,0.001,0.96,,0.0,
cam06_1080p_s0_t47,496,496,21.367,648.2,140.1,683.1,161.7,34.9,21.6,753,1.62,VERY_SMALL,0.808,1,125.1,23035.8,97.3,84.6,2.74,8.3,0.317,0.052,0.588,GJ15H5184,0.504,crnn
cam06_1080p_s0_t46,496,496,21.367,1567.4,957.8,1647.9,976.3,80.5,18.4,1484,4.36,MEDIUM,0.729,0,2002.0,70478.9,78.2,77.4,2.29,0.0,0.239,0.001,0.957,GJ07AE3651,0.696,crnn_reader_crnn_v6
cam06_1080p_s0_t47,497,497,21.41,644.1,148.6,679.6,171.4,35.5,22.8,809,1.55,VERY_SMALL,0.784,1,136.1,23726.3,96.7,83.5,2.24,7.9,0.317,0.042,0.606,KA01EN84,0.717,awiros
cam06_1080p_s0_t46,497,497,21.41,1575.5,977.8,1658.2,995.7,82.7,18.0,1484,4.6,MEDIUM,0.694,0,2084.0,67853.3,77.9,77.0,1.82,0.0,0.204,0.0,0.965,GJ07JF3161,0.581,crnn
cam06_1080p_s0_t47,498,498,21.453,640.2,158.6,676.3,181.8,36.1,23.2,837,1.56,VERY_SMALL,0.817,1,131.8,23145.7,95.6,84.0,2.54,7.7,0.309,0.041,0.605,KA03EW94,0.642,awiros
cam06_1080p_s0_t46,498,498,21.453,1584.6,999.8,1666.4,1017.5,81.8,17.8,1454,4.6,MEDIUM,0.631,0,1888.5,67240.9,78.0,77.0,2.09,0.0,0.219,0.0,0.961,GJ07AE8667,0.605,crnn_reader_crnn_v6
cam06_1080p_s0_t47,499,499,21.496,635.5,168.2,672.4,190.2,36.9,22.0,812,1.68,VERY_SMALL,0.77,1,138.1,24018.6,97.7,84.4,3.11,8.0,0.331,0.038,0.605,GJ14L3222,0.593,crnn
cam06_1080p_s0_t46,499,499,21.496,1594.8,1019.4,1677.8,1038.0,83.0,18.6,1544,4.46,MEDIUM,0.583,0,1946.6,65736.9,76.3,74.4,2.04,0.0,0.2,0.0,0.963,GJ03AE0148,0.667,awiros
cam06_1080p_s0_t47,500,500,21.539,631.1,177.3,667.8,201.5,36.7,24.2,887,1.52,VERY_SMALL,0.808,1,252.8,30661.4,95.6,85.7,2.06,8.8,0.321,0.043,0.71,GJ11CE1044,0.56,crnn_reader_crnn_v6
cam06_1080p_s0_t46,500,500,21.539,1601.2,1039.2,1689.9,1060.9,88.7,21.7,1928,4.08,MEDIUM,0.503,0,2854.6,68373.8,68.5,74.3,1.55,0.0,0.205,0.0,0.967,GJ07AF051,0.79,awiros
cam06_1080p_s0_t47,501,501,21.583,626.8,187.5,663.3,211.5,36.5,24.0,878,1.52,VERY_SMALL,0.821,1,211.5,28416.0,96.8,84.8,1.91,9.0,0.306,0.045,0.674,GJ11A7544,0.561,crnn_reader_crnn_v6
cam06_1080p_s0_t46,501,501,21.583,1609.0,1059.6,1695.9,1079.5,86.9,19.9,1727,4.37,MEDIUM,0.339,0,2554.6,58434.3,74.7,72.3,2.5,0.0,0.169,0.0,0.962,GJ27AT6451,0.711,crnn_reader_crnn_v6
cam06_1080p_s0_t47,502,502,21.626,621.8,198.2,659.6,222.3,37.8,24.0,909,1.57,VERY_SMALL,0.794,1,209.1,27866.1,96.2,83.8,2.05,7.7,0.29,0.046,0.682,GJ11CE1841,0.552,crnn_reader_crnn_v6
cam06_1080p_s0_t47,503,503,21.669,616.8,208.4,654.5,232.8,37.6,24.4,917,1.54,VERY_SMALL,0.807,1,178.5,26298.7,97.3,85.1,1.95,8.1,0.298,0.051,0.65,TN446848,0.502,crnn_reader_crnn_v6
cam06_1080p_s0_t47,504,504,21.712,612.0,219.0,649.9,243.8,37.9,24.8,938,1.53,VERY_SMALL,0.811,1,188.1,27554.6,96.6,84.5,1.86,7.9,0.29,0.047,0.665,,0.0,
cam06_1080p_s0_t47,505,505,21.755,606.7,230.4,645.5,253.9,38.7,23.5,911,1.65,VERY_SMALL,0.794,1,182.1,26948.1,97.9,82.9,2.42,8.5,0.279,0.047,0.659,,0.0,
cam06_1080p_s0_t47,506,506,21.798,601.3,241.2,640.5,266.7,39.1,25.6,1001,1.53,VERY_SMALL,0.829,1,166.7,25510.8,94.1,82.0,2.32,7.4,0.265,0.038,0.658,KA15KKA044,0.549,awiros
cam06_1080p_s0_t47,507,507,21.841,595.9,252.3,635.1,277.3,39.2,25.1,983,1.57,VERY_SMALL,0.793,1,152.5,24701.1,97.8,83.5,2.49,7.5,0.274,0.039,0.639,GJ21ECE1044,0.545,crnn_reader_crnn_v6
cam06_1080p_s0_t47,508,508,21.884,590.0,264.5,629.7,289.4,39.7,24.9,989,1.59,VERY_SMALL,0.807,1,156.2,24677.0,97.5,82.6,2.76,7.5,0.281,0.034,0.645,GJ11CL1644,0.754,crnn
cam06_1080p_s0_t47,509,509,21.927,584.5,275.8,624.3,301.3,39.9,25.5,1017,1.56,VERY_SMALL,0.818,1,145.5,23951.6,96.2,82.8,2.64,7.4,0.291,0.035,0.64,GJ21ECE1046,0.572,crnn_reader_crnn_v6
cam06_1080p_s0_t47,510,510,21.97,578.9,288.7,619.2,313.8,40.3,25.1,1012,1.61,SMALL,0.8,1,133.2,22582.7,97.3,82.5,2.49,7.3,0.268,0.024,0.638,KA16CK044,0.683,awiros
cam06_1080p_s0_t47,511,511,22.013,572.8,300.7,612.9,325.9,40.1,25.2,1013,1.59,SMALL,0.807,1,125.3,22369.4,99.5,83.8,2.13,6.5,0.276,0.024,0.631,GJ21ECE1594,0.525,crnn_reader_crnn_v6
cam06_1080p_s0_t47,512,512,22.056,566.7,314.2,608.2,339.2,41.5,25.0,1036,1.66,SMALL,0.81,1,172.2,25092.5,97.7,81.8,2.33,6.8,0.264,0.033,0.677,GJ13CR1544,0.635,crnn
cam06_1080p_s0_t47,513,513,22.099,560.8,326.5,601.7,351.9,41.0,25.4,1041,1.61,SMALL,0.797,1,188.6,26126.3,98.9,82.5,1.6,7.1,0.261,0.044,0.688,GJ15CV1044,0.552,crnn_reader_crnn_v6
cam06_1080p_s0_t47,514,514,22.143,554.3,338.6,596.3,364.8,42.0,26.3,1104,1.6,SMALL,0.821,1,224.8,27793.8,95.8,82.0,1.2,5.9,0.284,0.041,0.726,GJ15CV1044,0.546,crnn_reader_crnn_v6
cam06_1080p_s0_t47,515,515,22.186,548.0,352.1,589.4,378.2,41.5,26.1,1082,1.59,SMALL,0.808,1,205.5,26721.4,96.2,82.9,1.68,6.8,0.29,0.026,0.71,RJ15CWR044,0.814,awiros
cam06_1080p_s0_t47,516,516,22.229,541.6,367.2,583.9,392.6,42.4,25.4,1077,1.67,SMALL,0.796,1,245.7,29236.3,97.3,82.0,1.84,5.5,0.258,0.031,0.75,GJ15CE1844,0.717,crnn_reader_crnn_v6
cam06_1080p_s0_t47,517,517,22.272,534.8,380.2,578.3,405.7,43.6,25.5,1110,1.71,SMALL,0.796,1,263.4,30433.0,97.3,81.6,1.44,5.9,0.231,0.03,0.774,KA11CKK044,0.788,awiros
cam06_1080p_s0_t47,518,518,22.315,528.4,394.8,572.3,421.0,43.9,26.2,1152,1.67,SMALL,0.796,1,271.4,30702.7,96.8,81.0,1.49,5.7,0.234,0.029,0.781,GJ11CK044,0.959,awiros
cam06_1080p_s0_t47,519,519,22.358,521.8,409.1,566.1,434.9,44.3,25.8,1145,1.71,SMALL,0.804,1,258.7,30868.6,98.5,80.5,1.48,5.4,0.227,0.029,0.775,GJ11CK044,0.968,awiros
cam06_1080p_s0_t47,520,520,22.401,516.1,424.3,559.6,450.9,43.4,26.6,1153,1.64,SMALL,0.808,1,250.3,30636.0,99.2,80.9,1.61,5.7,0.223,0.031,0.763,GJ11CK044,0.973,awiros
cam06_1080p_s0_t47,521,521,22.444,509.3,440.0,554.2,465.5,45.0,25.6,1149,1.76,SMALL,0.794,1,289.8,33055.3,100.2,81.2,1.88,5.9,0.231,0.026,0.802,GJ11CK044,0.99,awiros
cam06_1080p_s0_t47,522,522,22.487,503.0,455.9,547.3,482.5,44.3,26.6,1178,1.67,SMALL,0.799,1,266.2,31143.5,99.5,80.8,1.82,6.0,0.223,0.021,0.781,GJ11FX7179,0.61,crnn_reader_crnn_v6
cam06_1080p_s0_t47,523,523,22.53,496.1,471.9,541.4,499.6,45.3,27.7,1254,1.64,SMALL,0.793,1,261.3,30816.9,98.9,80.4,2.24,5.9,0.204,0.026,0.778,KA13AC041,0.538,awiros
cam06_1080p_s0_t47,524,524,22.573,489.2,488.7,535.2,517.0,46.0,28.3,1305,1.63,SMALL,0.819,1,306.0,33105.3,89.4,78.6,2.23,6.0,0.246,0.011,0.816,GJ11CK044,0.983,awiros
cam06_1080p_s0_t47,525,525,22.616,482.2,505.6,528.8,535.2,46.6,29.6,1381,1.58,SMALL,0.801,1,444.3,37692.8,89.2,80.2,1.91,6.7,0.284,0.014,0.816,KA11SK49,0.531,awiros
cam06_1080p_s0_t47,526,526,22.66,475.2,523.5,522.6,553.2,47.4,29.7,1408,1.6,SMALL,0.799,1,452.0,38555.7,92.3,79.3,1.69,6.7,0.243,0.022,0.822,KA11SK49,0.606,awiros
cam06_1080p_s0_t47,527,527,22.703,467.7,540.4,515.8,571.2,48.1,30.8,1482,1.56,SMALL,0.798,1,432.9,37429.6,91.4,78.0,1.36,6.6,0.225,0.022,0.831,KA11SK019,0.608,awiros
cam06_1080p_s0_t47,528,528,22.746,459.8,559.6,508.6,591.0,48.8,31.5,1536,1.55,SMALL,0.8,1,428.4,37268.3,91.0,78.5,1.48,6.3,0.225,0.015,0.837,GA11SK0049,0.635,awiros
cam06_1080p_s0_t52,528,528,22.746,1173.1,241.9,1222.1,253.7,49.0,11.8,579,4.14,SMALL,0.236,0,656.2,59949.4,104.0,86.7,2.32,0.0,0.268,0.03,0.83,,0.0,
cam06_1080p_s0_t47,529,529,22.789,451.4,578.6,502.2,609.8,50.8,31.2,1585,1.63,SMALL,0.771,1,444.3,38576.0,90.6,77.9,1.18,6.7,0.224,0.023,0.844,GJ11SK0019,0.724,awiros
cam06_1080p_s0_t47,530,530,22.832,442.9,597.4,493.8,629.9,50.9,32.5,1655,1.57,SMALL,0.778,1,386.0,36195.0,90.8,78.3,1.08,7.1,0.211,0.019,0.847,GJ11SE019,0.568,awiros
cam06_1080p_s0_t47,531,531,22.875,435.0,617.6,486.2,649.7,51.1,32.1,1640,1.59,SMALL,0.798,1,400.1,36467.0,91.7,78.8,1.14,7.3,0.215,0.018,0.85,GJ11SZ12,0.635,awiros
cam06_1080p_s0_t47,532,532,22.918,426.0,638.3,476.6,670.4,50.6,32.1,1624,1.58,SMALL,0.788,1,357.7,35737.0,90.8,77.2,1.27,7.1,0.217,0.007,0.849,GJ11CK044,0.952,awiros
cam06_1080p_s0_t47,533,533,22.961,417.1,658.9,468.9,691.0,51.9,32.2,1667,1.61,SMALL,0.804,1,389.7,35856.0,86.1,78.6,1.39,7.1,0.213,0.002,0.858,GJ11SZ042,0.761,awiros
cam06_1080p_s0_t47,534,534,23.004,407.7,679.5,461.3,713.8,53.6,34.4,1842,1.56,SMALL,0.801,1,429.3,36356.4,85.2,78.0,1.51,6.7,0.212,0.004,0.861,GJ11SX049,0.768,awiros
cam06_1080p_s0_t47,535,535,23.047,397.7,701.9,451.8,736.6,54.1,34.6,1873,1.56,SMALL,0.79,1,466.7,38171.1,87.2,77.5,1.58,7.1,0.199,0.009,0.863,KA11KK044,0.641,awiros
cam06_1080p_s0_t47,536,536,23.09,387.5,725.5,440.8,759.2,53.3,33.7,1794,1.58,SMALL,0.793,1,418.8,37892.0,90.1,77.9,1.57,7.1,0.198,0.008,0.86,GA11EK044,0.692,awiros
cam06_1080p_s0_t47,537,537,23.133,376.6,747.7,432.0,784.3,55.3,36.6,2025,1.51,SMALL,0.777,1,450.2,37375.9,86.4,77.5,1.2,6.8,0.2,0.008,0.875,KA11AK044,0.703,awiros
cam06_1080p_s0_t47,538,538,23.176,366.0,772.5,421.0,807.8,55.1,35.3,1946,1.56,SMALL,0.788,1,433.5,38018.0,90.1,78.1,1.4,6.5,0.182,0.007,0.872,KA11AK44,0.691,awiros
cam06_1080p_s0_t47,539,539,23.22,354.8,797.0,410.5,832.8,55.7,35.7,1990,1.56,SMALL,0.795,1,437.6,37907.3,89.5,77.1,1.47,6.7,0.181,0.005,0.876,GJ11X0044,0.701,awiros
cam06_1080p_s0_t52,539,539,23.22,1173.6,349.7,1229.6,361.2,56.0,11.5,643,4.88,SMALL,0.377,0,870.1,67103.8,118.1,81.1,1.73,0.0,0.22,0.031,0.874,,0.0,
cam06_1080p_s0_t47,540,540,23.263,343.4,823.9,398.7,859.1,55.3,35.2,1948,1.57,SMALL,0.79,1,428.0,37879.5,90.6,78.0,1.48,6.3,0.179,0.003,0.877,GJ11CK044,0.986,awiros
cam06_1080p_s0_t47,541,541,23.306,331.3,848.9,388.6,885.3,57.3,36.3,2081,1.58,SMALL,0.806,1,467.8,37811.8,88.1,77.7,1.39,6.1,0.189,0.004,0.885,GJ11K044,0.782,awiros
cam06_1080p_s0_t52,541,541,23.306,1174.0,371.8,1230.1,384.5,56.1,12.7,714,4.4,SMALL,0.223,0,843.9,64276.4,116.7,81.5,2.64,0.0,0.194,0.032,0.865,,0.0,
cam06_1080p_s0_t47,542,542,23.349,320.0,876.6,378.6,913.0,58.6,36.4,2135,1.61,SMALL,0.807,1,564.7,40626.5,86.9,78.1,1.42,5.7,0.2,0.003,0.892,GJ11K044,0.845,awiros
cam06_1080p_s0_t52,542,542,23.349,1174.3,384.1,1229.2,395.1,54.9,11.0,606,4.97,SMALL,0.238,0,865.2,70572.6,125.4,82.1,3.05,0.0,0.189,0.065,0.845,,0.0,
cam06_1080p_s0_t47,543,543,23.392,307.5,904.2,367.2,941.6,59.7,37.4,2232,1.59,SMALL,0.775,1,580.3,40112.5,86.0,77.9,0.88,5.4,0.188,0.002,0.902,GJ11K0044,0.834,awiros
cam06_1080p_s0_t52,543,543,23.392,1173.6,394.9,1230.2,406.9,56.5,12.0,680,4.7,SMALL,0.343,0,781.8,66212.8,124.0,80.2,3.39,0.0,0.184,0.043,0.859,,0.0,
cam06_1080p_s0_t47,544,544,23.435,295.3,933.4,356.0,970.2,60.8,36.8,2236,1.65,MEDIUM,0.794,1,581.0,40494.1,86.8,77.7,1.2,5.2,0.174,0.002,0.909,GJ11K0043,0.944,awiros
cam06_1080p_s0_t52,544,544,23.435,1173.3,406.9,1231.7,418.8,58.3,11.9,695,4.89,SMALL,0.202,0,875.2,67622.3,123.4,78.7,3.14,0.0,0.184,0.022,0.877,,0.0,
cam06_1080p_s0_t47,545,545,23.478,282.2,962.4,343.3,999.7,61.0,37.3,2273,1.64,MEDIUM,0.809,1,613.4,42343.4,88.1,77.4,1.22,4.8,0.183,0.003,0.908,GJ11K0043,0.829,awiros
cam06_1080p_s0_t47,546,546,23.521,269.2,993.1,331.8,1030.5,62.6,37.4,2341,1.67,MEDIUM,0.683,1,647.9,43368.3,86.6,77.7,1.19,4.8,0.182,0.003,0.916,GA11K0043,0.785,awiros
cam06_1080p_s0_t47,547,547,23.564,255.5,1021.0,321.2,1063.3,65.6,42.4,2780,1.55,MEDIUM,0.51,1,726.9,44113.1,81.1,76.2,0.87,4.6,0.18,0.003,0.935,GJ11K0043,0.898,awiros
cam06_1080p_s0_t52,547,547,23.564,1174.6,443.3,1233.3,455.2,58.8,11.9,697,4.95,SMALL,0.304,0,827.3,66228.0,119.7,80.7,3.53,0.0,0.189,0.037,0.871,,0.0,
cam06_1080p_s0_t52,549,549,23.65,1175.4,468.7,1234.7,480.2,59.3,11.4,678,5.19,SMALL,0.21,0,899.7,69492.0,122.7,78.9,2.57,0.0,0.174,0.03,0.884,,0.0,
cam06_1080p_s0_t52,552,552,23.78,1176.9,508.4,1238.3,523.9,61.4,15.5,952,3.96,MEDIUM,0.212,0,1121.1,71169.9,109.8,85.7,2.97,0.0,0.22,0.039,0.884,ML07E8242,0.547,crnn
cam06_1080p_s0_t52,553,553,23.823,1177.3,521.7,1239.4,536.1,62.1,14.4,897,4.3,MEDIUM,0.278,0,1147.0,74424.6,116.5,82.9,2.54,0.0,0.207,0.051,0.888,,0.0,
cam06_1080p_s0_t52,554,554,23.866,1178.4,536.6,1240.3,550.1,62.0,13.5,836,4.59,MEDIUM,0.646,0,1130.0,75460.3,116.9,81.8,2.55,0.0,0.195,0.037,0.894,BR382351,0.588,crnn
cam06_1080p_s0_t52,555,555,23.909,1179.2,550.7,1240.6,562.9,61.3,12.2,751,5.01,MEDIUM,0.432,0,1111.6,77736.2,124.6,80.9,2.8,0.0,0.186,0.035,0.89,GJ12X705,0.9,awiros
cam06_1080p_s0_t52,556,556,23.952,1178.7,565.1,1242.5,578.6,63.8,13.5,858,4.73,MEDIUM,0.428,0,1241.6,76589.6,119.1,80.1,2.34,0.0,0.171,0.043,0.904,,0.0,
cam06_1080p_s0_t52,557,557,23.995,1178.4,579.7,1243.3,593.7,64.9,14.0,909,4.63,MEDIUM,0.521,0,1076.8,72678.8,118.2,82.3,2.08,0.0,0.196,0.036,0.914,,0.0,
cam06_1080p_s0_t52,559,559,24.081,1180.8,610.2,1245.7,623.2,64.9,13.0,841,5.01,MEDIUM,0.342,0,1091.1,74560.9,120.1,79.7,2.23,0.0,0.206,0.038,0.911,,0.0,
cam06_1080p_s0_t52,560,560,24.124,1181.9,625.5,1246.8,638.7,64.9,13.2,859,4.9,MEDIUM,0.476,0,1071.9,74064.2,117.6,79.8,2.71,0.0,0.197,0.025,0.909,,0.0,
cam06_1080p_s0_t52,561,561,24.167,1179.5,641.6,1246.3,654.9,66.7,13.3,888,5.01,MEDIUM,0.537,0,1111.6,76527.1,121.9,82.4,3.25,0.0,0.205,0.036,0.911,GJ34LX1823,0.579,crnn
cam06_1080p_s0_t52,562,562,24.21,1179.3,658.0,1247.9,672.7,68.6,14.7,1009,4.66,MEDIUM,0.568,0,1281.2,76523.1,117.7,81.4,2.33,0.0,0.201,0.04,0.925,GJ36LF9233,0.559,crnn
cam06_1080p_s0_t52,563,563,24.253,1180.7,673.9,1249.1,688.8,68.4,14.9,1018,4.6,MEDIUM,0.586,0,1313.9,77537.3,117.4,81.3,2.36,0.0,0.193,0.033,0.929,,0.0,
cam06_1080p_s0_t52,564,564,24.297,1178.6,691.4,1249.3,706.3,70.7,14.9,1055,4.74,MEDIUM,0.558,0,1137.2,74101.1,118.2,80.1,2.81,0.0,0.189,0.024,0.936,MN22EE20,0.574,crnn_reader_crnn_v6
cam06_1080p_s0_t52,565,565,24.34,1179.9,708.4,1252.5,724.4,72.6,16.0,1161,4.54,MEDIUM,0.532,0,1489.9,78997.5,114.4,80.6,1.8,0.0,0.175,0.031,0.955,,0.0,
cam06_1080p_s0_t52,566,566,24.383,1179.9,725.8,1251.5,741.3,71.6,15.6,1114,4.6,MEDIUM,0.527,0,1242.1,75021.3,114.8,79.5,2.37,0.0,0.18,0.019,0.951,GJ06LX9213,0.524,crnn
cam06_1080p_s0_t52,567,567,24.426,1179.2,744.0,1253.5,759.9,74.2,15.9,1181,4.67,MEDIUM,0.442,0,1378.9,78510.5,116.6,78.7,2.88,0.0,0.172,0.018,0.951,,0.0,
cam06_1080p_s0_t52,568,568,24.469,1179.4,762.2,1252.0,779.0,72.6,16.7,1214,4.34,MEDIUM,0.597,0,1353.2,75861.4,114.8,81.1,1.96,0.0,0.17,0.014,0.961,CH24AS1821,0.686,crnn
cam06_1080p_s0_t52,569,569,24.512,1178.4,780.4,1251.8,796.6,73.4,16.2,1191,4.53,MEDIUM,0.551,0,1369.1,77322.8,117.4,78.5,1.71,0.0,0.159,0.019,0.962,GJ34FSY9213,0.594,crnn
cam06_1080p_s0_t52,570,570,24.555,1175.6,800.3,1249.6,816.7,74.0,16.4,1216,4.51,MEDIUM,0.61,0,1390.5,75860.9,119.5,78.5,1.78,0.0,0.157,0.01,0.965,GJ34LJ9213,0.555,crnn
cam06_1080p_s0_t52,571,571,24.598,1175.2,819.1,1249.8,835.9,74.6,16.8,1257,4.43,MEDIUM,0.681,0,1230.5,71461.4,116.3,79.8,2.46,0.0,0.141,0.023,0.956,GJ34EJ1821,0.648,crnn
cam06_1080p_s0_t52,572,572,24.641,1174.8,838.3,1250.1,856.9,75.3,18.6,1400,4.05,MEDIUM,0.482,0,1185.7,68576.6,113.5,79.6,1.55,0.0,0.125,0.016,0.968,GJ32AL1821,0.521,crnn
cam06_1080p_s0_t52,573,573,24.684,1173.8,859.6,1249.4,876.9,75.6,17.3,1307,4.38,MEDIUM,0.536,0,1299.4,73400.1,116.1,79.1,2.19,0.0,0.138,0.011,0.964,GJ34EJ1831,0.593,crnn
cam06_1080p_s0_t52,576,576,24.813,1184.4,924.5,1246.9,940.1,62.4,15.5,971,4.02,MEDIUM,0.516,0,1217.9,70780.8,118.0,80.6,2.78,0.0,0.167,0.02,0.906,MH11K8230,0.784,crnn_reader_crnn_v6
cam06_1080p_s0_t56,581,581,25.029,1460.6,214.8,1551.3,283.8,90.7,69.0,6255,1.32,MEDIUM,0.241,1,844.9,20930.8,80.1,49.7,0.0,0.0,0.05,0.0,0.995,KL51WPE1,0.565,crnn
cam06_1080p_s0_t56,584,584,25.158,1507.7,204.1,1553.1,215.3,45.4,11.2,511,4.04,SMALL,0.227,0,449.3,42107.7,84.3,82.5,3.83,3.6,0.271,0.001,0.804,,0.0,
cam06_1080p_s0_t56,586,586,25.244,1510.1,209.6,1548.5,220.9,38.4,11.3,434,3.4,VERY_SMALL,0.205,0,290.9,35579.4,87.3,81.5,3.16,3.5,0.272,0.001,0.771,,0.0,
cam06_1080p_s0_t56,587,587,25.287,1512.3,213.2,1561.1,223.9,48.9,10.6,519,4.6,SMALL,0.363,0,568.3,46661.4,82.5,79.7,4.82,2.9,0.25,0.002,0.814,,0.0,
cam06_1080p_s0_t56,588,588,25.33,1513.8,216.7,1556.8,227.5,42.9,10.8,464,3.98,SMALL,0.213,0,391.3,40511.5,87.8,82.5,4.5,2.0,0.252,0.003,0.79,,0.0,
cam06_1080p_s0_t56,631,631,27.183,1697.3,313.7,1731.2,352.9,33.9,39.2,1331,0.87,VERY_SMALL,0.337,1,62.3,6551.2,55.1,46.3,2.85,0.0,0.063,0.0,0.587,ML07E8242,0.547,crnn
cam06_1080p_s0_t56,634,634,27.312,1724.2,317.2,1766.1,363.2,41.8,46.1,1927,0.91,SMALL,0.222,1,131.5,8538.9,56.4,46.3,1.91,0.0,0.046,0.0,0.693,DL07TB7262,0.514,crnn
cam06_1080p_s0_t56,636,636,27.398,1743.6,323.2,1796.6,363.7,53.0,40.5,2146,1.31,SMALL,0.312,1,329.1,12441.9,57.4,46.5,1.56,0.0,0.047,0.0,0.886,,0.0,
cam06_1080p_s0_t56,637,637,27.441,1752.0,324.4,1809.4,366.0,57.4,41.6,2386,1.38,SMALL,0.312,1,406.1,12937.6,58.0,48.0,1.67,0.0,0.037,0.0,0.909,MN22EE20,0.574,crnn_reader_crnn_v6
cam06_1080p_s0_t56,638,638,27.484,1762.9,327.7,1820.5,368.4,57.6,40.7,2342,1.42,SMALL,0.308,1,453.2,14242.7,58.4,48.5,1.6,0.0,0.041,0.0,0.913,MH02EE687,0.508,crnn_reader_crnn_v6
cam06_1080p_s0_t56,639,639,27.527,1774.1,328.2,1834.1,368.1,59.9,39.9,2389,1.5,SMALL,0.215,1,522.5,15436.2,60.3,49.5,1.35,0.0,0.052,0.0,0.926,CH24AS1821,0.686,crnn
cam06_1080p_s0_t60,690,690,29.724,1171.2,277.5,1225.9,291.0,54.7,13.5,737,4.06,SMALL,0.541,0,839.3,63740.7,88.0,88.6,4.44,0.0,0.308,0.042,0.831,GJ11U7583,0.591,crnn
cam06_1080p_s0_t60,691,691,29.768,1173.1,290.7,1228.4,303.9,55.3,13.2,728,4.19,SMALL,0.324,0,891.6,65773.6,88.2,88.3,3.48,0.0,0.305,0.046,0.841,GJ112739,0.512,crnn
cam06_1080p_s0_t60,692,692,29.811,1176.0,304.1,1231.4,317.5,55.5,13.4,746,4.13,SMALL,0.371,0,910.5,66115.4,87.3,85.3,3.06,0.0,0.302,0.033,0.85,GJ13HU3683,0.672,crnn
cam06_1080p_s0_t60,694,693,29.897,1179.9,332.5,1237.3,345.9,57.4,13.4,771,4.27,SMALL,0.716,0,1016.6,68866.3,90.3,87.4,3.23,0.0,0.289,0.047,0.856,GJ19C7179,0.561,crnn
cam06_1080p_s0_t60,696,694,29.983,1183.3,364.0,1242.7,378.1,59.4,14.1,838,4.2,SMALL,0.683,0,1082.3,70099.5,89.8,86.6,4.02,0.0,0.27,0.039,0.858,GJ11EJ7879,0.582,crnn
cam06_1080p_s0_t60,698,695,30.069,1187.9,395.5,1248.1,409.5,60.2,13.9,839,4.32,MEDIUM,0.553,0,1091.1,72983.8,93.8,83.8,3.76,0.0,0.246,0.039,0.871,GJ17T0741,0.714,crnn
cam06_1080p_s0_t60,700,696,30.155,1191.9,428.1,1253.0,443.2,61.1,15.2,927,4.03,MEDIUM,0.642,0,1450.3,75033.6,90.0,88.7,2.97,0.0,0.247,0.074,0.867,GJ15A0194,0.609,crnn
cam06_1080p_s0_t60,702,697,30.241,1194.5,463.6,1257.5,478.9,62.9,15.4,967,4.1,MEDIUM,0.689,0,1466.8,76365.5,90.1,87.2,3.19,0.0,0.253,0.075,0.876,KA11KA7171,0.76,awiros
cam06_1080p_s0_t60,703,698,30.284,1196.2,481.4,1259.6,496.8,63.4,15.4,973,4.13,MEDIUM,0.635,0,1461.1,76716.5,91.6,87.1,2.52,0.0,0.248,0.056,0.89,GJ11E7119,0.664,crnn_reader_crnn_v6
cam06_1080p_s0_t60,704,699,30.328,1197.2,500.2,1261.2,514.8,64.0,14.7,940,4.36,MEDIUM,0.675,0,1409.4,77043.7,95.4,87.2,2.66,0.0,0.239,0.067,0.885,GJ11X7118,0.597,crnn_reader_crnn_v6
cam06_1080p_s0_t60,705,700,30.371,1199.4,518.9,1263.3,534.9,63.9,16.0,1025,3.99,MEDIUM,0.732,0,1302.9,72516.9,93.3,86.5,2.04,0.0,0.199,0.049,0.901,GJ11EE7118,0.637,crnn_reader_crnn_v6
cam06_1080p_s0_t60,706,701,30.414,1201.3,538.1,1266.5,554.1,65.2,16.0,1045,4.07,MEDIUM,0.701,0,1308.0,72884.8,92.8,87.4,2.03,0.0,0.206,0.051,0.907,KL08K607,0.633,crnn
cam06_1080p_s0_t60,707,702,30.457,1201.8,558.2,1269.2,573.5,67.3,15.3,1030,4.4,MEDIUM,0.702,0,1334.4,75518.9,93.2,85.8,2.27,0.0,0.204,0.044,0.92,GJ11J7118,0.672,crnn_reader_crnn_v6
cam06_1080p_s0_t60,708,703,30.5,1203.6,578.0,1271.2,594.2,67.6,16.1,1091,4.19,MEDIUM,0.677,0,1189.0,71944.0,91.2,86.2,1.79,0.0,0.183,0.042,0.927,GJ11EJ7328,0.53,crnn_reader_crnn_v6
cam06_1080p_s0_t60,709,704,30.543,1206.0,599.0,1274.3,614.4,68.3,15.4,1051,4.44,MEDIUM,0.663,0,1448.2,79387.0,95.7,85.5,2.62,0.0,0.19,0.053,0.919,GJ11BJ7118,0.626,crnn_reader_crnn_v6
cam06_1080p_s0_t60,710,705,30.586,1207.4,620.4,1277.2,635.9,69.8,15.5,1082,4.51,MEDIUM,0.689,0,1633.1,82463.2,95.9,85.4,1.86,0.0,0.202,0.05,0.932,GJ11FX7179,0.61,crnn_reader_crnn_v6
cam06_1080p_s0_t60,711,706,30.629,1209.3,642.4,1279.4,658.2,70.1,15.8,1107,4.44,MEDIUM,0.705,0,1761.6,84451.1,94.9,86.6,1.41,0.0,0.203,0.061,0.932,GJ11FT7179,0.647,crnn_reader_crnn_v6
cam06_1080p_s0_t60,712,707,30.672,1211.3,665.2,1282.0,681.4,70.7,16.2,1146,4.36,MEDIUM,0.684,0,1662.8,82328.8,96.9,85.7,1.24,0.0,0.2,0.062,0.937,GJ11FJ7179,0.757,crnn+crnn_reader_crnn_v6
cam06_1080p_s0_t60,713,708,30.715,1213.0,688.7,1284.6,704.3,71.7,15.6,1120,4.59,MEDIUM,0.633,0,1702.0,80444.0,97.6,84.9,2.35,0.0,0.2,0.04,0.94,GA11VJ7179,0.615,awiros
cam06_1080p_s0_t60,714,709,30.758,1214.0,712.1,1288.4,729.1,74.3,17.0,1263,4.38,MEDIUM,0.666,0,1826.1,80062.8,93.5,85.0,1.76,0.0,0.185,0.033,0.954,KA11NJ7378,0.602,awiros
cam06_1080p_s0_t60,715,710,30.801,1216.6,737.0,1291.9,754.1,75.4,17.1,1286,4.42,MEDIUM,0.656,0,1771.5,79290.1,94.6,84.5,1.59,0.0,0.181,0.039,0.953,GJ17YJ7118,0.583,crnn_reader_crnn_v6
cam06_1080p_s0_t60,716,711,30.845,1219.7,762.6,1292.4,778.1,72.7,15.5,1130,4.68,MEDIUM,0.593,0,1922.2,83082.0,101.5,82.1,1.37,0.0,0.172,0.043,0.954,KA11CJ3571,0.607,awiros
cam06_1080p_s0_t62,717,712,30.888,1220.0,787.8,1298.1,806.1,78.1,18.3,1433,4.26,MEDIUM,0.722,0,2165.7,82041.5,93.6,82.1,0.76,0.0,0.16,0.034,0.964,GJ01TCJ7578,0.787,crnn_reader_crnn_v6
cam06_1080p_s0_t62,718,713,30.931,1223.7,815.0,1302.1,832.5,78.5,17.5,1371,4.49,MEDIUM,0.706,0,2251.7,86172.0,96.8,81.6,0.92,0.0,0.159,0.034,0.963,GJ11CJ7578,0.849,crnn_reader_crnn_v6
cam06_1080p_s0_t62,719,714,30.974,1225.9,841.8,1305.0,860.1,79.1,18.3,1448,4.32,MEDIUM,0.702,0,2101.4,84147.0,95.6,81.4,0.68,0.0,0.159,0.026,0.968,GJ11CJ7578,0.903,awiros
cam06_1080p_s0_t60,720,715,31.017,1227.6,871.0,1308.2,889.7,80.6,18.7,1506,4.31,MEDIUM,0.733,0,2112.0,82048.0,94.7,81.2,0.72,0.0,0.155,0.021,0.97,GJ11A0786,0.558,crnn
cam06_1080p_s0_t60,721,716,31.06,1230.7,901.0,1311.3,920.2,80.6,19.1,1542,4.21,MEDIUM,0.749,0,2256.8,86191.6,96.7,82.1,0.6,0.0,0.153,0.032,0.967,GJ11CJ7578,0.895,awiros
cam06_1080p_s0_t60,723,718,31.146,1233.9,963.1,1319.5,981.9,85.6,18.8,1609,4.55,MEDIUM,0.756,0,2538.2,84237.1,94.6,78.9,0.48,0.0,0.138,0.024,0.973,GJ11CJ7578,0.951,awiros
cam06_1080p_s0_t60,724,719,31.189,1237.9,994.7,1323.1,1012.6,85.2,17.9,1526,4.75,MEDIUM,0.735,0,2557.2,86548.4,97.2,78.6,0.66,0.0,0.133,0.015,0.975,GJ11CJ7578,0.984,awiros
cam06_1080p_s0_t60,725,720,31.232,1239.8,1027.9,1329.4,1048.0,89.7,20.1,1807,4.45,MEDIUM,0.417,0,3326.3,85444.8,88.9,78.8,0.04,0.0,0.121,0.005,0.985,GJ11CJ7578,0.992,awiros
cam06_1080p_s0_t60,726,721,31.275,1243.2,1063.2,1313.0,1078.4,69.8,15.2,1059,4.6,MEDIUM,0.424,0,2231.4,91835.7,119.9,80.4,1.74,3.4,0.158,0.014,0.947,GJ11CJ757,0.838,awiros
cam06_1080p_s0_t67,732,727,31.534,22.1,105.7,86.6,124.0,64.4,18.2,1175,3.53,MEDIUM,0.25,0,147.3,7974.0,29.3,49.5,3.16,3.8,0.594,0.0,0.752,,0.0,
cam06_1080p_s0_t67,733,728,31.577,32.3,98.3,94.9,114.9,62.6,16.6,1039,3.77,MEDIUM,0.433,0,134.6,7901.3,29.5,50.7,3.51,3.9,0.573,0.0,0.73,,0.0,
cam06_1080p_s0_t67,734,729,31.62,39.1,90.5,104.6,106.8,65.5,16.3,1066,4.03,MEDIUM,0.377,0,144.7,8342.7,29.3,51.0,2.52,3.7,0.573,0.0,0.759,,0.0,
cam06_1080p_s0_t67,735,730,31.663,49.6,83.1,111.5,97.7,61.9,14.6,904,4.24,MEDIUM,0.454,0,118.5,8117.7,31.8,52.9,2.78,3.9,0.531,0.0,0.715,,0.0,
cam06_1080p_s0_t68,770,765,33.171,848.4,423.5,902.0,434.6,53.6,11.1,596,4.81,SMALL,0.213,0,685.9,44140.6,90.0,71.8,2.16,0.0,0.277,0.0,0.866,GJ13F7443,0.559,crnn
cam06_1080p_s0_t68,774,767,33.343,861.6,499.7,894.9,510.8,33.3,11.1,370,2.99,VERY_SMALL,0.205,0,97.6,17835.5,77.6,74.3,3.24,0.0,0.31,0.0,0.585,MH04C1476,0.562,crnn
cam06_1080p_s0_t68,775,768,33.386,840.4,518.9,893.3,532.6,52.9,13.6,721,3.88,SMALL,0.389,0,635.6,36814.8,79.4,77.3,1.8,0.0,0.246,0.0,0.864,GJ15A0194,0.609,crnn
cam06_1080p_s0_t68,776,769,33.429,853.8,540.2,892.3,552.7,38.4,12.5,480,3.08,VERY_SMALL,0.513,0,170.6,22131.5,78.7,75.4,1.27,0.0,0.31,0.0,0.685,TS501543,0.663,crnn
cam06_1080p_s0_t68,778,771,33.515,835.8,583.3,888.8,597.0,53.0,13.7,726,3.87,SMALL,0.671,0,498.4,37388.9,88.3,73.0,1.22,0.0,0.231,0.0,0.874,GJ11A0786,0.558,crnn
cam06_1080p_s0_t68,779,772,33.558,825.0,606.3,885.7,619.5,60.7,13.2,803,4.59,MEDIUM,0.397,0,993.6,56914.9,100.8,73.5,1.56,0.0,0.209,0.001,0.912,TG418101,0.605,crnn
cam06_1080p_s0_t68,780,773,33.602,825.3,628.6,885.9,644.7,60.6,16.1,976,3.76,MEDIUM,0.503,0,853.4,50582.0,98.9,77.4,1.49,0.0,0.199,0.001,0.91,GJ11U7583,0.591,crnn
cam06_1080p_s0_t68,781,774,33.645,822.5,651.6,883.3,666.2,60.8,14.6,887,4.17,MEDIUM,0.44,0,871.3,51834.4,103.4,72.9,1.49,0.0,0.181,0.0,0.912,GJ13HU3683,0.672,crnn
cam06_1080p_s0_t68,782,775,33.688,837.1,676.7,881.7,690.8,44.6,14.2,631,3.15,SMALL,0.244,0,400.5,37890.9,98.3,74.8,1.56,0.0,0.215,0.0,0.835,GJ185563,0.544,crnn
cam06_1080p_s0_t68,783,776,33.731,817.9,702.7,880.7,718.1,62.9,15.3,964,4.1,MEDIUM,0.335,0,1220.7,55945.6,101.7,77.9,2.8,0.0,0.187,0.0,0.912,GJ37EA1841,0.579,crnn
cam06_1080p_s0_t68,784,777,33.774,807.1,727.9,878.5,743.7,71.3,15.8,1125,4.52,MEDIUM,0.649,0,1669.1,64860.5,99.1,74.9,2.53,0.0,0.185,0.0,0.956,GJ08U7643,0.504,crnn_reader_crnn_v6
cam06_1080p_s0_t68,786,779,33.86,807.8,782.5,875.2,798.5,67.3,16.0,1078,4.2,MEDIUM,0.592,0,1029.9,53094.5,103.9,74.1,1.4,0.0,0.162,0.0,0.949,GJ31HU7693,0.541,crnn
cam06_1080p_s0_t68,787,780,33.903,807.4,811.0,873.9,832.2,66.5,21.1,1406,3.15,MEDIUM,0.652,0,880.9,51085.3,96.9,78.2,1.12,0.0,0.151,0.005,0.943,MH03MH3581,0.723,crnn
cam06_1080p_s0_t68,788,781,33.946,827.5,841.6,871.7,856.5,44.2,14.9,660,2.96,SMALL,0.351,0,197.0,27153.3,96.9,73.6,0.0,1.4,0.197,0.0,0.754,,0.0,
cam06_1080p_s0_t68,789,782,33.989,818.8,872.5,871.7,887.4,53.0,14.9,790,3.55,SMALL,0.523,0,357.5,35231.4,98.0,72.7,0.94,2.1,0.165,0.0,0.88,JK18S0641,0.574,crnn_reader_crnn_v6
cam06_1080p_s0_t68,790,783,34.032,801.5,903.7,869.5,920.5,68.0,16.8,1140,4.06,MEDIUM,0.595,0,826.5,49847.3,102.1,75.6,1.05,0.0,0.138,0.0,0.954,TS31TTS3581,0.712,crnn
cam06_1080p_s0_t68,791,784,34.075,819.3,936.8,867.7,951.8,48.4,15.0,725,3.22,SMALL,0.342,0,254.2,30471.1,96.8,71.9,0.76,1.6,0.159,0.0,0.822,TN103581,0.655,crnn
cam06_1080p_s0_t68,792,785,34.118,810.8,971.0,865.2,987.4,54.4,16.4,892,3.32,SMALL,0.536,0,399.2,34903.0,95.6,73.7,1.05,1.5,0.141,0.0,0.886,DL1RS0543,0.617,crnn_reader_crnn_v6
cam06_1080p_s0_t68,793,786,34.162,799.6,1006.8,863.6,1023.7,64.0,16.9,1084,3.78,MEDIUM,0.312,0,905.3,47092.2,95.3,76.0,0.8,1.5,0.148,0.001,0.937,GJ01AU7581,0.699,crnn
cam06_1080p_s0_t72,819,812,35.282,1306.8,142.6,1386.1,207.9,79.3,65.3,5182,1.21,MEDIUM,0.238,1,1831.8,64318.3,96.8,66.3,0.44,0.0,0.105,0.011,0.981,TS11F1157,0.515,crnn
cam06_1080p_s0_t70,848,841,36.531,948.4,804.4,1018.7,851.4,70.3,47.0,3306,1.49,MEDIUM,0.506,1,697.9,34945.5,100.6,71.3,0.0,0.0,0.056,0.017,0.976,,0.0,
cam06_1080p_s0_t70,849,842,36.574,946.2,829.8,1017.5,879.4,71.4,49.6,3540,1.44,MEDIUM,0.217,1,757.9,36365.3,102.2,70.8,0.0,0.0,0.051,0.015,0.985,GJ11U7583,0.591,crnn
cam06_1080p_s0_t70,850,843,36.617,945.2,867.1,1011.0,906.0,65.8,38.9,2561,1.69,MEDIUM,0.204,1,946.2,39351.4,108.2,72.3,0.12,0.7,0.05,0.033,0.945,,0.0,
cam06_1080p_s0_t70,854,847,36.789,889.6,1031.3,985.2,1080.0,95.6,48.7,4657,1.96,MEDIUM,0.211,1,1749.0,36648.4,74.8,55.2,0.88,0.0,0.049,0.003,0.987,KL08K607,0.633,crnn
cam06_1080p_s0_t75,855,848,36.832,1116.0,556.1,1197.8,661.7,81.8,105.6,8633,0.77,MEDIUM,0.222,1,329.9,11438.7,65.5,49.6,0.38,0.0,0.067,0.0,0.99,,0.0,
cam06_1080p_s0_t75,863,856,37.177,1158.3,633.1,1223.3,651.6,65.0,18.5,1202,3.51,MEDIUM,0.313,0,983.0,48507.0,73.8,77.4,1.59,0.0,0.197,0.003,0.931,GJ01JN3089,0.586,crnn
cam06_1080p_s0_t75,867,860,37.349,1170.8,737.1,1241.2,755.0,70.5,18.0,1266,3.92,MEDIUM,0.214,0,1102.0,53204.5,77.1,78.1,1.47,0.0,0.172,0.002,0.958,GJ363033,0.611,crnn
cam06_1080p_s0_t75,868,861,37.392,1180.7,765.6,1246.4,781.4,65.7,15.8,1038,4.15,MEDIUM,0.519,0,1375.8,62850.2,84.8,77.4,0.79,0.0,0.196,0.002,0.942,,0.0,
cam06_1080p_s0_t75,869,862,37.436,1178.2,792.6,1250.3,813.1,72.1,20.5,1475,3.52,MEDIUM,0.712,0,1346.0,52924.3,75.2,73.0,0.59,0.0,0.15,0.001,0.976,GJ01ZDT1972,0.726,crnn
cam06_1080p_s0_t75,870,863,37.479,1181.5,822.8,1254.5,843.0,73.0,20.2,1473,3.61,MEDIUM,0.693,0,1317.8,52638.0,74.9,74.1,0.68,0.0,0.14,0.003,0.979,GJ11CB1191,0.562,crnn_reader_crnn_v6
cam06_1080p_s0_t75,871,864,37.522,1184.7,853.9,1258.5,874.0,73.8,20.1,1481,3.68,MEDIUM,0.753,0,1358.9,54395.1,76.8,74.9,0.55,0.0,0.133,0.003,0.981,RJ14UA191,0.758,awiros
cam06_1080p_s0_t75,873,866,37.608,1191.0,919.0,1269.4,939.7,78.4,20.7,1626,3.78,MEDIUM,0.749,0,1652.2,56278.2,76.5,75.1,0.74,0.0,0.132,0.0,0.98,RJ14UX17,0.661,awiros
cam06_1080p_s0_t75,874,867,37.651,1195.4,952.9,1276.7,974.2,81.4,21.3,1735,3.81,MEDIUM,0.749,0,1915.8,57018.0,74.8,73.2,0.2,0.0,0.122,0.002,0.985,RJ14HA8166,0.81,awiros
cam06_1080p_s0_t75,875,868,37.694,1198.5,989.8,1280.0,1008.3,81.5,18.5,1504,4.41,MEDIUM,0.706,0,2917.8,71543.3,79.4,76.1,1.28,0.0,0.15,0.0,0.974,RJ14UA4164,0.9,awiros
cam06_1080p_s0_t75,876,869,37.737,1202.3,1025.0,1287.1,1047.3,84.8,22.3,1887,3.81,MEDIUM,0.576,0,2308.3,58395.0,72.3,72.9,0.23,0.0,0.127,0.0,0.985,RJ14UA4164,0.894,awiros
cam06_1080p_s0_t75,877,870,37.78,1204.5,1063.2,1290.7,1080.0,86.2,16.8,1445,5.14,MEDIUM,0.302,0,3777.5,72264.8,84.9,69.0,2.7,0.0,0.12,0.0,0.966,RJ14BA1116,0.697,awiros
cam06_1080p_s0_t75,878,871,37.823,1209.1,1035.7,1284.1,1079.6,75.0,43.9,3296,1.71,MEDIUM,0.213,1,1033.7,35800.4,97.3,71.1,0.16,3.2,0.048,0.019,0.981,MH04C1476,0.562,crnn
cam06_1080p_s0_t84,909,901,39.159,1182.3,371.7,1241.2,387.7,58.8,16.0,940,3.68,SMALL,0.248,0,902.3,59755.2,101.4,81.6,3.95,0.0,0.123,0.032,0.877,KL87U4941,0.587,crnn
cam06_1080p_s0_t84,910,902,39.202,1100.0,452.4,1210.6,546.8,110.6,94.4,10440,1.17,MEDIUM,0.33,1,335.9,8054.5,96.5,40.4,0.0,0.0,0.008,0.0,0.984,AP047760,0.552,crnn
cam06_1080p_s0_t84,911,903,39.245,1185.2,400.0,1240.9,412.1,55.7,12.1,674,4.61,SMALL,0.356,0,1037.1,71702.9,111.7,81.8,5.45,4.9,0.149,0.037,0.836,NL07J1796,0.594,crnn
cam06_1080p_s0_t84,914,906,39.374,1179.9,440.6,1242.4,453.6,62.5,13.1,816,4.79,MEDIUM,0.231,0,1147.8,71974.0,110.7,79.2,5.29,0.0,0.117,0.04,0.878,,0.0,
cam06_1080p_s0_t84,917,909,39.503,1181.9,485.3,1243.5,498.6,61.6,13.3,820,4.62,MEDIUM,0.327,0,1046.1,69576.7,113.2,78.8,5.32,4.8,0.107,0.03,0.871,GJ05JV9901,0.536,crnn_reader_crnn_v6
cam06_1080p_s0_t84,918,910,39.546,1184.0,501.0,1244.1,514.2,60.0,13.2,794,4.54,MEDIUM,0.257,0,1260.9,75849.5,113.6,80.8,5.15,4.7,0.129,0.043,0.861,GJ31TV0033,0.568,crnn_reader_crnn_v6
cam06_1080p_s0_t84,921,913,39.676,1179.8,548.6,1244.7,563.1,64.9,14.5,941,4.48,MEDIUM,0.37,0,1208.5,70633.3,110.0,77.1,4.37,0.0,0.111,0.039,0.902,GJ31EN0081,0.591,crnn_reader_crnn_v6
cam06_1080p_s0_t84,922,914,39.719,1178.7,564.3,1245.1,581.7,66.4,17.4,1157,3.81,MEDIUM,0.354,0,1171.6,63356.7,104.1,79.8,3.86,0.0,0.098,0.02,0.923,GJ13DT9081,0.532,crnn
cam06_1080p_s0_t84,923,915,39.762,1178.5,582.6,1245.4,597.2,66.9,14.6,978,4.57,MEDIUM,0.341,0,1347.4,73053.3,110.3,77.7,4.03,0.0,0.109,0.036,0.914,CH33H0833,0.611,crnn
cam06_1080p_s0_t84,924,916,39.805,1178.6,597.5,1246.4,616.8,67.9,19.4,1314,3.51,MEDIUM,0.272,0,1180.6,61083.8,102.8,77.2,2.93,0.0,0.095,0.017,0.936,GJ01ER0483,0.569,crnn_reader_crnn_v6
cam06_1080p_s0_t84,926,918,39.891,1181.5,636.6,1248.3,651.3,66.8,14.7,982,4.54,MEDIUM,0.304,0,1342.3,75834.7,111.0,78.3,3.92,0.0,0.128,0.032,0.915,GJ31W3083,0.741,crnn_reader_crnn_v6
cam06_1080p_s0_t84,929,921,40.02,1177.2,694.9,1249.0,710.1,71.9,15.3,1099,4.7,MEDIUM,0.445,0,1551.3,80606.8,113.6,76.3,4.16,4.5,0.115,0.027,0.932,PY079178,0.579,crnn
cam06_1080p_s0_t84,930,922,40.063,1197.7,715.1,1249.1,729.7,51.5,14.6,749,3.53,SMALL,0.234,0,515.8,49281.6,115.9,75.3,2.76,4.3,0.118,0.024,0.848,JH12N0084,0.594,crnn_reader_crnn_v6
cam06_1080p_s0_t84,932,924,40.15,1184.8,757.6,1251.1,773.2,66.3,15.5,1028,4.28,MEDIUM,0.221,0,1296.9,72134.9,114.8,76.2,3.84,0.0,0.103,0.045,0.913,,0.0,
cam06_1080p_s0_t84,933,925,40.193,1197.6,780.8,1252.0,795.0,54.3,14.2,774,3.82,SMALL,0.212,0,663.1,57464.2,118.5,76.2,3.96,4.8,0.109,0.041,0.843,AP91D6008,0.595,crnn_reader_crnn_v6
cam06_1080p_s0_t84,934,926,40.236,1206.8,802.7,1253.7,817.1,46.9,14.4,676,3.25,SMALL,0.302,0,371.6,44386.3,115.1,76.7,2.64,5.3,0.114,0.038,0.82,GJ363033,0.611,crnn
cam06_1080p_s0_t84,935,927,40.279,1173.9,732.5,1237.0,766.8,63.2,34.3,2166,1.84,MEDIUM,0.34,1,698.6,43967.1,121.6,72.9,0.18,1.4,0.05,0.03,0.933,,0.0,
cam06_1080p_s0_t84,936,928,40.322,1179.0,849.5,1256.0,869.3,77.0,19.8,1526,3.89,MEDIUM,0.262,0,1557.3,69438.4,106.5,75.9,2.76,0.0,0.078,0.021,0.961,GJ01JN3089,0.586,crnn
cam06_1080p_s0_t84,938,930,40.408,1186.4,901.6,1256.3,917.5,69.9,16.0,1116,4.38,MEDIUM,0.422,0,1316.9,74012.8,117.7,75.5,3.46,0.0,0.102,0.023,0.94,GA01DN5080,0.717,awiros
cam06_1080p_s0_t84,939,931,40.451,1176.2,925.3,1259.5,948.5,83.2,23.2,1930,3.59,MEDIUM,0.313,0,1523.0,61878.9,102.3,74.2,1.37,0.0,0.067,0.011,0.977,GJ30TDB6080,0.61,crnn_reader_crnn_v6
cam06_1080p_s0_t84,942,934,40.58,1175.1,1008.1,1260.9,1028.7,85.8,20.6,1766,4.17,MEDIUM,0.595,0,2361.4,75746.9,104.5,74.5,2.12,0.0,0.077,0.008,0.971,MH14TH0717,0.603,crnn_reader_crnn_v6
cam06_1080p_s0_t84,943,935,40.623,1187.0,1037.4,1263.1,1058.0,76.0,20.6,1566,3.69,MEDIUM,0.469,0,1513.2,63608.1,103.2,76.0,1.72,6.4,0.078,0.003,0.966,GJ03DBC080,0.845,awiros
cam06_1080p_s0_t84,944,936,40.666,1176.9,959.9,1246.2,1006.5,69.3,46.7,3235,1.48,MEDIUM,0.271,1,689.1,35984.8,108.2,70.9,0.72,4.0,0.035,0.021,0.96,,0.0,
cam06_1080p_s0_t90,950,942,40.925,937.8,258.9,988.5,272.1,50.7,13.2,671,3.84,SMALL,0.246,0,779.8,55444.4,96.8,89.7,3.91,0.0,0.331,0.013,0.825,,0.0,
cam06_1080p_s0_t90,951,943,40.968,937.0,271.3,990.8,284.7,53.9,13.4,722,4.02,SMALL,0.34,0,764.5,54450.5,88.8,90.2,2.74,0.0,0.323,0.016,0.85,GJ14B2777,0.51,crnn
cam06_1080p_s0_t90,952,944,41.011,936.1,283.5,987.0,297.0,50.9,13.4,684,3.79,SMALL,0.24,0,635.5,53144.1,99.1,89.8,3.22,0.0,0.316,0.026,0.827,,0.0,
cam06_1080p_s0_t94,953,945,41.054,1264.8,243.7,1302.2,253.7,37.3,10.1,376,3.71,VERY_SMALL,0.347,0,264.7,39800.6,116.6,85.4,7.38,2.6,0.297,0.083,0.673,MH15Y7748,0.534,crnn_reader_crnn_v6
cam06_1080p_s0_t90,953,945,41.054,934.7,296.6,990.1,310.6,55.4,14.0,778,3.95,SMALL,0.272,0,746.8,54451.7,92.9,89.1,2.78,0.0,0.305,0.023,0.853,,0.0,
cam06_1080p_s0_t90,954,946,41.097,933.6,309.4,989.6,323.3,56.0,13.9,779,4.03,SMALL,0.615,0,1037.0,60506.3,92.4,89.1,3.0,0.0,0.305,0.031,0.855,GJ14D191,0.531,crnn
cam06_1080p_s0_t90,955,947,41.14,932.7,323.2,989.2,337.1,56.5,13.9,787,4.06,SMALL,0.475,0,820.0,56948.0,93.3,90.8,3.17,0.0,0.324,0.038,0.849,GJ03B0183,0.53,crnn_reader_crnn_v6
cam06_1080p_s0_t90,956,948,41.183,931.2,336.7,988.1,351.0,56.9,14.3,815,3.98,SMALL,0.311,0,708.0,55308.0,96.6,89.1,2.78,0.0,0.303,0.039,0.854,,0.0,
cam06_1080p_s0_t90,957,949,41.227,930.1,350.9,987.8,365.1,57.7,14.2,820,4.06,SMALL,0.694,0,694.3,55048.5,95.9,88.5,2.83,0.0,0.304,0.039,0.857,,0.0,
cam06_1080p_s0_t90,958,950,41.27,928.2,365.9,987.2,380.2,59.0,14.3,842,4.13,SMALL,0.666,0,885.9,59934.3,94.4,87.2,2.63,0.0,0.28,0.038,0.87,GJ17CB2211,0.58,crnn
cam06_1080p_s0_t90,959,951,41.313,927.0,380.1,986.3,394.7,59.3,14.6,864,4.08,SMALL,0.66,0,888.4,55158.2,87.5,85.5,1.55,0.0,0.287,0.015,0.891,GJ22D2293,0.531,crnn
cam06_1080p_s0_t90,960,952,41.356,927.5,395.1,985.8,410.1,58.2,15.0,875,3.87,SMALL,0.734,0,787.2,52092.1,89.4,85.9,1.43,0.0,0.287,0.002,0.889,,0.0,
cam06_1080p_s0_t90,961,953,41.399,925.4,410.8,985.1,426.0,59.7,15.2,906,3.93,SMALL,0.748,0,831.1,53847.0,93.3,87.2,1.75,0.0,0.276,0.02,0.888,GJ21R1793,0.514,crnn_reader_crnn_v6
cam06_1080p_s0_t90,962,954,41.442,924.1,426.6,985.2,441.8,61.0,15.2,926,4.03,MEDIUM,0.722,0,729.8,51950.9,92.2,86.4,1.8,0.0,0.285,0.021,0.894,GJ34C1113,0.608,crnn
cam06_1080p_s0_t90,963,955,41.485,922.1,442.6,984.7,458.3,62.6,15.7,985,3.98,MEDIUM,0.648,0,837.5,53859.6,90.4,84.1,1.28,0.0,0.267,0.021,0.908,GJ21C6119,0.611,crnn
cam06_1080p_s0_t90,964,956,41.528,920.4,459.0,983.5,474.9,63.1,15.9,1001,3.98,MEDIUM,0.684,0,924.6,55363.3,93.2,84.9,1.58,0.0,0.261,0.03,0.907,GJ01EV111,0.504,crnn_reader_crnn_v6
cam06_1080p_s0_t90,965,957,41.571,919.4,476.7,983.3,492.3,64.0,15.6,1000,4.09,MEDIUM,0.7,0,933.8,57008.6,91.8,86.0,1.15,0.0,0.274,0.028,0.913,UA21EM119,0.588,crnn
cam06_1080p_s0_t90,966,958,41.614,918.2,493.9,983.0,509.8,64.8,15.9,1033,4.07,MEDIUM,0.498,0,964.2,59035.2,93.0,85.0,1.72,0.0,0.272,0.022,0.911,TR01E2111,0.601,crnn
cam06_1080p_s0_t94,967,959,41.657,1261.3,395.5,1319.1,410.0,57.8,14.4,834,4.01,SMALL,0.629,0,676.7,55551.0,98.4,87.4,2.58,0.8,0.215,0.028,0.875,MH10CM1102,0.645,crnn
cam06_1080p_s0_t90,967,959,41.657,917.1,511.8,982.8,527.5,65.7,15.7,1033,4.18,MEDIUM,0.447,0,1054.9,59701.1,91.6,84.9,2.89,0.0,0.274,0.012,0.909,,0.0,
cam06_1080p_s0_t90,968,960,41.7,914.9,530.8,981.7,546.8,66.8,16.0,1068,4.18,MEDIUM,0.666,0,1208.3,60168.3,88.9,82.9,1.93,0.0,0.258,0.005,0.929,GJ233379,0.55,crnn
cam06_1080p_s0_t94,968,960,41.7,1262.0,409.2,1319.3,421.3,57.3,12.2,697,4.71,SMALL,0.264,0,765.2,61465.3,104.7,85.8,2.7,1.4,0.252,0.03,0.865,MH01M7111,0.566,crnn_reader_crnn_v6
cam06_1080p_s0_t90,969,961,41.743,914.4,549.4,981.3,565.5,66.9,16.1,1079,4.15,MEDIUM,0.647,0,1150.7,55008.0,84.0,82.3,2.06,0.0,0.278,0.005,0.926,GJ22T3119,0.533,crnn_reader_crnn_v6
cam06_1080p_s0_t94,969,961,41.743,1260.7,420.2,1319.4,434.6,58.7,14.4,843,4.08,SMALL,0.615,0,702.4,56340.0,99.2,88.3,3.0,1.5,0.217,0.041,0.869,PY12UK1183,0.643,crnn
cam06_1080p_s0_t90,970,962,41.787,911.9,568.6,980.6,585.1,68.7,16.5,1134,4.17,MEDIUM,0.711,0,1023.6,51763.8,80.9,81.6,1.35,0.0,0.252,0.003,0.943,GJ233719,0.563,crnn
cam06_1080p_s0_t94,970,962,41.787,1260.6,433.5,1320.2,447.6,59.6,14.2,844,4.21,SMALL,0.633,0,691.6,56742.4,99.0,88.1,3.35,1.5,0.204,0.039,0.872,PY01UK1183,0.691,crnn
cam06_1080p_s0_t90,971,963,41.83,910.8,588.2,980.3,605.0,69.5,16.8,1166,4.14,MEDIUM,0.729,0,1233.7,58731.9,92.4,82.5,1.58,0.0,0.239,0.02,0.94,GJ223119,0.614,crnn_reader_crnn_v6
cam06_1080p_s0_t94,971,963,41.83,1259.9,445.7,1319.9,460.3,60.0,14.6,879,4.1,SMALL,0.586,0,604.8,53900.7,97.9,88.7,2.27,2.2,0.21,0.05,0.879,PY11UW1113,0.684,crnn
cam06_1080p_s0_t90,972,964,41.873,910.7,608.7,980.0,626.1,69.3,17.3,1202,3.99,MEDIUM,0.712,0,1223.7,59040.2,93.9,83.1,1.49,0.0,0.216,0.026,0.94,GJ22L8119,0.526,crnn
cam06_1080p_s0_t94,972,964,41.873,1259.8,459.6,1320.3,473.9,60.5,14.3,862,4.24,MEDIUM,0.552,0,758.2,59422.1,99.7,88.0,2.88,1.4,0.201,0.06,0.872,PY12CW1110,0.682,crnn
cam06_1080p_s0_t90,973,965,41.916,907.8,629.6,979.5,647.9,71.7,18.4,1316,3.91,MEDIUM,0.662,0,1170.3,57527.2,91.5,81.9,1.02,0.0,0.196,0.028,0.957,GJ22Z0319,0.515,crnn
cam06_1080p_s0_t94,973,965,41.916,1259.7,473.5,1320.4,488.0,60.7,14.5,879,4.2,MEDIUM,0.562,0,715.2,57320.4,100.2,87.9,2.93,0.9,0.194,0.035,0.883,PB12UM1978,0.537,crnn_reader_crnn_v6
cam06_1080p_s0_t90,974,966,41.959,906.6,650.5,979.5,668.6,73.0,18.0,1317,4.04,MEDIUM,0.675,0,1182.0,58605.4,94.1,82.5,0.82,0.0,0.192,0.027,0.963,GJ22Z3399,0.559,crnn
cam06_1080p_s0_t94,974,966,41.959,1259.9,487.6,1319.7,499.5,59.8,11.9,714,5.01,SMALL,0.519,0,815.9,66384.6,110.9,86.5,2.17,2.2,0.232,0.07,0.866,MH01M1978,0.593,crnn_reader_crnn_v6
cam06_1080p_s0_t90,975,967,42.002,904.9,673.2,977.7,691.6,72.8,18.4,1342,3.95,MEDIUM,0.721,0,2031.9,72194.3,97.3,83.6,1.46,0.0,0.166,0.028,0.96,DL2BD2794,0.871,crnn
cam06_1080p_s0_t94,975,967,42.002,1260.3,501.3,1322.6,515.0,62.3,13.7,851,4.56,MEDIUM,0.5,0,1600.0,75996.2,100.1,86.2,3.42,2.4,0.23,0.051,0.878,MH31HTA1710,0.597,crnn
cam06_1080p_s0_t90,976,968,42.045,903.8,696.2,978.3,714.8,74.5,18.6,1385,4.01,MEDIUM,0.71,0,1962.3,71096.3,96.2,81.8,1.74,0.0,0.157,0.027,0.959,GJ28ED2154,0.668,crnn_reader_crnn_v6
cam06_1080p_s0_t94,976,968,42.045,1260.9,516.7,1321.4,528.6,60.6,11.9,721,5.09,MEDIUM,0.444,0,1199.5,73785.0,111.2,86.6,2.73,2.5,0.233,0.066,0.866,GJ11TA4170,0.53,crnn
cam06_1080p_s0_t90,977,969,42.088,902.7,720.9,978.7,738.9,76.0,18.1,1376,4.2,MEDIUM,0.707,0,1859.0,70026.2,98.4,81.1,1.06,1.0,0.144,0.029,0.963,DL10G2154,0.539,crnn_reader_crnn_v6
cam06_1080p_s0_t94,977,969,42.088,1261.6,531.3,1316.7,542.9,55.1,11.6,639,4.75,SMALL,0.424,0,1014.7,70860.6,123.3,79.5,3.9,2.5,0.243,0.059,0.835,GJ17FZ9411,0.71,crnn
cam06_1080p_s0_t90,978,970,42.131,900.4,744.7,977.3,763.6,76.9,18.8,1449,4.08,MEDIUM,0.728,0,1681.2,66769.3,96.9,80.9,1.32,0.0,0.147,0.015,0.968,DL01D2194,0.679,crnn
cam06_1080p_s0_t94,978,970,42.131,1261.2,546.4,1324.7,558.3,63.5,11.9,756,5.33,MEDIUM,0.501,0,1516.7,79207.0,108.7,83.2,3.03,2.3,0.225,0.04,0.89,GJ19LCU6015,0.587,crnn_reader_crnn_v6
cam06_1080p_s0_t90,979,971,42.174,898.6,769.0,976.8,789.1,78.1,20.1,1571,3.89,MEDIUM,0.644,0,1496.3,62607.3,94.2,80.0,1.17,0.0,0.126,0.015,0.972,GJ20CB2184,0.577,crnn_reader_crnn_v6
cam06_1080p_s0_t94,979,971,42.174,1261.4,561.1,1325.3,573.3,63.9,12.2,778,5.25,MEDIUM,0.414,0,1553.8,81754.2,107.7,83.4,2.72,2.2,0.226,0.035,0.895,GJ12CN6149,0.606,crnn_reader_crnn_v6
cam06_1080p_s0_t90,980,972,42.217,896.3,795.2,975.4,815.8,79.1,20.5,1626,3.85,MEDIUM,0.705,0,1597.2,64536.9,96.1,80.8,1.42,0.0,0.122,0.015,0.97,TG20EB2184,0.57,crnn_reader_crnn_v6
cam06_1080p_s0_t94,980,972,42.217,1263.5,576.0,1328.1,590.1,64.6,14.1,913,4.57,MEDIUM,0.644,0,1169.9,67892.7,99.5,81.0,3.48,2.4,0.196,0.043,0.892,GJ21CN4813,0.595,crnn
cam06_1080p_s0_t90,981,973,42.26,893.0,822.3,975.2,841.8,82.2,19.5,1604,4.21,MEDIUM,0.687,0,1799.8,66310.8,96.4,80.1,1.68,0.0,0.112,0.016,0.968,,0.0,
cam06_1080p_s0_t94,981,973,42.26,1263.3,591.2,1329.6,606.4,66.3,15.2,1010,4.36,MEDIUM,0.437,0,1185.2,64961.3,95.7,80.7,3.67,2.3,0.178,0.013,0.912,GJ19TN4713,0.527,crnn_reader_crnn_v6
cam06_1080p_s0_t90,982,974,42.303,891.2,849.6,973.3,871.1,82.1,21.5,1761,3.83,MEDIUM,0.654,0,1647.1,64056.9,96.0,79.1,1.57,0.0,0.118,0.015,0.969,DL7BJ2754,0.601,crnn
cam06_1080p_s0_t94,982,974,42.303,1264.2,607.9,1331.2,622.4,67.0,14.5,970,4.63,MEDIUM,0.358,0,1114.1,69514.3,100.8,80.5,3.03,2.1,0.183,0.037,0.911,MH37TX4913,0.6,crnn
cam06_1080p_s0_t90,983,975,42.347,889.0,878.9,972.3,898.6,83.3,19.8,1645,4.21,MEDIUM,0.688,0,1901.6,66937.2,97.7,77.9,1.51,0.0,0.114,0.014,0.971,MH18B2164,0.522,crnn_reader_crnn_v6
cam06_1080p_s0_t94,983,975,42.347,1264.2,624.7,1332.4,639.9,68.2,15.3,1041,4.47,MEDIUM,0.304,0,1115.3,68956.2,100.7,82.5,2.9,2.2,0.175,0.064,0.906,MH13TN4713,0.537,crnn_reader_crnn_v6
cam06_1080p_s0_t94,984,976,42.39,1265.9,640.9,1335.2,655.6,69.3,14.7,1019,4.71,MEDIUM,0.53,0,1082.4,70587.2,103.7,81.5,2.21,2.2,0.165,0.047,0.927,TN31TN4913,0.777,crnn
cam06_1080p_s0_t90,984,976,42.39,887.9,909.2,970.3,928.5,82.4,19.3,1586,4.28,MEDIUM,0.487,0,2390.9,70908.6,101.1,77.9,2.34,0.0,0.112,0.017,0.963,KA12BJ7134,0.605,crnn
cam06_1080p_s0_t90,985,977,42.433,885.0,940.3,969.0,959.7,83.9,19.4,1629,4.32,MEDIUM,0.556,0,2477.0,72616.5,100.9,76.5,2.05,0.0,0.102,0.013,0.967,KA12DD7151,0.609,crnn
cam06_1080p_s0_t94,985,977,42.433,1298.9,660.1,1335.8,672.8,37.0,12.7,470,2.9,VERY_SMALL,0.346,0,179.8,30939.7,114.7,82.5,3.91,3.3,0.226,0.045,0.652,,0.0,
cam06_1080p_s0_t90,986,978,42.476,881.6,972.8,967.2,990.6,85.6,17.8,1523,4.81,MEDIUM,0.579,0,2571.9,74976.7,103.8,76.3,2.05,0.0,0.096,0.009,0.97,DL14TT9807,0.518,crnn_reader_crnn_v6
cam06_1080p_s0_t94,986,978,42.476,1269.9,676.6,1337.5,692.2,67.6,15.6,1053,4.34,MEDIUM,0.351,0,1031.0,66561.6,103.0,84.2,3.34,1.6,0.167,0.044,0.912,MH11TN4713,0.523,crnn_reader_crnn_v6
cam06_1080p_s0_t94,987,979,42.519,1271.1,694.8,1335.1,708.5,64.0,13.7,876,4.67,MEDIUM,0.308,0,1087.7,74750.5,117.2,81.5,2.44,1.3,0.193,0.035,0.902,MH11TN4312,0.513,crnn_reader_crnn_v6
cam06_1080p_s0_t94,988,980,42.562,1303.8,714.2,1341.8,726.5,38.0,12.3,469,3.08,VERY_SMALL,0.334,0,159.1,31000.6,124.3,75.7,4.91,2.2,0.23,0.033,0.636,TN12A974,0.567,crnn_reader_crnn_v6
cam06_1080p_s0_t94,989,981,42.605,1273.2,730.6,1344.3,746.9,71.1,16.3,1161,4.35,MEDIUM,0.367,0,970.9,64419.3,102.4,82.7,2.6,1.5,0.156,0.024,0.943,GJ23H1546,0.999,awiros
cam06_1080p_s0_t94,990,982,42.648,1275.7,749.5,1346.9,766.1,71.2,16.6,1185,4.28,MEDIUM,0.255,0,1081.6,67724.3,103.6,85.1,2.61,0.8,0.142,0.047,0.936,MH11TN2313,0.585,crnn_reader_crnn_v6
cam06_1080p_s0_t94,991,983,42.691,1278.6,768.5,1350.2,785.1,71.6,16.6,1188,4.32,MEDIUM,0.378,0,1044.6,68121.4,103.8,85.3,2.58,1.8,0.137,0.053,0.933,MH11N0313,0.545,crnn_reader_crnn_v6
cam06_1080p_s0_t94,992,984,42.734,1313.0,790.1,1352.4,802.4,39.4,12.3,483,3.21,VERY_SMALL,0.249,0,224.0,35709.1,129.6,75.8,5.5,1.5,0.204,0.061,0.686,TS04TC8631,0.566,crnn
cam06_1080p_s0_t94,993,985,42.777,1281.3,809.5,1356.2,825.8,74.8,16.4,1225,4.57,MEDIUM,0.408,0,1411.7,74144.8,105.2,83.2,2.02,0.0,0.129,0.036,0.956,MH11TN2317,0.566,crnn_reader_crnn_v6
cam06_1080p_s0_t94,994,986,42.82,1285.7,829.2,1359.0,845.8,73.4,16.6,1218,4.42,MEDIUM,0.411,0,1320.8,72957.1,106.5,84.1,2.35,0.7,0.135,0.033,0.953,MH14TH0717,0.603,crnn_reader_crnn_v6
cam06_1080p_s0_t94,995,987,42.864,1286.5,851.3,1363.1,868.5,76.6,17.2,1319,4.45,MEDIUM,0.592,0,1325.4,71941.0,104.7,83.7,2.09,0.0,0.129,0.03,0.958,TN14Q4419,0.661,crnn
cam06_1080p_s0_t94,996,988,42.907,1290.3,872.2,1366.3,890.4,75.9,18.2,1382,4.17,MEDIUM,0.545,0,1138.4,67242.9,103.2,83.3,2.45,0.0,0.117,0.035,0.954,MH14TB4712,0.601,crnn_reader_crnn_v6
cam06_1080p_s0_t94,997,989,42.95,1292.8,894.1,1369.7,911.7,76.9,17.7,1359,4.35,MEDIUM,0.548,0,1281.3,67767.1,101.1,82.0,2.04,0.0,0.132,0.023,0.961,AS01FB2712,0.844,crnn
cam06_1080p_s0_t94,998,990,42.993,1328.4,917.4,1372.3,931.7,43.9,14.3,627,3.07,SMALL,0.393,0,192.7,30632.1,112.8,79.5,3.92,0.0,0.189,0.017,0.714,,0.0,
cam06_1080p_s0_t94,999,991,43.036,1296.2,940.6,1376.1,957.9,80.0,17.3,1381,4.63,MEDIUM,0.582,0,1230.5,67087.6,102.9,79.0,1.47,0.0,0.122,0.021,0.967,KL11UT9171,0.545,crnn_reader_crnn_v6
cam06_1080p_s0_t94,1000,992,43.079,1299.1,965.1,1379.6,982.8,80.5,17.7,1427,4.54,MEDIUM,0.664,0,2556.9,78974.0,100.8,78.6,1.57,3.9,0.126,0.024,0.958,GJ11TC9171,0.743,crnn_reader_crnn_v6
cam06_1080p_s0_t94,1001,993,43.122,1300.1,988.3,1384.0,1006.6,83.9,18.3,1537,4.58,MEDIUM,0.657,0,2337.4,77346.1,99.0,78.3,1.62,0.0,0.097,0.022,0.968,KA33ADB3,0.531,awiros
cam06_1080p_s0_t99,1001,993,43.122,555.4,554.8,620.1,569.4,64.8,14.6,946,4.43,MEDIUM,0.412,0,1486.1,74117.8,95.4,83.3,1.48,0.0,0.302,0.005,0.917,,0.0,
cam06_1080p_s0_t94,1002,994,43.165,1304.0,1012.8,1388.1,1031.3,84.0,18.4,1549,4.56,MEDIUM,0.725,0,2178.6,77299.6,100.1,78.1,1.55,3.9,0.117,0.011,0.964,GJ11TCD2717,0.704,crnn_reader_crnn_v6
cam06_1080p_s0_t94,1003,995,43.208,1306.7,1038.1,1391.5,1056.7,84.8,18.6,1575,4.56,MEDIUM,0.734,0,2099.6,76522.9,98.2,77.1,0.63,0.0,0.124,0.013,0.977,MH11TCM0713,0.726,crnn
cam06_1080p_s0_t94,1004,996,43.251,1306.8,1061.9,1398.5,1079.7,91.7,17.8,1633,5.15,MEDIUM,0.537,0,3023.5,68708.7,105.3,72.0,1.06,0.0,0.078,0.01,0.98,TN18Z4410,0.559,crnn
cam06_1080p_s0_t111,1007,999,43.38,1432.0,191.4,1476.4,202.4,44.4,10.9,485,4.06,SMALL,0.232,0,378.1,52983.6,121.5,84.3,6.37,4.8,0.191,0.108,0.742,,0.0,
cam06_1080p_s0_t111,1008,1000,43.424,1430.6,196.4,1471.5,207.6,40.9,11.2,459,3.65,SMALL,0.216,0,339.6,49757.0,125.4,84.1,5.8,5.0,0.195,0.103,0.733,,0.0,
cam06_1080p_s0_t111,1009,1001,43.467,1429.7,202.3,1476.2,212.8,46.5,10.5,488,4.43,SMALL,0.257,0,471.0,56606.0,114.9,80.9,5.42,4.8,0.207,0.041,0.783,,0.0,
cam06_1080p_s0_t111,1012,1004,43.596,1426.9,218.8,1477.2,231.4,50.3,12.6,635,3.99,SMALL,0.25,0,557.8,53264.2,97.8,79.8,4.73,4.6,0.216,0.046,0.809,,0.0,
cam06_1080p_s0_t111,1013,1005,43.639,1426.4,224.8,1477.1,237.4,50.7,12.6,637,4.03,SMALL,0.259,0,603.6,55152.4,97.9,80.2,4.17,4.5,0.216,0.048,0.813,,0.0,
cam06_1080p_s0_t111,1014,1006,43.682,1426.7,231.1,1476.8,242.5,50.1,11.4,572,4.39,SMALL,0.413,0,693.8,61577.2,99.0,79.4,4.55,4.5,0.238,0.037,0.808,GJ13DT9081,0.532,crnn
cam06_1080p_s0_t99,1015,1007,43.725,420.0,859.6,497.0,876.2,77.0,16.6,1279,4.64,MEDIUM,0.427,0,2293.5,91327.3,104.5,77.2,0.94,0.0,0.214,0.007,0.968,,0.0,
cam06_1080p_s0_t111,1015,1007,43.725,1426.8,237.2,1477.0,248.9,50.2,11.8,590,4.27,SMALL,0.25,0,631.4,59250.7,99.5,79.3,4.61,4.8,0.228,0.038,0.812,,0.0,
cam06_1080p_s0_t111,1016,1008,43.768,1426.9,243.4,1476.8,254.9,49.9,11.5,572,4.35,SMALL,0.364,0,675.6,61436.8,102.4,77.4,5.23,0.0,0.227,0.05,0.806,,0.0,
cam06_1080p_s0_t99,1017,1009,43.811,422.2,912.8,479.4,929.7,57.2,16.9,970,3.38,SMALL,0.378,0,1049.7,66260.8,104.1,81.9,0.68,0.0,0.253,0.004,0.894,ML18XK178,0.755,crnn
cam06_1080p_s0_t111,1017,1009,43.811,1426.9,249.9,1477.6,261.1,50.7,11.2,568,4.52,SMALL,0.328,0,644.7,60528.9,105.0,77.2,4.58,4.8,0.223,0.032,0.815,,0.0,
cam06_1080p_s0_t99,1018,1010,43.854,388.0,939.9,470.5,957.9,82.5,18.0,1483,4.59,MEDIUM,0.354,0,3569.9,101519.2,101.6,79.7,0.65,0.0,0.212,0.006,0.971,,0.0,
cam06_1080p_s0_t99,1019,1011,43.897,377.4,968.8,462.1,986.7,84.7,17.9,1517,4.73,MEDIUM,0.48,0,3271.7,106274.2,100.9,77.3,1.18,0.0,0.2,0.008,0.967,DL06TBA6178,0.56,crnn
cam06_1080p_s0_t99,1020,1012,43.94,367.4,998.7,452.8,1016.4,85.3,17.7,1513,4.81,MEDIUM,0.358,0,3605.5,103175.9,102.0,80.3,1.12,0.0,0.2,0.007,0.968,DL06TBA6179,0.586,crnn
cam06_1080p_s0_t111,1021,1013,43.984,1428.9,275.8,1481.7,289.8,52.7,14.0,737,3.77,SMALL,0.434,0,642.3,61761.3,104.8,86.6,3.16,3.4,0.205,0.085,0.817,,0.0,
cam06_1080p_s0_t111,1022,1014,44.027,1428.7,283.7,1482.9,296.9,54.2,13.2,714,4.11,SMALL,0.305,0,572.9,61495.8,104.4,86.4,2.95,2.6,0.193,0.075,0.833,GJ23H1546,0.999,awiros
cam06_1080p_s0_t111,1024,1016,44.113,1429.8,298.3,1484.8,311.0,55.1,12.7,699,4.34,SMALL,0.353,0,537.1,61315.0,106.9,84.6,2.27,2.9,0.203,0.081,0.839,,0.0,
cam06_1080p_s0_t111,1025,1017,44.156,1430.4,306.3,1484.5,318.8,54.1,12.5,674,4.35,SMALL,0.224,0,1196.6,82091.5,113.2,87.8,2.66,1.9,0.209,0.091,0.829,,0.0,
cam06_1080p_s0_t111,1026,1018,44.199,1431.2,313.6,1485.7,325.5,54.5,11.9,650,4.57,SMALL,0.414,0,1034.5,76182.3,112.0,85.9,2.23,2.1,0.206,0.11,0.829,KA14UC9907,0.74,crnn
cam06_1080p_s0_t111,1027,1019,44.242,1431.8,321.6,1486.8,333.6,55.0,12.0,658,4.59,SMALL,0.403,0,942.0,74687.1,112.5,85.2,2.55,1.5,0.203,0.104,0.83,KA14TC9901,0.695,crnn_reader_crnn_v6
cam06_1080p_s0_t111,1028,1020,44.285,1433.0,329.4,1488.7,342.1,55.7,12.7,705,4.39,SMALL,0.532,0,824.9,69968.5,109.4,84.0,2.03,2.2,0.185,0.08,0.848,KA41C9034,0.665,awiros
cam06_1080p_s0_t111,1029,1021,44.328,1434.4,337.6,1490.1,350.1,55.7,12.4,693,4.48,SMALL,0.432,0,871.6,71044.9,107.6,84.2,1.65,0.9,0.198,0.075,0.854,KL18YC9907,0.564,crnn_reader_crnn_v6
cam06_1080p_s0_t111,1030,1022,44.371,1434.9,345.8,1490.8,358.2,55.9,12.4,694,4.5,SMALL,0.489,0,794.6,69507.2,112.1,82.9,2.55,1.5,0.176,0.088,0.843,DL13TC9991,0.516,crnn_reader_crnn_v6
cam06_1080p_s0_t111,1031,1023,44.414,1435.9,353.7,1492.2,366.9,56.3,13.1,738,4.29,SMALL,0.335,0,679.2,65834.2,110.7,84.7,2.16,1.7,0.166,0.076,0.851,KL18TC9101,0.519,crnn_reader_crnn_v6
cam06_1080p_s0_t111,1032,1024,44.457,1437.5,363.5,1494.6,376.5,57.1,13.0,745,4.38,SMALL,0.581,0,699.8,68163.9,110.2,83.8,1.72,1.5,0.165,0.079,0.862,GJ23H1546,0.999,awiros
cam06_1080p_s0_t111,1033,1025,44.501,1439.1,371.6,1497.2,385.7,58.1,14.1,819,4.13,SMALL,0.341,0,918.2,71775.8,105.9,87.2,2.02,2.0,0.187,0.065,0.866,TN14YC8101,0.657,crnn
cam06_1080p_s0_t111,1034,1026,44.544,1441.0,380.3,1499.2,393.4,58.3,13.1,762,4.45,SMALL,0.443,0,1020.6,75318.6,106.9,85.7,1.9,1.5,0.201,0.074,0.866,TN410101,0.587,crnn
cam06_1080p_s0_t111,1035,1027,44.587,1442.8,389.2,1500.6,402.4,57.8,13.3,766,4.36,SMALL,0.403,0,798.7,68556.4,108.4,85.8,2.2,1.5,0.174,0.081,0.86,TG418101,0.605,crnn
cam06_1080p_s0_t111,1036,1028,44.63,1444.2,396.2,1502.3,411.6,58.1,15.4,897,3.77,SMALL,0.253,0,708.3,65579.8,106.4,85.2,2.03,1.5,0.164,0.081,0.863,TS410501,0.51,crnn
cam06_1080p_s0_t111,1037,1029,44.673,1446.7,405.7,1506.0,417.5,59.3,11.8,699,5.02,SMALL,0.349,0,1086.4,78402.9,110.6,86.5,2.33,0.9,0.187,0.053,0.877,GJ03B0183,0.53,crnn_reader_crnn_v6
cam06_1080p_s0_t111,1038,1030,44.716,1448.7,413.6,1508.7,427.8,59.9,14.2,851,4.22,SMALL,0.289,0,908.3,72738.3,106.0,84.5,2.49,1.5,0.185,0.064,0.871,,0.0,
cam06_1080p_s0_t111,1041,1033,44.845,1456.1,440.9,1513.6,454.2,57.5,13.2,760,4.35,SMALL,0.246,0,768.1,69746.0,111.4,85.1,2.79,1.3,0.19,0.046,0.864,KL315391,0.601,crnn
cam06_1080p_s0_t111,1046,1038,45.061,1472.0,489.9,1536.3,502.9,64.3,13.0,836,4.94,MEDIUM,0.267,0,1169.8,75592.9,102.3,83.0,2.72,1.4,0.181,0.048,0.899,KA11SK019,0.608,awiros
cam06_1080p_s0_t111,1047,1039,45.104,1476.5,499.5,1539.8,514.6,63.3,15.1,954,4.2,MEDIUM,0.232,0,1055.2,71340.3,101.7,82.1,2.96,0.0,0.193,0.053,0.893,GJ14C8651,0.573,crnn_reader_crnn_v6
cam06_1080p_s0_t111,1048,1040,45.147,1481.4,511.5,1544.2,523.3,62.8,11.9,746,5.29,MEDIUM,0.215,0,1198.0,74967.0,107.8,85.5,2.39,0.0,0.211,0.044,0.895,GJ14ZLB0076,0.64,crnn_reader_crnn_v6
cam06_1080p_s0_t111,1049,1041,45.19,1485.1,520.3,1548.7,535.8,63.6,15.5,986,4.11,MEDIUM,0.322,0,1190.3,72359.6,100.7,82.2,2.93,0.0,0.209,0.04,0.896,DL14TT9807,0.518,crnn_reader_crnn_v6
cam06_1080p_s0_t111,1050,1042,45.233,1488.8,531.8,1553.6,546.2,64.8,14.4,935,4.5,MEDIUM,0.253,0,1236.0,70670.4,103.7,82.0,2.26,0.0,0.166,0.05,0.906,TS54FL9000,0.606,crnn
cam06_1080p_s0_t111,1052,1044,45.319,1495.4,554.7,1561.6,568.7,66.3,14.0,925,4.75,MEDIUM,0.266,0,1351.1,69873.4,101.1,80.5,3.11,1.5,0.179,0.038,0.908,KL10TT9653,0.568,crnn_reader_crnn_v6
cam06_1080p_s0_t111,1053,1045,45.362,1499.1,565.8,1565.0,579.2,65.9,13.4,882,4.93,MEDIUM,0.43,0,1238.2,69208.6,105.0,81.1,2.43,5.0,0.196,0.028,0.906,MH14TT1651,0.537,crnn_reader_crnn_v6
cam06_1080p_s0_t111,1054,1046,45.405,1504.0,577.2,1569.6,590.5,65.5,13.3,874,4.91,MEDIUM,0.445,0,1191.9,69538.6,103.2,81.6,2.79,1.6,0.219,0.045,0.9,WB19TC4801,0.529,crnn_reader_crnn_v6
cam06_1080p_s0_t111,1055,1047,45.448,1507.0,589.1,1574.9,602.8,67.9,13.7,929,4.96,MEDIUM,0.307,0,1334.8,71354.2,99.3,80.0,2.87,2.4,0.208,0.039,0.916,,0.0,
cam06_1080p_s0_t111,1059,1051,45.621,1521.7,638.1,1589.1,652.6,67.3,14.5,978,4.63,MEDIUM,0.359,0,1294.4,70690.7,101.2,79.2,1.42,2.9,0.182,0.031,0.93,TN14Q4419,0.661,crnn
cam06_1080p_s0_t111,1060,1052,45.664,1524.4,652.3,1593.2,666.7,68.8,14.4,991,4.78,MEDIUM,0.371,0,1494.8,74578.1,101.4,78.9,2.24,3.1,0.175,0.019,0.932,TS04TC8631,0.566,crnn
cam06_1080p_s0_t111,1064,1056,45.836,1539.7,703.7,1611.4,720.8,71.7,17.2,1232,4.18,MEDIUM,0.316,0,1790.7,77320.9,95.8,78.9,0.99,2.9,0.168,0.024,0.957,TG18TCW9914,0.528,crnn
cam06_1080p_s0_t111,1066,1058,45.922,1547.0,732.2,1620.5,747.8,73.5,15.6,1148,4.7,MEDIUM,0.235,0,1856.0,75719.5,97.4,78.0,1.41,1.7,0.182,0.02,0.959,CG11TGV8514,0.569,crnn
cam06_1080p_s0_t111,1067,1059,45.965,1551.7,746.3,1625.1,762.5,73.4,16.2,1190,4.53,MEDIUM,0.279,0,1946.0,75295.7,96.6,77.8,1.45,1.1,0.158,0.02,0.962,GJ19LCU6015,0.587,crnn_reader_crnn_v6
cam06_1080p_s0_t111,1068,1060,46.008,1554.4,761.4,1627.2,776.5,72.8,15.1,1097,4.83,MEDIUM,0.275,0,1474.4,71673.4,97.7,77.9,2.14,1.4,0.171,0.018,0.955,GJ11TC0691,0.539,crnn_reader_crnn_v6
cam06_1080p_s0_t111,1074,1066,46.267,1585.7,857.3,1663.6,875.2,77.8,17.9,1397,4.34,MEDIUM,0.31,0,2235.8,78327.8,93.1,77.6,0.52,2.4,0.151,0.01,0.972,MH14C0671,0.671,crnn_reader_crnn_v6
cam06_1080p_s0_t111,1076,1068,46.353,1601.9,892.6,1677.2,910.4,75.3,17.8,1342,4.23,MEDIUM,0.328,0,2719.5,77650.2,93.1,78.7,1.26,0.0,0.155,0.002,0.973,GJ34CB6034,0.767,awiros
cam06_1080p_s0_t111,1077,1069,46.396,1605.5,911.3,1684.4,928.2,78.9,17.0,1341,4.65,MEDIUM,0.347,0,2083.9,75032.9,90.1,77.3,0.88,0.0,0.154,0.004,0.976,GJ23H1546,0.999,awiros
cam06_1080p_s0_t111,1078,1070,46.439,1612.6,929.5,1693.8,947.3,81.2,17.8,1443,4.57,MEDIUM,0.636,0,2883.1,78451.5,89.7,75.4,1.03,0.0,0.143,0.002,0.976,GJ11CS6034,0.701,crnn_reader_crnn_v6
cam06_1080p_s0_t111,1080,1072,46.525,1629.8,968.1,1712.1,984.2,82.2,16.1,1328,5.09,MEDIUM,0.518,0,2551.1,77403.8,92.8,77.9,0.86,0.0,0.122,0.001,0.98,GJ14TCS9018,0.748,crnn_reader_crnn_v6
cam06_1080p_s0_t111,1082,1074,46.611,1647.6,1007.7,1731.4,1025.1,83.8,17.4,1459,4.82,MEDIUM,0.628,0,2781.7,73936.7,87.5,75.9,0.93,0.0,0.148,0.0,0.977,DL128178,0.561,crnn
cam06_1080p_s0_t111,1083,1075,46.654,1657.8,1029.8,1741.1,1046.8,83.3,17.0,1415,4.91,MEDIUM,0.5,0,2602.1,73955.4,87.6,74.9,0.87,0.0,0.142,0.001,0.978,WB14TC9601,0.719,crnn_reader_crnn_v6
cam06_1080p_s0_t111,1084,1076,46.698,1667.6,1051.8,1750.7,1067.7,83.0,15.9,1319,5.23,MEDIUM,0.624,0,2487.1,72353.7,90.0,78.8,1.18,0.0,0.14,0.0,0.976,GJ14TC9901,0.691,crnn_reader_crnn_v6
cam06_1080p_s0_t130,1183,1175,50.962,935.3,189.1,970.2,198.2,34.9,9.1,319,3.82,VERY_SMALL,0.478,0,306.1,47890.7,120.4,81.4,3.3,3.4,0.204,0.033,0.752,GJ339439,0.625,crnn
cam06_1080p_s0_t130,1184,1176,51.005,931.4,202.1,966.4,211.2,35.0,9.0,316,3.87,VERY_SMALL,0.374,0,298.9,47347.3,119.8,81.1,2.96,0.0,0.228,0.023,0.762,,0.0,
cam06_1080p_s0_t130,1185,1177,51.049,926.7,214.2,961.6,222.4,34.9,8.2,288,4.23,VERY_SMALL,0.208,0,237.0,43921.4,126.1,74.6,6.7,0.0,0.217,0.052,0.668,GJ319634,0.597,crnn
cam06_1080p_s0_t130,1186,1178,51.092,920.1,227.2,956.7,236.6,36.6,9.4,342,3.9,VERY_SMALL,0.518,0,363.3,52138.4,119.6,81.2,2.52,0.0,0.222,0.025,0.778,GJ23H1546,0.999,awiros
cam06_1080p_s0_t130,1188,1180,51.178,909.9,253.3,947.0,262.9,37.2,9.7,359,3.85,VERY_SMALL,0.621,0,328.5,47946.3,112.1,79.3,3.2,0.0,0.2,0.014,0.778,,0.0,
cam06_1080p_s0_t130,1192,1184,51.35,886.3,310.7,926.3,321.1,39.9,10.4,416,3.83,VERY_SMALL,0.541,0,495.7,57202.8,117.0,80.6,3.66,0.0,0.204,0.047,0.777,GJ238499,0.598,crnn
cam06_1080p_s0_t130,1193,1185,51.393,881.3,325.1,921.2,335.6,39.9,10.5,420,3.78,VERY_SMALL,0.424,0,466.2,55065.0,116.3,80.6,2.61,0.0,0.222,0.023,0.789,,0.0,
cam06_1080p_s0_t130,1194,1186,51.436,874.7,341.5,916.2,351.6,41.5,10.0,417,4.13,SMALL,0.404,0,414.4,50321.8,113.4,77.2,3.16,0.0,0.219,0.032,0.793,,0.0,
cam06_1080p_s0_t130,1196,1188,51.522,861.9,372.6,904.3,384.0,42.3,11.4,482,3.72,SMALL,0.531,0,472.6,54811.6,118.5,79.8,2.51,0.0,0.154,0.031,0.809,,0.0,
cam06_1080p_s0_t130,1197,1189,51.565,855.3,388.8,897.2,399.0,41.9,10.2,425,4.12,SMALL,0.373,0,433.1,50938.8,121.4,76.7,3.52,0.0,0.163,0.042,0.791,,0.0,
cam06_1080p_s0_t130,1198,1190,51.609,848.9,405.4,891.0,417.3,42.0,11.9,499,3.54,SMALL,0.595,0,544.3,55402.0,114.9,80.6,2.48,0.0,0.155,0.035,0.808,,0.0,
cam06_1080p_s0_t130,1199,1191,51.652,842.4,422.4,884.7,433.9,42.2,11.6,489,3.65,SMALL,0.52,0,425.9,48496.5,104.7,79.2,1.8,0.0,0.197,0.011,0.815,GJ03B0183,0.53,crnn_reader_crnn_v6
cam06_1080p_s0_t130,1200,1192,51.695,834.5,440.2,878.4,451.8,43.9,11.6,509,3.79,SMALL,0.501,0,693.8,60229.6,116.2,77.9,2.71,0.0,0.196,0.023,0.81,GJ034499,0.526,crnn
cam06_1080p_s0_t130,1201,1193,51.738,826.4,458.0,871.4,470.4,44.9,12.3,554,3.64,SMALL,0.547,0,612.6,56292.7,117.1,80.8,1.49,0.0,0.155,0.042,0.821,,0.0,
cam06_1080p_s0_t130,1202,1194,51.781,819.7,476.9,864.9,488.6,45.1,11.7,530,3.85,SMALL,0.642,0,601.2,56199.8,119.3,76.3,1.47,0.0,0.113,0.028,0.835,GJ16Z4419,0.519,crnn
cam06_1080p_s0_t130,1203,1195,51.824,811.4,496.1,858.1,508.1,46.7,12.0,562,3.87,SMALL,0.67,0,563.1,50786.0,105.7,77.1,1.79,5.7,0.142,0.013,0.833,,0.0,
cam06_1080p_s0_t130,1204,1196,51.867,804.2,516.0,850.5,528.3,46.3,12.3,570,3.75,SMALL,0.705,0,524.3,50851.1,107.2,76.5,1.53,0.0,0.133,0.012,0.846,,0.0,
cam06_1080p_s0_t130,1205,1197,51.91,794.9,536.3,842.8,549.5,47.9,13.2,632,3.63,SMALL,0.591,0,515.3,50780.0,105.1,77.0,1.98,0.0,0.134,0.005,0.849,TN18Z4410,0.559,crnn
cam06_1080p_s0_t130,1206,1198,51.953,787.2,557.7,835.3,570.6,48.1,12.9,620,3.74,SMALL,0.548,0,529.7,49092.4,99.8,73.4,1.56,0.0,0.13,0.003,0.858,TN14Q4419,0.661,crnn
cam06_1080p_s0_t130,1207,1199,51.996,778.6,578.8,827.9,592.1,49.3,13.3,656,3.71,SMALL,0.531,0,684.9,55322.7,100.8,75.5,1.93,0.0,0.119,0.003,0.859,SK783441,0.699,crnn
cam06_1080p_s0_t130,1208,1200,52.039,771.0,601.3,821.2,615.1,50.2,13.8,694,3.63,SMALL,0.57,0,652.8,54905.8,106.2,74.3,1.84,5.2,0.11,0.013,0.856,,0.0,
cam06_1080p_s0_t130,1209,1201,52.082,762.6,623.5,811.3,638.1,48.8,14.5,709,3.35,SMALL,0.724,0,657.0,56867.5,116.3,76.7,1.51,0.0,0.12,0.037,0.849,TR13D4416,0.545,crnn
cam06_1080p_s0_t130,1210,1202,52.125,752.2,647.1,803.1,660.8,50.8,13.8,701,3.69,SMALL,0.642,0,668.4,59271.3,117.7,76.7,2.6,0.0,0.12,0.029,0.851,TN134235,0.528,crnn
cam06_1080p_s0_t130,1211,1203,52.169,744.2,670.5,794.3,684.7,50.2,14.1,709,3.55,SMALL,0.719,0,679.3,59468.7,119.4,75.5,1.21,0.0,0.108,0.034,0.858,KL23BF792,0.502,crnn_reader_crnn_v6
cam06_1080p_s0_t130,1212,1204,52.212,732.8,695.4,784.3,709.4,51.5,14.0,719,3.68,SMALL,0.674,0,768.1,64054.9,122.6,75.6,2.45,0.0,0.106,0.051,0.849,GJ18J4456,0.635,crnn_reader_crnn_v6
cam06_1080p_s0_t130,1213,1205,52.255,722.7,720.5,776.1,735.2,53.5,14.8,788,3.62,SMALL,0.682,0,854.2,66700.0,120.5,74.9,1.91,0.0,0.11,0.041,0.865,TN557114,0.505,crnn_reader_crnn_v6
cam06_1080p_s0_t130,1214,1206,52.298,712.3,747.2,766.4,761.9,54.1,14.7,793,3.69,SMALL,0.678,0,1043.0,71539.7,120.0,75.8,2.67,0.0,0.118,0.041,0.861,KA404496,0.626,awiros
cam06_1080p_s0_t130,1215,1207,52.341,703.0,773.5,757.6,788.1,54.7,14.6,799,3.74,SMALL,0.666,0,1093.3,70290.5,117.9,74.3,2.19,0.0,0.104,0.031,0.874,GJ23H1546,0.937,awiros
cam06_1080p_s0_t130,1216,1208,52.384,692.1,801.6,746.9,816.4,54.9,14.8,814,3.7,SMALL,0.667,0,1053.0,68545.0,117.2,75.5,2.58,0.0,0.099,0.027,0.873,DL16D4430,0.561,crnn_reader_crnn_v6
cam06_1080p_s0_t130,1217,1209,52.427,680.5,830.0,736.7,844.7,56.2,14.7,828,3.82,SMALL,0.674,0,957.9,64298.6,117.3,74.1,1.1,0.0,0.103,0.021,0.895,KA33ADB3,0.531,awiros
cam06_1080p_s0_t130,1218,1210,52.47,669.2,859.3,726.6,875.1,57.4,15.9,911,3.62,SMALL,0.724,0,1175.0,68413.2,114.7,75.3,0.95,0.0,0.117,0.019,0.9,DL1RD1430,0.575,crnn_reader_crnn_v6
cam06_1080p_s0_t130,1219,1211,52.513,658.9,889.8,715.1,905.3,56.3,15.5,872,3.63,SMALL,0.698,0,999.4,67054.2,115.9,74.1,1.47,0.0,0.102,0.01,0.893,TS18J4439,0.662,crnn
cam06_1080p_s0_t130,1220,1212,52.556,646.4,921.4,703.7,938.2,57.3,16.8,964,3.41,SMALL,0.749,0,1233.2,69367.0,114.6,74.6,1.62,0.0,0.103,0.008,0.9,TR03BP4626,0.565,crnn
cam06_1080p_s0_t130,1221,1213,52.599,632.7,954.8,691.7,971.0,59.1,16.3,960,3.63,SMALL,0.765,0,1210.4,71197.4,114.1,73.5,1.72,0.0,0.098,0.012,0.906,DL1BQ4438,0.638,crnn_reader_crnn_v6
cam06_1080p_s0_t130,1222,1214,52.642,621.2,988.5,679.2,1004.9,58.0,16.4,949,3.54,SMALL,0.752,0,1058.5,64117.1,111.4,75.3,1.74,0.0,0.093,0.006,0.905,TS18Z4433,0.671,crnn
cam06_1080p_s0_t130,1223,1215,52.686,606.7,1023.6,666.9,1039.8,60.2,16.2,976,3.71,MEDIUM,0.79,0,1304.6,75303.1,111.1,74.1,1.36,0.0,0.097,0.006,0.919,DL7BQ4438,0.659,crnn_reader_crnn_v6
cam06_1080p_s0_t130,1224,1216,52.729,592.6,1060.5,655.1,1075.6,62.6,15.0,941,4.16,MEDIUM,0.729,0,1585.0,81943.5,109.9,74.7,0.94,0.0,0.108,0.002,0.93,TN18D6433,0.697,crnn_reader_crnn_v6
cam06_1080p_s0_t132,1251,1243,53.892,736.3,97.7,808.5,117.8,72.2,20.1,1451,3.6,MEDIUM,0.504,0,2759.7,95998.7,92.6,81.8,0.21,0.9,0.346,0.014,0.956,TN12A974,0.567,crnn_reader_crnn_v6
cam06_1080p_s0_t132,1252,1244,53.935,733.8,106.7,806.5,126.0,72.7,19.2,1399,3.78,MEDIUM,0.609,0,2781.2,97717.6,90.9,80.6,0.07,0.5,0.374,0.011,0.957,GJ23H1546,0.992,awiros
cam06_1080p_s0_t132,1253,1245,53.978,731.7,114.1,806.1,134.5,74.4,20.4,1520,3.64,MEDIUM,0.657,0,2700.9,93443.3,88.8,82.0,0.0,1.0,0.363,0.023,0.953,GJ03FA481,0.89,awiros
cam06_1080p_s0_t132,1254,1246,54.021,729.7,122.2,803.6,143.5,73.9,21.3,1572,3.47,MEDIUM,0.692,0,2808.3,100033.8,98.1,82.2,0.55,0.5,0.322,0.02,0.954,GJ23H1546,0.997,awiros
cam06_1080p_s0_t132,1255,1247,54.064,726.8,131.2,803.0,151.6,76.2,20.4,1553,3.73,MEDIUM,0.76,0,3077.5,101887.8,97.0,81.5,0.0,0.0,0.323,0.018,0.961,GJ23H1546,0.992,awiros
cam06_1080p_s0_t132,1256,1248,54.107,724.6,140.3,800.4,159.8,75.8,19.6,1482,3.88,MEDIUM,0.772,0,2939.8,105392.0,100.9,80.8,0.13,0.0,0.343,0.018,0.958,GJ23H1546,0.996,awiros
cam06_1080p_s0_t132,1257,1249,54.15,721.2,149.6,797.2,170.2,76.1,20.6,1566,3.69,MEDIUM,0.781,0,3003.1,102702.0,88.4,82.4,0.08,1.2,0.357,0.008,0.959,GJ23H1546,0.993,awiros
cam06_1080p_s0_t132,1258,1250,54.193,719.0,157.6,796.7,178.3,77.7,20.7,1606,3.76,MEDIUM,0.734,0,3525.9,106024.3,82.2,81.0,0.0,0.0,0.358,0.0,0.964,GJ23H1546,0.996,awiros
cam06_1080p_s0_t132,1259,1251,54.236,715.9,167.8,795.4,188.4,79.5,20.6,1635,3.87,MEDIUM,0.778,0,3502.1,103248.8,87.6,81.3,0.0,0.0,0.343,0.01,0.962,GJ23H1546,0.991,awiros
cam06_1080p_s0_t132,1260,1252,54.279,714.5,176.6,793.6,197.8,79.1,21.1,1671,3.75,MEDIUM,0.764,0,3700.9,110072.2,95.7,81.7,0.22,0.0,0.313,0.022,0.958,GJ23H1546,0.998,awiros
cam06_1080p_s0_t132,1261,1253,54.323,712.9,186.6,792.0,207.4,79.2,20.9,1651,3.79,MEDIUM,0.773,0,3916.8,118887.0,102.1,81.2,0.0,0.8,0.331,0.023,0.956,GJ23H1546,0.998,awiros
cam06_1080p_s0_t132,1262,1254,54.366,710.9,196.5,789.5,217.5,78.6,21.0,1654,3.74,MEDIUM,0.771,0,3664.1,116889.9,104.1,79.6,0.05,0.5,0.343,0.018,0.957,GJ23H1546,0.997,awiros
cam06_1080p_s0_t132,1263,1255,54.409,708.6,206.7,787.8,227.9,79.2,21.2,1678,3.74,MEDIUM,0.771,0,3366.0,112600.1,102.8,80.5,0.55,0.7,0.312,0.041,0.947,,0.0,
cam06_1080p_s0_t132,1264,1256,54.452,704.4,216.4,786.4,238.4,82.0,22.0,1808,3.72,MEDIUM,0.79,0,3784.7,120963.3,103.6,80.9,0.35,0.8,0.303,0.027,0.955,DL11S7144,0.501,crnn_reader_crnn_v6
cam06_1080p_s0_t132,1265,1257,54.495,700.5,228.0,784.9,250.3,84.4,22.3,1880,3.79,MEDIUM,0.75,0,4012.9,116353.6,101.2,81.0,0.28,1.0,0.311,0.026,0.955,GJ23H1546,1.0,awiros
cam06_1080p_s0_t132,1266,1258,54.538,698.3,237.6,782.4,260.1,84.1,22.5,1890,3.74,MEDIUM,0.777,0,3851.3,116106.8,101.9,80.6,0.67,1.5,0.312,0.025,0.951,GJ23H1546,0.999,awiros
cam06_1080p_s0_t132,1267,1259,54.581,695.6,249.1,780.5,271.9,84.9,22.8,1933,3.73,MEDIUM,0.782,0,4077.4,121961.7,102.2,81.4,0.9,1.5,0.309,0.022,0.95,GJ23H1546,0.999,awiros
cam06_1080p_s0_t132,1268,1260,54.624,691.7,260.4,778.6,283.5,86.9,23.1,2010,3.76,MEDIUM,0.753,0,4320.3,119899.9,98.4,82.7,0.3,0.8,0.328,0.032,0.95,GJ23H1546,1.0,awiros
cam06_1080p_s0_t132,1269,1261,54.667,689.4,272.5,776.0,295.2,86.6,22.7,1964,3.82,MEDIUM,0.778,0,4118.3,119703.7,100.6,80.4,0.5,1.1,0.294,0.021,0.956,GJ23H1546,0.998,awiros
cam06_1080p_s0_t132,1270,1262,54.71,686.7,284.2,774.4,307.5,87.8,23.3,2041,3.78,MEDIUM,0.792,0,4045.8,116342.8,99.6,80.9,0.71,1.1,0.318,0.017,0.954,GJ23H1546,0.999,awiros
cam06_1080p_s0_t132,1271,1263,54.753,684.0,296.7,771.5,319.9,87.5,23.2,2031,3.77,MEDIUM,0.764,0,4204.0,119515.3,101.9,79.8,0.65,1.6,0.275,0.025,0.954,GJ23H1546,0.999,awiros
cam06_1080p_s0_t132,1272,1264,54.796,680.0,309.6,767.2,333.1,87.2,23.4,2044,3.72,MEDIUM,0.757,0,4077.2,121753.1,102.7,80.4,0.9,1.8,0.269,0.026,0.952,GJ23H1546,0.998,awiros
cam06_1080p_s0_t132,1273,1265,54.839,675.6,322.9,765.7,346.2,90.2,23.4,2107,3.86,MEDIUM,0.764,0,4558.9,127113.0,102.2,81.6,0.76,1.5,0.272,0.025,0.954,GJ23H1546,0.998,awiros
cam06_1080p_s0_t132,1275,1267,54.926,670.2,349.5,762.2,373.7,92.1,24.2,2232,3.8,MEDIUM,0.774,0,6125.8,134604.6,101.9,82.0,0.99,1.6,0.292,0.016,0.954,GJ23H1546,0.979,awiros
cam06_1080p_s0_t132,1276,1268,54.969,666.0,362.8,757.5,387.2,91.4,24.3,2224,3.76,MEDIUM,0.776,0,4992.9,126618.1,102.0,81.6,0.93,1.8,0.289,0.018,0.953,GJ23H1546,1.0,awiros
cam06_1080p_s0_t132,1277,1269,55.012,661.0,377.7,755.0,402.3,94.0,24.5,2307,3.83,MEDIUM,0.775,0,5358.6,130275.4,101.3,81.6,1.04,2.2,0.302,0.02,0.95,GJ23H1546,0.999,awiros
cam06_1080p_s0_t132,1278,1270,55.055,656.8,391.4,752.1,416.6,95.3,25.2,2399,3.78,MEDIUM,0.762,0,5422.2,132565.3,102.1,81.6,1.01,2.1,0.282,0.02,0.952,GJ23H1546,0.999,awiros
cam06_1080p_s0_t132,1279,1271,55.098,653.8,406.3,750.0,432.1,96.2,25.9,2490,3.72,MEDIUM,0.764,0,5588.6,129055.1,95.5,81.2,0.73,0.0,0.274,0.009,0.963,GJ23H1546,0.999,awiros
cam06_1080p_s0_t132,1280,1272,55.141,650.1,421.2,747.4,446.6,97.3,25.4,2470,3.83,MEDIUM,0.767,0,5255.4,123675.6,86.7,79.2,1.17,0.0,0.303,0.0,0.96,GJ23H1546,0.997,awiros
cam06_1080p_s0_t132,1281,1273,55.184,644.5,437.3,745.0,463.1,100.6,25.7,2588,3.91,MEDIUM,0.759,0,5294.4,120268.3,86.1,81.4,0.79,0.0,0.265,0.005,0.965,GJ23H1546,0.999,awiros
cam06_1080p_s0_t132,1282,1274,55.227,641.7,453.7,742.1,479.2,100.4,25.4,2554,3.94,MEDIUM,0.766,0,5719.5,131918.9,95.5,80.5,1.03,0.0,0.237,0.016,0.961,GJ23H1546,0.999,awiros
cam06_1080p_s0_t132,1283,1275,55.27,637.5,468.9,737.8,495.8,100.3,26.8,2692,3.74,MEDIUM,0.77,0,5518.4,130408.8,100.1,81.7,1.31,2.4,0.22,0.019,0.956,GJ23H1546,0.995,awiros
cam06_1080p_s0_t133,1283,1275,55.27,1249.0,683.7,1359.6,768.0,110.6,84.3,9317,1.31,MEDIUM,0.216,1,558.5,12023.8,97.8,33.8,0.0,0.0,0.007,0.001,0.962,,0.0,
cam06_1080p_s0_t132,1284,1276,55.313,632.1,485.3,735.5,512.9,103.3,27.6,2847,3.75,MEDIUM,0.762,0,7081.8,135487.9,98.8,80.4,1.11,2.3,0.213,0.016,0.959,GJ23H1546,0.937,awiros
cam06_1080p_s0_t132,1285,1277,55.356,629.1,502.6,731.7,530.2,102.6,27.5,2824,3.72,MEDIUM,0.788,0,6505.8,131559.0,98.1,79.9,1.28,1.5,0.216,0.016,0.959,GJ23H1546,0.998,awiros
cam06_1080p_s0_t132,1286,1278,55.399,625.1,520.0,728.5,547.8,103.5,27.8,2875,3.72,MEDIUM,0.791,0,6740.3,136864.1,100.6,81.1,1.18,2.1,0.217,0.018,0.958,GJ23H1546,0.999,awiros
cam06_1080p_s0_t132,1287,1279,55.443,619.6,536.9,724.5,566.1,104.9,29.2,3058,3.6,MEDIUM,0.777,0,3515.1,102258.4,98.5,78.4,1.44,2.1,0.191,0.013,0.96,GJ23H1546,1.0,awiros
cam06_1080p_s0_t132,1288,1280,55.486,614.1,556.0,720.1,584.7,106.0,28.7,3043,3.69,MEDIUM,0.8,0,3742.2,103202.0,95.0,77.9,1.1,1.5,0.216,0.01,0.963,GJ23H1546,0.994,awiros
cam06_1080p_s0_t132,1289,1281,55.529,609.5,574.2,716.8,603.7,107.4,29.5,3165,3.64,MEDIUM,0.802,0,3417.1,96519.9,93.8,78.0,1.3,2.1,0.186,0.008,0.964,GJ23H1546,0.997,awiros
cam06_1080p_s0_t132,1290,1282,55.572,603.9,592.9,712.0,623.3,108.1,30.4,3285,3.56,MEDIUM,0.798,0,3433.9,97342.6,96.9,77.3,1.34,0.0,0.17,0.013,0.967,GJ23H1546,0.956,awiros
cam06_1080p_s0_t132,1291,1283,55.615,598.2,614.6,708.3,643.9,110.2,29.3,3229,3.76,MEDIUM,0.798,0,4143.0,106800.9,99.3,76.7,1.19,2.0,0.169,0.011,0.965,GJ23H1546,0.981,awiros
cam06_1080p_s0_t132,1292,1284,55.658,593.4,635.7,704.4,665.7,111.0,30.0,3334,3.69,MEDIUM,0.805,0,4219.7,105485.2,101.2,77.4,1.42,2.0,0.161,0.011,0.964,GJ23H1546,0.999,awiros
cam06_1080p_s0_t132,1293,1285,55.701,587.8,657.1,699.9,688.2,112.1,31.1,3488,3.6,MEDIUM,0.798,0,4923.2,110010.3,99.7,78.6,1.18,2.6,0.156,0.009,0.966,GJ23H1546,1.0,awiros
cam06_1080p_s0_t132,1294,1286,55.744,581.3,681.5,696.4,711.5,115.2,30.0,3455,3.84,MEDIUM,0.8,0,4593.7,113038.7,102.4,79.5,1.4,2.5,0.16,0.009,0.965,GJ23H1546,0.999,awiros
cam06_1080p_s0_t133,1294,1286,55.744,1343.2,861.8,1412.2,879.3,69.1,17.5,1209,3.95,MEDIUM,0.258,0,1514.0,67250.6,106.8,79.6,2.5,4.8,0.127,0.008,0.94,GJ11AA1366,0.501,crnn
cam06_1080p_s0_t132,1295,1287,55.787,575.2,704.0,691.1,734.8,115.9,30.8,3575,3.76,MEDIUM,0.804,0,4304.6,109362.7,100.2,78.4,1.5,2.4,0.154,0.003,0.967,GJ23H1546,0.999,awiros
cam06_1080p_s0_t133,1295,1287,55.787,1333.1,892.4,1414.3,910.4,81.2,18.1,1467,4.49,MEDIUM,0.555,0,2237.1,75120.2,105.4,75.3,1.15,0.0,0.117,0.011,0.975,PB33FA1955,0.511,crnn
cam06_1080p_s0_t132,1296,1288,55.83,569.6,727.4,685.4,758.2,115.7,30.8,3561,3.76,MEDIUM,0.806,0,4180.0,107155.5,99.4,78.7,1.73,2.5,0.167,0.003,0.964,GJ23H1546,0.999,awiros
cam06_1080p_s0_t132,1297,1289,55.873,562.6,752.1,682.4,784.3,119.9,32.2,3864,3.72,MEDIUM,0.802,0,3908.4,99825.8,89.0,79.4,1.46,2.6,0.166,0.001,0.966,GJ23H1546,1.0,awiros
cam06_1080p_s0_t132,1298,1290,55.916,556.7,776.5,677.1,808.9,120.4,32.5,3911,3.71,LARGE,0.802,0,4077.2,100093.2,90.0,79.2,1.31,0.5,0.153,0.003,0.972,GJ23H1546,1.0,awiros
cam06_1080p_s0_t132,1299,1291,55.96,549.6,802.0,671.9,834.5,122.3,32.5,3977,3.76,LARGE,0.803,0,4794.3,107870.9,95.1,77.5,0.93,2.4,0.122,0.004,0.974,GJ23H1546,1.0,awiros
cam06_1080p_s0_t132,1300,1292,56.003,542.4,828.4,665.1,860.4,122.8,32.0,3931,3.83,LARGE,0.799,0,6781.5,126031.7,99.4,80.1,1.0,2.7,0.165,0.001,0.97,GJ23H1546,1.0,awiros
cam06_1080p_s0_t132,1301,1293,56.046,535.3,855.3,660.5,888.1,125.2,32.7,4098,3.83,LARGE,0.799,0,6012.2,118613.9,99.7,79.1,0.89,2.6,0.149,0.002,0.973,GJ23H1546,1.0,awiros
cam06_1080p_s0_t132,1302,1294,56.089,527.8,883.7,655.5,917.3,127.7,33.5,4282,3.81,LARGE,0.799,0,5404.6,111311.2,98.8,79.4,1.25,2.7,0.14,0.001,0.97,GJ23H1546,1.0,awiros
cam06_1080p_s0_t132,1303,1295,56.132,519.2,910.8,649.6,947.0,130.4,36.2,4726,3.6,LARGE,0.8,0,5316.9,104352.2,94.7,79.2,1.07,0.6,0.139,0.0,0.976,GJ23H1546,1.0,awiros
cam06_1080p_s0_t132,1304,1296,56.175,512.5,943.3,644.8,977.4,132.4,34.1,4512,3.88,LARGE,0.802,0,5041.8,107226.2,96.7,78.5,1.16,0.6,0.149,0.0,0.974,GJ23H1546,1.0,awiros
cam06_1080p_s0_t132,1305,1297,56.218,503.7,974.4,639.0,1009.6,135.2,35.2,4760,3.84,LARGE,0.804,0,5004.5,102757.5,93.5,78.5,1.29,0.9,0.141,0.0,0.974,GJ23H1546,1.0,awiros
cam06_1080p_s0_t132,1306,1298,56.261,494.6,1006.3,632.7,1042.3,138.1,36.0,4979,3.83,LARGE,0.795,0,4949.5,100107.7,92.4,79.3,1.55,1.8,0.144,0.0,0.97,GJ23H1546,1.0,awiros
cam06_1080p_s0_t132,1307,1299,56.304,485.4,1039.6,626.0,1077.5,140.6,37.9,5329,3.71,LARGE,0.787,0,5333.2,107555.1,97.3,74.5,1.55,1.8,0.141,0.0,0.97,GJ23H1546,1.0,awiros
cam06_1080p_s0_t132,1308,1300,56.347,601.8,751.3,734.5,836.9,132.7,85.6,11358,1.55,LARGE,0.572,1,1371.4,28132.8,84.9,65.2,0.34,0.0,0.045,0.0,0.993,KA23EB764,0.554,crnn_reader_crnn_v6
cam06_1080p_s0_t132,1309,1301,56.39,595.0,779.3,723.5,869.5,128.5,90.1,11582,1.43,LARGE,0.662,1,1332.6,26998.4,85.1,64.9,0.08,0.0,0.045,0.0,0.995,KL23BF792,0.502,crnn_reader_crnn_v6
cam06_1080p_s0_t132,1310,1302,56.433,587.5,807.1,730.7,900.4,143.2,93.3,13364,1.53,LARGE,0.464,1,1461.9,26076.5,81.6,62.1,0.38,0.0,0.039,0.0,0.993,GJ03EF2649,0.599,crnn
cam06_1080p_s0_t132,1311,1303,56.476,583.0,834.3,707.4,934.5,124.5,100.2,12471,1.24,LARGE,0.432,1,1186.4,24491.1,82.7,64.9,0.0,0.0,0.039,0.0,0.996,TR03BP4626,0.565,crnn
cam06_1080p_s0_t132,1312,1304,56.52,569.3,855.2,728.6,972.7,159.3,117.4,18701,1.36,LARGE,0.414,1,1574.2,23199.4,81.0,61.5,0.0,0.0,0.035,0.0,0.996,DL146953,0.637,crnn
cam06_1080p_s0_t132,1313,1305,56.563,560.4,892.3,724.2,1002.3,163.8,110.0,18006,1.49,LARGE,0.448,1,1684.9,23408.6,76.1,59.2,0.11,0.0,0.036,0.0,0.996,,0.0,
cam06_1080p_s0_t132,1314,1306,56.606,552.3,926.4,714.2,1036.4,161.9,110.0,17805,1.47,LARGE,0.491,1,1535.5,21381.5,73.0,57.5,0.1,0.0,0.035,0.0,0.996,DL01PA92,0.695,crnn
cam06_1080p_s0_t132,1315,1307,56.649,537.3,959.3,700.0,1077.4,162.7,118.1,19220,1.38,LARGE,0.47,1,1617.2,22559.6,72.5,56.2,0.09,0.0,0.036,0.0,0.996,DL3WPP4654,0.614,crnn
cam06_1080p_s0_t132,1316,1308,56.692,527.8,995.5,684.0,1080.0,156.2,84.5,13205,1.85,LARGE,0.34,1,1800.9,24023.3,71.6,56.4,0.84,0.0,0.04,0.0,0.989,WB31EP4652,0.689,crnn
cam06_1080p_s0_t147,1343,1335,57.855,1498.9,673.3,1559.6,703.7,60.8,30.5,1852,1.99,MEDIUM,0.265,1,177.9,13736.7,100.1,62.1,2.43,0.0,0.044,0.0,0.816,,0.0,
cam06_1080p_s0_t147,1345,1337,57.941,1497.0,648.8,1544.4,675.2,47.4,26.4,1249,1.8,SMALL,0.715,1,107.7,10374.6,111.7,62.0,2.14,0.0,0.043,0.0,0.698,KA12DD7151,0.609,crnn
cam06_1080p_s0_t147,1346,1338,57.984,1491.2,636.6,1538.0,662.4,46.8,25.8,1208,1.81,SMALL,0.334,1,95.2,9823.9,113.6,60.0,2.34,0.0,0.039,0.0,0.683,DL3FP1845,0.732,crnn
cam06_1080p_s0_t147,1348,1340,58.07,1477.8,610.4,1525.3,635.1,47.5,24.7,1175,1.92,SMALL,0.418,1,85.9,9616.0,112.5,62.3,2.41,0.0,0.049,0.0,0.677,,0.0,
cam06_1080p_s0_t146,1357,1349,58.458,1738.3,207.2,1766.4,232.9,28.1,25.7,720,1.09,VERY_SMALL,0.287,1,52.4,12771.0,104.4,75.8,3.33,14.0,0.141,0.008,0.514,,0.0,
cam06_1080p_s0_t146,1358,1350,58.501,1729.0,211.4,1759.9,237.2,30.9,25.8,795,1.2,VERY_SMALL,0.615,1,71.8,15312.2,103.5,76.7,3.29,14.0,0.139,0.01,0.541,,0.0,
cam06_1080p_s0_t146,1359,1351,58.544,1720.1,215.7,1754.0,239.9,33.9,24.2,819,1.4,VERY_SMALL,0.472,1,128.7,20857.5,105.1,76.9,2.9,0.0,0.154,0.01,0.633,,0.0,
cam06_1080p_s0_t146,1360,1352,58.587,1714.0,219.8,1749.4,244.7,35.5,24.9,884,1.42,VERY_SMALL,0.416,1,137.1,20952.6,101.3,77.0,3.36,14.2,0.166,0.004,0.617,,0.0,
cam06_1080p_s0_t146,1361,1353,58.63,1707.2,223.8,1743.3,248.4,36.1,24.5,886,1.47,VERY_SMALL,0.675,1,147.7,21664.7,102.9,76.9,3.44,0.0,0.155,0.016,0.649,CH11PH1173,0.749,crnn_reader_crnn_v6
cam06_1080p_s0_t146,1362,1354,58.673,1702.2,227.8,1737.4,252.8,35.2,25.0,882,1.41,VERY_SMALL,0.757,1,142.8,21325.5,103.2,77.9,3.25,0.0,0.148,0.011,0.646,,0.0,
cam06_1080p_s0_t146,1363,1355,58.717,1697.1,231.3,1733.2,256.5,36.1,25.2,908,1.43,VERY_SMALL,0.486,1,151.8,22196.4,102.1,77.6,3.41,0.0,0.158,0.013,0.654,,0.0,
cam06_1080p_s0_t146,1364,1356,58.76,1692.2,237.0,1727.8,262.2,35.6,25.2,895,1.42,VERY_SMALL,0.652,1,152.5,21588.7,99.9,78.0,3.79,0.0,0.155,0.008,0.654,,0.0,
cam06_1080p_s0_t146,1365,1357,58.803,1686.3,241.8,1722.9,266.6,36.6,24.7,906,1.48,VERY_SMALL,0.553,1,162.7,22578.3,101.6,77.7,3.08,0.0,0.157,0.013,0.67,DL11TM726,0.603,crnn
cam06_1080p_s0_t146,1366,1358,58.846,1681.8,247.3,1718.9,271.6,37.1,24.3,901,1.53,VERY_SMALL,0.39,1,154.2,22084.5,101.9,78.9,3.54,0.0,0.16,0.015,0.658,KL21TM126,0.534,crnn
cam06_1080p_s0_t146,1367,1359,58.889,1676.7,251.0,1714.6,276.2,37.9,25.2,956,1.5,VERY_SMALL,0.743,1,169.3,23149.2,101.4,76.9,3.56,0.0,0.148,0.024,0.672,,0.0,
cam06_1080p_s0_t146,1368,1360,58.932,1672.6,256.1,1710.3,281.0,37.6,24.9,937,1.51,VERY_SMALL,0.678,1,155.8,22380.7,101.9,78.9,3.3,10.9,0.148,0.017,0.643,,0.0,
cam06_1080p_s0_t146,1369,1361,58.975,1668.2,260.7,1706.5,286.2,38.3,25.4,973,1.5,VERY_SMALL,0.577,1,163.9,22792.2,101.3,78.8,3.23,10.7,0.145,0.014,0.66,KL11A8776,0.546,crnn
cam06_1080p_s0_t146,1370,1362,59.018,1663.9,266.0,1702.9,291.1,39.0,25.1,978,1.55,VERY_SMALL,0.741,1,181.0,23649.7,102.0,78.9,2.81,10.0,0.149,0.02,0.676,,0.0,
cam06_1080p_s0_t152,1370,1362,59.018,1412.2,373.3,1451.0,397.1,38.8,23.8,921,1.63,VERY_SMALL,0.219,1,52.9,8339.3,113.7,61.7,2.43,0.0,0.072,0.0,0.605,WB31EP4652,0.689,crnn
cam06_1080p_s0_t146,1371,1363,59.061,1660.6,271.8,1698.9,295.9,38.4,24.1,924,1.59,VERY_SMALL,0.72,1,181.4,24487.6,105.6,80.2,2.48,9.7,0.138,0.032,0.676,GJ33K7354,0.534,crnn
cam06_1080p_s0_t152,1371,1363,59.061,1410.0,364.3,1448.8,388.1,38.8,23.8,923,1.63,VERY_SMALL,0.301,1,56.9,8930.6,111.4,62.5,2.87,0.0,0.08,0.0,0.604,MH02AC8895,0.534,crnn_reader_crnn_v6
cam06_1080p_s0_t146,1372,1364,59.104,1656.5,276.6,1695.9,300.8,39.4,24.2,952,1.63,VERY_SMALL,0.729,1,193.2,25175.4,105.0,79.7,2.23,8.6,0.131,0.033,0.694,ML14SS7364,0.573,crnn
cam06_1080p_s0_t146,1373,1365,59.147,1652.9,282.3,1691.8,306.2,39.0,23.9,932,1.63,VERY_SMALL,0.755,1,190.0,23972.6,105.3,80.7,1.58,9.0,0.141,0.029,0.693,AP47F134,0.521,crnn
cam06_1080p_s0_t146,1374,1366,59.19,1647.8,287.7,1688.1,311.8,40.3,24.0,968,1.67,SMALL,0.748,1,185.3,24063.5,105.2,79.8,2.15,8.0,0.143,0.029,0.69,,0.0,
cam06_1080p_s0_t146,1375,1367,59.234,1643.7,292.9,1683.7,317.6,40.0,24.7,991,1.62,SMALL,0.646,1,242.8,27842.0,103.9,81.6,1.19,6.2,0.147,0.042,0.747,GJ13FU2774,0.561,crnn
cam06_1080p_s0_t146,1376,1368,59.277,1639.7,299.0,1679.3,323.1,39.6,24.2,957,1.64,VERY_SMALL,0.785,1,222.2,26741.7,104.7,81.2,1.59,6.3,0.133,0.044,0.727,GJ19T2774,0.597,crnn
cam06_1080p_s0_t146,1377,1369,59.32,1635.1,305.1,1674.3,328.2,39.2,23.1,906,1.7,VERY_SMALL,0.794,1,218.6,27487.4,109.8,82.9,1.52,6.3,0.143,0.048,0.718,GJ14D191,0.531,crnn
cam06_1080p_s0_t146,1378,1370,59.363,1630.4,312.5,1670.3,335.6,39.9,23.1,924,1.73,VERY_SMALL,0.771,1,215.8,27593.3,108.0,81.4,1.36,5.9,0.141,0.045,0.723,,0.0,
cam06_1080p_s0_t146,1379,1371,59.406,1625.8,318.5,1665.2,342.0,39.5,23.5,927,1.68,VERY_SMALL,0.735,1,187.2,25903.2,110.5,81.1,0.88,5.8,0.138,0.045,0.695,GJ07C737,0.565,crnn
cam06_1080p_s0_t146,1380,1372,59.449,1620.8,324.9,1660.7,348.5,39.8,23.5,938,1.69,VERY_SMALL,0.748,1,226.4,28307.6,111.5,82.2,1.06,5.7,0.139,0.036,0.734,TR744378,0.532,crnn
cam06_1080p_s0_t146,1381,1373,59.492,1615.7,332.0,1656.6,355.8,40.9,23.8,975,1.72,SMALL,0.656,1,256.2,29589.6,111.1,83.1,1.36,5.4,0.128,0.039,0.765,DL128178,0.561,crnn
cam06_1080p_s0_t146,1382,1374,59.535,1611.5,337.6,1652.2,360.4,40.7,22.8,927,1.78,SMALL,0.621,1,252.7,29090.8,111.9,81.3,1.74,4.9,0.117,0.045,0.758,MH12C3774,0.518,crnn_reader_crnn_v6
cam06_1080p_s0_t146,1383,1375,59.578,1606.3,343.8,1648.2,367.7,41.9,23.9,1003,1.75,SMALL,0.654,1,261.5,29495.5,109.8,80.7,1.57,4.8,0.118,0.035,0.775,OD27C7777,0.584,crnn
cam06_1080p_s0_t146,1384,1376,59.621,1602.1,351.3,1643.3,374.4,41.2,23.1,951,1.79,SMALL,0.696,1,252.3,29402.8,115.5,81.8,2.01,4.4,0.11,0.054,0.753,DL11S7144,0.501,crnn_reader_crnn_v6
cam06_1080p_s0_t146,1385,1377,59.664,1597.8,357.4,1639.5,380.7,41.7,23.3,973,1.79,SMALL,0.776,1,265.3,31220.5,115.3,81.2,2.25,3.9,0.114,0.052,0.768,TN12A974,0.567,crnn_reader_crnn_v6
cam06_1080p_s0_t146,1386,1378,59.707,1592.8,365.1,1635.5,388.5,42.6,23.4,996,1.82,SMALL,0.786,1,253.6,30189.9,116.1,81.0,2.39,4.6,0.114,0.052,0.759,TN127114,0.546,crnn_reader_crnn_v6
cam06_1080p_s0_t146,1387,1379,59.75,1588.7,372.3,1631.3,395.8,42.6,23.5,1002,1.81,SMALL,0.764,1,273.2,30729.0,115.8,80.9,2.05,3.7,0.122,0.045,0.782,TN557114,0.505,crnn_reader_crnn_v6
cam06_1080p_s0_t146,1388,1380,59.794,1584.5,380.3,1627.1,404.1,42.6,23.8,1014,1.79,SMALL,0.788,1,248.0,29085.5,114.2,81.3,2.35,3.6,0.12,0.049,0.757,GJ12EC774,0.576,crnn
cam06_1080p_s0_t146,1389,1381,59.837,1580.3,387.7,1623.5,412.0,43.2,24.3,1050,1.78,SMALL,0.799,1,292.9,30903.5,113.6,81.4,1.59,4.5,0.114,0.049,0.8,TN547974,0.534,crnn_reader_crnn_v6
cam06_1080p_s0_t146,1390,1382,59.88,1576.5,395.2,1619.4,419.8,42.9,24.6,1054,1.74,SMALL,0.809,1,307.9,31431.8,115.7,82.9,2.58,4.2,0.131,0.065,0.79,DL7RT7234,0.608,crnn_reader_crnn_v6
cam06_1080p_s0_t146,1391,1383,59.923,1572.5,403.5,1615.9,427.4,43.4,24.0,1041,1.81,SMALL,0.781,1,328.2,32365.5,115.4,82.6,2.31,4.2,0.126,0.056,0.801,KA03AMA234,0.581,awiros
cam06_1080p_s0_t146,1392,1384,59.966,1569.0,410.8,1612.2,435.2,43.2,24.4,1053,1.78,SMALL,0.793,1,337.9,32987.9,113.5,83.4,2.45,3.9,0.125,0.053,0.801,TN947784,0.518,crnn_reader_crnn_v6
cam06_1080p_s0_t146,1393,1385,60.009,1565.2,419.0,1609.2,443.4,44.0,24.5,1076,1.8,SMALL,0.776,1,366.5,34643.7,114.4,82.9,2.36,3.9,0.118,0.06,0.803,KA01A714,0.56,awiros
cam06_1080p_s0_t146,1394,1386,60.052,1561.6,427.4,1606.3,452.0,44.7,24.6,1099,1.82,SMALL,0.774,1,336.6,32639.1,115.5,82.1,2.25,4.4,0.104,0.044,0.811,DL1RS0174,0.557,crnn_reader_crnn_v6
cam06_1080p_s0_t146,1395,1387,60.095,1558.7,436.4,1603.9,461.6,45.2,25.2,1138,1.79,SMALL,0.796,1,362.8,33520.9,112.9,80.7,1.85,3.8,0.115,0.046,0.817,MN547384,0.513,crnn_reader_crnn_v6
cam06_1080p_s0_t146,1396,1388,60.138,1555.3,447.1,1600.1,471.6,44.8,24.5,1098,1.83,SMALL,0.783,1,374.2,34177.2,114.9,80.4,1.45,4.5,0.114,0.03,0.826,MN54B3174,0.6,crnn_reader_crnn_v6
cam06_1080p_s0_t146,1397,1389,60.181,1552.3,458.0,1596.7,482.9,44.4,24.9,1108,1.78,SMALL,0.711,1,348.5,32937.2,114.0,81.1,1.25,3.8,0.109,0.031,0.829,LD01TT3833,0.516,crnn
cam06_1080p_s0_t146,1398,1390,60.224,1550.0,468.8,1594.3,494.5,44.3,25.6,1136,1.73,SMALL,0.404,1,271.3,29514.3,116.2,82.0,1.01,4.3,0.101,0.05,0.796,DL03X7734,0.517,crnn
cam06_1080p_s0_t146,1399,1391,60.267,1546.7,478.5,1592.2,505.3,45.5,26.7,1217,1.7,SMALL,0.336,1,289.3,29727.4,112.8,79.7,1.17,3.7,0.102,0.036,0.82,TG03FT934,0.563,crnn_reader_crnn_v6
cam06_1080p_s0_t146,1400,1392,60.31,1546.0,489.1,1590.7,514.5,44.7,25.4,1137,1.76,SMALL,0.743,1,372.1,33193.5,117.8,83.5,1.05,3.6,0.123,0.061,0.818,GJ03ASJ334,0.818,awiros
cam06_1080p_s0_t146,1401,1393,60.354,1543.9,499.0,1589.0,524.6,45.1,25.6,1154,1.76,SMALL,0.747,1,344.6,32851.8,118.7,83.1,0.9,3.6,0.128,0.065,0.817,GJ03KS334,0.939,awiros
cam06_1080p_s0_t146,1402,1394,60.397,1541.9,508.7,1588.4,535.6,46.5,26.9,1251,1.73,SMALL,0.664,1,333.0,31342.8,113.0,81.2,1.16,2.6,0.114,0.044,0.83,GJ03KS334,0.943,awiros
cam06_1080p_s0_t146,1403,1395,60.44,1541.0,520.0,1587.7,546.7,46.7,26.6,1245,1.75,SMALL,0.784,1,350.0,31975.3,114.7,83.6,1.47,3.2,0.109,0.052,0.828,GJ03WSJ134,0.769,awiros
cam06_1080p_s0_t146,1404,1396,60.483,1540.6,531.8,1586.9,558.7,46.2,26.9,1243,1.72,SMALL,0.738,1,342.3,31256.1,116.8,82.8,1.69,3.1,0.104,0.05,0.823,GJ03KRJ134,0.729,awiros
cam06_1080p_s0_t146,1405,1397,60.526,1540.0,543.6,1585.9,569.9,46.0,26.3,1207,1.75,SMALL,0.696,1,252.5,28678.6,118.7,81.7,1.45,2.5,0.102,0.042,0.79,GJ03KS134,0.946,awiros
cam06_1080p_s0_t146,1406,1398,60.569,1538.3,555.4,1586.6,582.4,48.3,26.9,1301,1.79,SMALL,0.735,1,337.4,31326.2,113.6,81.1,1.82,2.5,0.093,0.046,0.838,GJ03KSJ134,0.833,awiros
cam06_1080p_s0_t146,1407,1399,60.612,1538.3,569.0,1586.4,594.9,48.1,25.9,1243,1.86,SMALL,0.771,1,360.5,33077.5,116.5,81.3,1.72,0.0,0.105,0.04,0.844,GJ07XSR334,0.767,awiros
cam06_1080p_s0_t146,1408,1400,60.655,1538.3,582.1,1586.4,607.9,48.1,25.7,1239,1.87,SMALL,0.799,1,336.8,32465.9,117.5,80.7,1.65,0.0,0.095,0.038,0.846,GJ07XS334,0.87,awiros
cam06_1080p_s0_t146,1409,1401,60.698,1538.3,595.1,1586.1,621.2,47.8,26.1,1248,1.83,SMALL,0.795,1,360.5,33246.2,120.4,80.4,1.56,1.5,0.114,0.042,0.837,GJ03KS334,0.895,awiros
cam06_1080p_s0_t146,1410,1402,60.741,1538.5,608.4,1586.9,634.7,48.4,26.3,1272,1.84,SMALL,0.784,1,277.4,29851.1,117.8,79.4,1.16,0.0,0.093,0.042,0.83,GJ03XSR334,0.833,awiros
cam06_1080p_s0_t146,1411,1403,60.784,1539.9,622.2,1588.2,648.6,48.4,26.5,1280,1.83,SMALL,0.788,1,364.1,33568.7,117.8,80.6,1.41,0.0,0.106,0.033,0.849,GJ03WS334,0.931,awiros
cam06_1080p_s0_t146,1412,1404,60.827,1540.4,635.5,1589.8,662.2,49.5,26.7,1323,1.85,SMALL,0.8,1,325.9,32152.8,119.1,80.2,1.82,0.0,0.098,0.034,0.85,GJ03WS334,0.924,awiros
cam06_1080p_s0_t146,1413,1405,60.871,1541.2,648.4,1590.8,675.5,49.6,27.1,1344,1.83,SMALL,0.778,1,304.8,30689.1,118.7,80.4,1.83,0.0,0.086,0.014,0.859,GJ03WJ334,0.74,awiros
cam06_1080p_s0_t146,1414,1406,60.914,1542.9,662.2,1593.2,689.4,50.3,27.2,1368,1.85,SMALL,0.782,1,343.6,32649.3,117.1,79.2,1.58,1.5,0.083,0.024,0.863,GJ03S334,0.859,awiros
cam06_1080p_s0_t146,1415,1407,60.957,1544.8,676.5,1595.5,704.2,50.7,27.7,1402,1.83,SMALL,0.785,1,380.6,34160.1,116.1,78.8,1.12,0.0,0.093,0.024,0.868,GJ03KS334,0.94,awiros
cam06_1080p_s0_t146,1416,1408,61.0,1546.9,692.0,1598.2,719.8,51.3,27.8,1425,1.85,SMALL,0.789,1,375.4,34336.9,116.9,78.6,1.21,0.0,0.085,0.022,0.873,MN547334,0.651,crnn_reader_crnn_v6
cam06_1080p_s0_t146,1417,1409,61.043,1548.3,708.0,1599.8,735.5,51.4,27.5,1417,1.87,SMALL,0.802,1,365.5,34393.8,118.0,77.6,1.61,0.0,0.082,0.015,0.868,MN547334,0.598,crnn_reader_crnn_v6
cam06_1080p_s0_t146,1418,1410,61.086,1550.7,724.1,1602.8,752.0,52.1,27.9,1456,1.87,SMALL,0.8,1,471.7,38034.6,117.3,77.8,1.37,0.0,0.094,0.026,0.873,KA703434,0.598,awiros
cam06_1080p_s0_t146,1419,1411,61.129,1554.0,741.3,1605.9,770.2,51.9,28.9,1499,1.8,SMALL,0.812,1,443.5,34913.8,115.6,78.5,1.31,0.0,0.092,0.013,0.879,KA03AS334,0.891,awiros
cam06_1080p_s0_t146,1420,1412,61.172,1556.6,759.1,1609.3,788.1,52.7,29.0,1529,1.81,SMALL,0.809,1,420.4,34179.7,116.0,77.5,0.98,0.8,0.075,0.012,0.882,KA03ASP334,0.72,awiros
cam06_1080p_s0_t146,1421,1413,61.215,1559.5,776.7,1613.0,806.2,53.5,29.5,1578,1.81,SMALL,0.809,1,431.7,34989.6,115.0,76.9,1.29,0.8,0.081,0.01,0.883,GJ03KS7334,0.697,crnn_reader_crnn_v6
cam06_1080p_s0_t146,1422,1414,61.258,1562.8,794.6,1617.1,824.4,54.4,29.8,1622,1.82,SMALL,0.799,1,424.4,35309.8,114.9,76.9,1.51,0.8,0.076,0.004,0.888,KA03ASP334,0.776,awiros
cam06_1080p_s0_t146,1424,1415,61.344,1569.5,832.8,1625.1,863.2,55.5,30.4,1690,1.82,SMALL,0.788,1,438.8,35134.7,113.1,75.5,1.47,1.7,0.07,0.012,0.893,KA03ASP334,0.88,awiros
cam06_1080p_s0_t160,1424,1415,61.344,854.6,308.2,910.1,322.4,55.5,14.2,790,3.9,SMALL,0.347,0,897.6,62190.6,89.1,86.6,5.18,4.6,0.352,0.024,0.824,,0.0,
cam06_1080p_s0_t146,1426,1416,61.431,1578.0,871.5,1633.6,903.2,55.6,31.8,1767,1.75,SMALL,0.811,1,673.1,39801.8,110.6,77.8,0.89,2.2,0.087,0.004,0.898,AS233434,0.711,awiros
cam06_1080p_s0_t146,1428,1417,61.517,1586.9,914.8,1645.1,946.9,58.2,32.1,1866,1.82,SMALL,0.802,1,647.8,38759.6,108.4,76.6,0.93,2.5,0.079,0.005,0.913,GJ03KS334,0.992,awiros
cam06_1080p_s0_t160,1428,1417,61.517,839.1,371.7,899.0,387.6,59.9,15.9,953,3.76,SMALL,0.309,0,856.3,60185.8,88.4,86.7,3.4,5.2,0.286,0.027,0.866,,0.0,
cam06_1080p_s0_t146,1430,1418,61.603,1595.2,958.7,1654.0,992.6,58.8,33.9,1990,1.73,SMALL,0.808,1,601.1,37381.8,105.4,76.0,0.47,2.8,0.074,0.006,0.916,GJ03KS334,0.989,awiros
cam06_1080p_s0_t160,1430,1418,61.603,831.3,406.3,890.8,421.8,59.5,15.5,920,3.84,SMALL,0.46,0,909.1,63395.1,92.9,84.6,3.9,4.5,0.263,0.026,0.858,,0.0,
cam06_1080p_s0_t146,1432,1419,61.689,1604.2,1004.5,1667.1,1040.1,62.9,35.6,2240,1.76,MEDIUM,0.764,1,704.7,37860.7,99.8,75.4,1.14,2.9,0.068,0.001,0.932,GJ03KS334,0.993,awiros
cam06_1080p_s0_t160,1432,1419,61.689,823.0,443.4,884.1,459.7,61.1,16.3,994,3.76,MEDIUM,0.429,0,1035.1,63833.7,88.9,87.2,3.83,0.0,0.286,0.022,0.877,GJ04FV4183,0.516,crnn
cam06_1080p_s0_t146,1434,1420,61.775,1614.6,1057.5,1679.4,1079.7,64.8,22.2,1439,2.92,MEDIUM,0.317,0,858.1,43460.0,114.3,75.4,1.05,0.0,0.067,0.0,0.95,ML28J034,0.515,crnn_reader_crnn_v6
cam06_1080p_s0_t160,1436,1421,61.861,800.4,525.1,865.2,539.9,64.9,14.8,960,4.38,MEDIUM,0.39,0,1110.5,65680.7,90.1,78.9,3.69,0.0,0.251,0.015,0.903,,0.0,
cam06_1080p_s0_t160,1438,1422,61.947,789.0,570.1,855.9,586.0,66.8,15.9,1060,4.21,MEDIUM,0.665,0,1229.6,64619.0,85.0,83.7,2.3,0.0,0.279,0.004,0.921,,0.0,
cam06_1080p_s0_t160,1439,1423,61.991,782.3,593.6,850.5,609.6,68.2,15.9,1086,4.28,MEDIUM,0.641,0,1281.8,64574.2,87.0,81.2,1.96,3.8,0.245,0.005,0.928,WB04LF9711,0.584,crnn
cam06_1080p_s0_t160,1440,1424,62.034,777.3,617.9,845.4,633.9,68.1,16.0,1088,4.26,MEDIUM,0.468,0,1200.6,67255.1,92.4,83.9,2.03,0.0,0.26,0.013,0.929,,0.0,
cam06_1080p_s0_t160,1441,1425,62.077,772.0,642.9,839.6,659.2,67.6,16.4,1107,4.13,MEDIUM,0.494,0,1286.9,65755.8,91.6,86.4,1.38,3.1,0.236,0.028,0.926,WB41AR1471,0.603,crnn_reader_crnn_v6
cam06_1080p_s0_t160,1442,1426,62.12,763.6,668.8,833.3,684.7,69.8,16.0,1115,4.37,MEDIUM,0.606,0,1299.6,70290.2,96.0,84.6,2.11,0.0,0.234,0.035,0.929,WB04LR1173,0.541,crnn_reader_crnn_v6
cam06_1080p_s0_t160,1443,1427,62.163,758.5,694.8,827.3,711.0,68.8,16.2,1114,4.25,MEDIUM,0.341,0,1284.5,70234.7,96.7,87.2,2.29,2.3,0.242,0.035,0.92,CH11PH1173,0.749,crnn_reader_crnn_v6
cam06_1080p_s0_t160,1444,1428,62.206,749.3,723.0,820.7,738.9,71.3,15.9,1138,4.47,MEDIUM,0.28,0,1371.8,71392.6,96.4,81.9,2.28,2.4,0.249,0.032,0.935,MH11PH1173,0.716,crnn_reader_crnn_v6
cam06_1080p_s0_t160,1445,1429,62.249,742.7,751.3,815.2,767.5,72.5,16.2,1177,4.47,MEDIUM,0.363,0,1388.2,72917.9,96.4,83.4,1.84,1.0,0.223,0.029,0.949,PB51P1173,0.693,crnn
cam06_1080p_s0_t160,1446,1430,62.292,732.6,781.2,809.4,794.9,76.9,13.7,1056,5.6,MEDIUM,0.299,0,1963.6,83840.9,101.6,84.3,2.81,1.0,0.209,0.036,0.94,PB51P1417,0.737,crnn
cam06_1080p_s0_t160,1447,1431,62.335,724.8,810.0,802.4,827.0,77.6,17.0,1323,4.55,MEDIUM,0.548,0,1668.7,75883.6,93.8,82.1,0.95,0.0,0.204,0.018,0.964,GJ11LP1393,0.566,crnn_reader_crnn_v6
cam06_1080p_s0_t160,1448,1432,62.378,717.2,840.9,797.0,858.4,79.7,17.5,1395,4.56,MEDIUM,0.45,0,1834.0,75006.0,93.1,81.6,2.28,0.0,0.186,0.013,0.957,GJ11PT7393,0.793,crnn
cam06_1080p_s0_t160,1449,1433,62.421,708.8,874.4,789.6,891.5,80.8,17.1,1384,4.72,MEDIUM,0.443,0,1903.2,79034.3,94.3,81.6,2.5,0.0,0.204,0.011,0.954,GJ11LP1333,0.61,crnn_reader_crnn_v6
cam06_1080p_s0_t160,1450,1434,62.464,701.6,906.9,781.6,925.4,80.0,18.5,1481,4.32,MEDIUM,0.28,0,2498.3,80080.1,89.3,83.1,2.02,0.0,0.238,0.007,0.957,GJ11CP1141,0.732,awiros
cam06_1080p_s0_t160,1451,1435,62.508,690.7,942.9,775.4,959.7,84.7,16.8,1423,5.04,MEDIUM,0.396,0,2763.3,88442.2,93.2,84.0,2.16,0.0,0.193,0.011,0.958,GA11CP1241,0.656,awiros
cam06_1080p_s0_t160,1452,1436,62.551,680.8,978.2,768.0,996.0,87.2,17.8,1555,4.89,MEDIUM,0.507,0,2752.5,82966.4,87.8,79.7,1.7,0.0,0.206,0.004,0.964,GJ11CP1111,0.688,crnn_reader_crnn_v6
cam06_1080p_s0_t160,1453,1437,62.594,673.1,1017.5,761.5,1033.8,88.4,16.3,1437,5.44,MEDIUM,0.657,0,3054.1,88328.7,92.2,80.8,2.15,0.0,0.206,0.003,0.96,GJ11CP1111,0.729,crnn_reader_crnn_v6
cam06_1080p_s0_t160,1454,1438,62.637,661.4,1053.5,754.9,1075.9,93.5,22.4,2097,4.17,MEDIUM,0.313,0,4311.9,88164.8,83.2,75.9,1.57,0.0,0.175,0.003,0.968,GJ11LP1133,0.667,crnn_reader_crnn_v6
cam06_1080p_s0_t163,1471,1455,63.369,1273.5,119.8,1307.0,137.0,33.5,17.2,576,1.94,VERY_SMALL,0.625,1,142.8,25576.3,105.0,81.0,1.49,4.6,0.188,0.034,0.632,TN04A6677,0.508,crnn_reader_crnn_v6
cam06_1080p_s0_t163,1472,1456,63.412,1276.3,126.7,1309.8,143.8,33.5,17.1,572,1.96,VERY_SMALL,0.739,1,143.0,25978.0,106.9,81.6,2.16,3.8,0.189,0.036,0.623,UP277515,0.507,crnn
cam06_1080p_s0_t163,1473,1457,63.455,1278.9,133.5,1312.3,150.7,33.4,17.1,572,1.95,VERY_SMALL,0.743,1,157.3,27463.9,108.7,83.3,1.86,4.4,0.197,0.032,0.641,,0.0,
cam06_1080p_s0_t163,1474,1458,63.498,1281.2,141.0,1315.7,159.0,34.5,18.0,622,1.91,VERY_SMALL,0.758,1,155.5,26040.5,106.2,82.4,1.88,3.6,0.192,0.041,0.638,,0.0,
cam06_1080p_s0_t163,1475,1459,63.541,1284.5,148.6,1318.6,164.7,34.1,16.1,549,2.11,VERY_SMALL,0.758,1,249.5,33647.9,113.1,84.5,2.98,4.8,0.263,0.031,0.702,TN07AQ141,0.571,crnn_reader_crnn_v6
cam06_1080p_s0_t163,1476,1460,63.584,1287.0,155.6,1321.3,173.4,34.3,17.8,609,1.93,VERY_SMALL,0.739,1,238.3,32102.2,108.4,83.7,1.92,5.6,0.217,0.032,0.708,,0.0,
cam06_1080p_s0_t163,1477,1461,63.628,1289.7,162.6,1324.9,181.1,35.2,18.5,650,1.9,VERY_SMALL,0.723,1,227.3,30105.7,105.6,82.5,1.92,4.8,0.217,0.04,0.701,,0.0,
cam06_1080p_s0_t163,1478,1462,63.671,1293.6,170.1,1328.4,188.1,34.8,18.0,627,1.93,VERY_SMALL,0.772,1,206.7,30297.2,106.6,83.2,2.5,5.4,0.239,0.036,0.673,,0.0,
cam06_1080p_s0_t163,1479,1463,63.714,1296.2,177.6,1331.9,196.1,35.7,18.6,664,1.92,VERY_SMALL,0.746,1,211.2,29122.4,103.4,80.1,1.72,4.1,0.201,0.029,0.7,,0.0,
cam06_1080p_s0_t163,1480,1464,63.757,1300.1,185.7,1335.0,203.8,34.9,18.1,631,1.93,VERY_SMALL,0.804,1,183.6,28391.2,104.6,80.8,2.69,4.4,0.21,0.024,0.665,MH023447,0.508,crnn
cam06_1080p_s0_t163,1481,1465,63.8,1303.8,193.9,1339.0,211.5,35.2,17.6,619,2.0,VERY_SMALL,0.801,1,179.5,28568.7,109.4,81.7,2.21,4.5,0.195,0.03,0.665,TN07B6143,0.608,crnn_reader_crnn_v6
cam06_1080p_s0_t163,1482,1466,63.843,1307.1,201.5,1342.9,219.9,35.8,18.3,656,1.95,VERY_SMALL,0.761,1,191.3,28067.4,105.6,81.3,2.12,4.0,0.188,0.032,0.681,TR223487,0.514,crnn
cam06_1080p_s0_t163,1484,1467,63.929,1314.4,216.7,1351.4,236.2,37.0,19.5,722,1.9,VERY_SMALL,0.77,1,207.3,26968.7,94.6,78.5,0.97,5.5,0.181,0.008,0.715,,0.0,
cam06_1080p_s0_t163,1486,1468,64.015,1322.6,233.4,1359.3,252.5,36.7,19.1,703,1.92,VERY_SMALL,0.772,1,180.5,24891.9,93.4,79.4,1.75,5.9,0.219,0.003,0.68,,0.0,
cam06_1080p_s0_t163,1488,1469,64.101,1329.7,251.2,1367.5,271.7,37.8,20.5,776,1.84,VERY_SMALL,0.774,1,207.3,26749.2,90.2,78.7,1.32,6.6,0.188,0.001,0.716,GJ14F9497,0.609,crnn_reader_crnn_v6
cam06_1080p_s0_t163,1490,1470,64.188,1337.7,269.3,1376.3,290.4,38.7,21.1,814,1.84,VERY_SMALL,0.791,1,239.8,30127.0,103.4,82.2,1.59,6.2,0.186,0.037,0.728,LA223718,0.622,crnn
cam06_1080p_s0_t163,1492,1471,64.274,1345.0,288.2,1384.3,308.9,39.2,20.6,809,1.9,VERY_SMALL,0.677,1,261.2,32068.9,105.5,81.7,1.0,6.2,0.178,0.049,0.754,GJ21D5487,0.634,crnn_reader_crnn_v6
cam06_1080p_s0_t163,1493,1472,64.317,1349.3,296.9,1388.6,319.3,39.3,22.4,879,1.76,VERY_SMALL,0.617,1,256.9,31003.3,102.3,82.7,1.04,6.9,0.177,0.03,0.756,KA02FDM482,0.501,awiros
cam06_1080p_s0_t163,1494,1473,64.36,1353.2,307.3,1392.3,328.4,39.1,21.1,825,1.85,VERY_SMALL,0.768,1,256.5,32732.0,109.1,82.8,1.69,6.9,0.15,0.053,0.74,JK33GC9487,0.526,crnn
cam06_1080p_s0_t163,1495,1474,64.403,1356.9,316.8,1396.7,338.9,39.8,22.1,880,1.8,VERY_SMALL,0.737,1,256.1,31594.6,104.7,83.0,1.47,6.5,0.152,0.045,0.75,RJ03FCH487,0.75,awiros
cam06_1080p_s0_t163,1496,1475,64.446,1360.7,326.8,1401.4,350.2,40.7,23.3,949,1.74,SMALL,0.757,1,266.6,31442.2,101.3,81.7,1.61,6.5,0.17,0.046,0.763,GJ03FD407,0.625,awiros
cam06_1080p_s0_t163,1497,1476,64.489,1365.0,338.0,1405.3,360.6,40.3,22.5,907,1.79,SMALL,0.77,1,285.9,32687.9,105.0,82.1,1.15,6.8,0.161,0.048,0.778,GJ03FQ8437,0.63,crnn_reader_crnn_v6
cam06_1080p_s0_t163,1498,1477,64.532,1368.9,348.8,1409.5,371.4,40.7,22.6,917,1.8,SMALL,0.778,1,267.2,32405.3,105.6,81.4,0.97,5.9,0.156,0.047,0.77,GJ03B487,0.701,awiros
cam06_1080p_s0_t163,1499,1478,64.575,1372.6,358.6,1413.7,382.0,41.1,23.3,957,1.76,SMALL,0.743,1,260.7,32019.6,105.1,81.8,1.43,6.9,0.152,0.04,0.762,MP08G2813,0.523,crnn_reader_crnn_v6
cam06_1080p_s0_t163,1500,1479,64.618,1376.4,369.7,1417.2,392.4,40.8,22.7,925,1.8,SMALL,0.768,1,373.1,36396.2,107.0,83.2,1.5,6.8,0.165,0.055,0.788,GJ01FD487,0.775,awiros
cam06_1080p_s0_t163,1501,1480,64.661,1380.9,380.3,1422.0,403.3,41.1,23.0,947,1.78,SMALL,0.705,1,304.9,33727.2,108.6,82.3,1.66,6.5,0.166,0.058,0.782,RJ03FD487,0.744,awiros
cam06_1080p_s0_t163,1502,1481,64.705,1385.3,390.7,1427.7,415.1,42.4,24.4,1035,1.74,SMALL,0.765,1,303.9,33196.8,103.1,80.5,1.45,6.3,0.168,0.047,0.796,RJ03FL487,0.659,awiros
cam06_1080p_s0_t163,1503,1482,64.748,1389.2,402.4,1432.2,427.1,42.9,24.7,1059,1.74,SMALL,0.751,1,293.6,32543.0,103.2,81.6,1.93,6.3,0.158,0.048,0.791,RJ03FAK481,0.643,awiros
cam06_1080p_s0_t163,1504,1483,64.791,1394.3,415.0,1436.9,437.7,42.6,22.7,968,1.88,SMALL,0.771,1,319.0,35304.6,108.9,82.6,1.79,6.3,0.169,0.05,0.795,GJ03FA481,0.89,awiros
