vehicle_id,frame,engine_frame,timestamp_s,x1,y1,x2,y2,width,height,area,aspect,band,det_conf,two_row,sharpness_lap,tenengrad,brightness,contrast,blur_extent,skew_deg,dark_frac,bloom_frac,quality,ocr_text,ocr_conf,ocr_readers
delhi_1080p_s0_t2,0,0,0.0,1102.1,793.1,1210.4,842.7,108.3,49.6,5368,2.18,MEDIUM,0.794,1,1163.7,34976.4,85.6,72.6,2.11,7.6,0.193,0.0,0.95,DL14CE5987,0.995,awiros
delhi_1080p_s0_t3,0,0,0.0,559.4,668.7,627.1,697.2,67.7,28.5,1929,2.38,MEDIUM,0.77,1,519.6,23705.4,88.1,62.4,2.22,8.1,0.04,0.003,0.94,DL1CQ5334,1.0,awiros
delhi_1080p_s0_t2,1,1,0.034,1091.8,797.1,1202.5,845.8,110.7,48.7,5393,2.27,MEDIUM,0.799,1,1104.7,35329.6,85.4,73.0,2.44,5.4,0.19,0.0,0.951,DL14CE5987,0.999,awiros
delhi_1080p_s0_t3,1,1,0.034,552.0,668.4,619.5,697.1,67.5,28.7,1939,2.35,MEDIUM,0.766,1,470.7,23004.1,89.0,63.9,2.49,7.9,0.037,0.003,0.938,DL1CQ5334,0.999,awiros
delhi_1080p_s0_t2,2,2,0.067,1082.1,800.3,1193.5,850.0,111.4,49.7,5536,2.24,MEDIUM,0.795,1,1101.0,34887.0,85.8,72.5,2.34,5.4,0.185,0.0,0.953,DL14CE5987,1.0,awiros
delhi_1080p_s0_t3,2,2,0.067,544.6,669.0,611.3,698.6,66.8,29.6,1977,2.25,MEDIUM,0.768,1,471.0,23848.5,88.4,64.6,2.41,8.7,0.041,0.004,0.933,DL1CQ5334,1.0,awiros
delhi_1080p_s0_t2,3,3,0.101,1072.7,803.5,1184.7,854.7,111.9,51.2,5735,2.18,MEDIUM,0.794,1,1159.9,35076.8,86.1,72.5,2.42,5.7,0.18,0.0,0.952,DL14CE5987,1.0,awiros
delhi_1080p_s0_t3,3,3,0.101,537.9,670.1,604.3,699.1,66.3,29.1,1928,2.28,MEDIUM,0.766,1,476.4,24828.8,90.8,62.9,2.51,8.7,0.033,0.005,0.932,DL1CQ5334,0.998,awiros
delhi_1080p_s0_t2,4,4,0.135,1063.5,807.6,1176.7,859.7,113.2,52.0,5893,2.18,MEDIUM,0.791,1,1223.1,35453.9,85.9,72.4,2.07,5.8,0.183,0.0,0.955,DL14CE5987,1.0,awiros
delhi_1080p_s0_t3,4,4,0.135,530.7,671.6,597.9,700.9,67.3,29.3,1969,2.3,MEDIUM,0.771,1,552.7,25751.5,90.5,61.9,2.44,8.7,0.04,0.004,0.936,DL1CQ5334,1.0,awiros
delhi_1080p_s0_t2,5,5,0.168,1054.9,812.2,1169.3,864.6,114.4,52.4,5993,2.19,MEDIUM,0.791,1,1134.6,35343.4,86.3,71.9,2.34,5.8,0.178,0.0,0.953,DL14CE5987,1.0,awiros
delhi_1080p_s0_t3,5,5,0.168,524.9,674.2,592.6,703.5,67.7,29.3,1986,2.31,MEDIUM,0.775,1,519.4,24690.9,90.7,63.7,2.51,8.3,0.037,0.004,0.937,DL1CQ5334,1.0,awiros
delhi_1080p_s0_t2,6,6,0.202,1045.0,816.2,1160.1,869.3,115.1,53.1,6112,2.17,MEDIUM,0.791,1,1186.3,35215.9,86.8,72.0,2.45,5.7,0.171,0.0,0.953,UP14DM7400,1.0,awiros
delhi_1080p_s0_t3,6,6,0.202,521.3,676.1,588.4,704.7,67.1,28.7,1922,2.34,MEDIUM,0.78,1,480.4,24147.9,92.2,63.0,2.32,8.2,0.036,0.004,0.935,DL1CQ5334,0.999,awiros
delhi_1080p_s0_t2,7,7,0.235,1035.5,819.8,1151.9,874.9,116.5,55.1,6415,2.11,MEDIUM,0.796,1,1115.1,34334.5,86.6,71.8,2.64,5.8,0.17,0.0,0.951,DL14CE5987,1.0,awiros
delhi_1080p_s0_t3,7,7,0.235,516.2,677.1,583.8,706.6,67.6,29.6,2001,2.29,MEDIUM,0.779,1,457.2,23521.3,90.9,64.0,2.27,8.6,0.033,0.004,0.935,DL1CQ5334,0.991,awiros
delhi_1080p_s0_t2,8,8,0.269,1013.9,826.4,1133.9,883.5,120.0,57.1,6849,2.1,LARGE,0.798,1,1196.2,34211.6,86.5,72.2,2.33,6.0,0.158,0.0,0.955,DL14CE5987,0.999,awiros
delhi_1080p_s0_t3,8,8,0.269,504.9,678.2,572.3,708.5,67.4,30.3,2044,2.22,MEDIUM,0.772,1,472.4,23328.2,90.3,63.6,2.17,8.8,0.038,0.004,0.939,DL1CQ5334,0.998,awiros
delhi_1080p_s0_t2,9,9,0.303,1003.0,830.9,1123.4,889.4,120.4,58.5,7044,2.06,LARGE,0.799,1,1112.8,33455.3,86.5,71.4,2.52,6.2,0.151,0.0,0.953,DL14CE5987,1.0,awiros
delhi_1080p_s0_t3,9,9,0.303,496.8,678.4,566.5,710.0,69.8,31.6,2201,2.21,MEDIUM,0.757,1,474.4,24094.0,90.7,63.9,2.19,9.3,0.032,0.005,0.945,DL1CQ5334,0.986,awiros
delhi_1080p_s0_t2,10,10,0.336,990.9,835.1,1112.4,894.7,121.6,59.6,7245,2.04,LARGE,0.801,1,1132.8,33534.7,86.6,71.4,2.54,6.3,0.148,0.0,0.953,DL14CE5987,1.0,awiros
delhi_1080p_s0_t3,10,10,0.336,491.2,680.2,560.2,711.5,69.0,31.4,2165,2.2,MEDIUM,0.756,1,440.2,22276.8,89.4,63.0,2.26,8.2,0.036,0.004,0.947,DL1CQ5334,0.934,awiros
delhi_1080p_s0_t5,10,10,0.336,91.5,706.2,162.2,724.2,70.7,18.0,1274,3.92,MEDIUM,0.38,0,287.5,14035.2,78.8,63.5,2.78,0.0,0.0,0.0,0.955,AP12TC6399,0.735,crnn
delhi_1080p_s0_t2,11,11,0.37,977.3,840.0,1101.9,900.5,124.6,60.5,7537,2.06,LARGE,0.794,1,1107.6,33048.7,86.8,71.4,2.4,8.6,0.14,0.0,0.952,DL14CE5987,0.999,awiros
delhi_1080p_s0_t3,11,11,0.37,484.7,681.0,554.1,711.7,69.4,30.7,2130,2.26,MEDIUM,0.754,1,438.6,22606.2,91.2,63.1,2.62,8.3,0.029,0.004,0.944,DL1CQ5334,1.0,awiros
delhi_1080p_s0_t6,11,11,0.37,78.7,707.0,146.4,728.8,67.7,21.7,1471,3.11,MEDIUM,0.382,0,220.4,12082.0,80.8,60.8,1.53,0.8,0.0,0.0,0.896,KA07AEE6398,0.709,crnn_reader_crnn_v6
delhi_1080p_s0_t2,12,12,0.404,964.0,844.1,1090.1,905.9,126.1,61.9,7800,2.04,LARGE,0.796,1,1155.9,33102.4,86.4,71.2,2.26,6.6,0.141,0.0,0.956,DL14CE5987,0.999,awiros
delhi_1080p_s0_t3,12,12,0.404,478.2,681.5,548.4,713.5,70.3,32.0,2252,2.19,MEDIUM,0.743,1,446.5,21887.3,89.3,64.2,2.23,8.7,0.037,0.005,0.95,DL1CQ5334,1.0,awiros
delhi_1080p_s0_t2,13,13,0.437,949.7,848.4,1076.9,912.2,127.2,63.9,8123,1.99,LARGE,0.798,1,1070.5,32250.4,86.9,71.0,2.57,6.7,0.127,0.0,0.954,DL13S881,0.596,crnn_reader_crnn_v6
delhi_1080p_s0_t3,13,13,0.437,471.3,682.3,541.8,714.8,70.6,32.6,2299,2.17,MEDIUM,0.736,1,423.1,21644.2,90.1,62.7,2.31,8.8,0.034,0.005,0.953,DL1CQ5334,0.954,awiros
delhi_1080p_s0_t6,13,13,0.437,51.8,714.0,116.7,731.6,64.8,17.6,1141,3.68,MEDIUM,0.367,0,229.3,12993.6,74.3,57.2,2.43,4.3,0.011,0.0,0.874,UP10FT6398,0.725,crnn_reader_crnn_v6
delhi_1080p_s0_t2,14,14,0.471,935.2,854.0,1063.6,918.9,128.5,64.9,8334,1.98,LARGE,0.799,1,1121.8,32304.4,86.8,71.0,2.37,6.8,0.12,0.0,0.957,DL14CE5987,1.0,awiros
delhi_1080p_s0_t3,14,14,0.471,464.4,683.6,534.3,715.7,70.0,32.1,2245,2.18,MEDIUM,0.754,1,395.8,21059.5,91.1,63.9,2.53,8.8,0.035,0.005,0.947,DL1CQ5334,0.999,awiros
delhi_1080p_s0_t6,14,14,0.471,36.2,716.9,99.7,733.2,63.5,16.3,1037,3.89,MEDIUM,0.537,0,256.5,12657.6,72.8,61.9,2.2,3.6,0.018,0.0,0.895,UP14EC6338,0.857,awiros
delhi_1080p_s0_t2,15,15,0.504,919.4,859.2,1051.2,926.0,131.8,66.8,8803,1.97,LARGE,0.8,1,1099.6,31630.6,86.4,70.8,2.35,9.2,0.119,0.0,0.953,JH73W740,0.661,crnn
delhi_1080p_s0_t3,15,15,0.504,456.8,684.7,527.4,716.2,70.6,31.5,2226,2.24,MEDIUM,0.755,1,384.3,20620.2,91.7,64.1,2.9,8.8,0.035,0.004,0.944,DL1CQ5334,0.997,awiros
delhi_1080p_s0_t6,15,15,0.504,18.1,718.3,81.0,736.5,62.9,18.2,1148,3.45,MEDIUM,0.753,0,230.7,13195.6,73.7,60.7,0.68,0.0,0.025,0.002,0.887,DL13BW7737,0.702,crnn_reader_crnn_v6
delhi_1080p_s0_t2,16,16,0.538,903.2,865.1,1037.0,931.4,133.7,66.3,8861,2.02,LARGE,0.8,1,1161.4,31896.9,86.7,70.3,2.19,7.1,0.115,0.0,0.958,DL14CE5987,0.999,awiros
delhi_1080p_s0_t3,16,16,0.538,449.3,685.9,520.0,718.9,70.7,33.0,2330,2.15,MEDIUM,0.726,1,399.1,20219.5,89.8,62.7,2.43,8.8,0.036,0.005,0.952,DL1CQ5334,0.983,awiros
delhi_1080p_s0_t5,16,16,0.538,1.9,721.9,63.8,738.7,61.9,16.8,1041,3.68,MEDIUM,0.683,0,195.8,11409.0,73.2,63.5,1.02,3.5,0.027,0.0,0.823,MP14EC6398,0.742,crnn_reader_crnn_v6
delhi_1080p_s0_t2,17,17,0.572,886.3,870.9,1022.2,938.6,135.9,67.7,9202,2.01,LARGE,0.795,1,1104.6,30766.1,86.7,70.9,2.61,9.3,0.109,0.0,0.952,DL14CE5987,1.0,awiros
delhi_1080p_s0_t3,17,17,0.572,441.8,687.4,513.8,720.6,72.0,33.3,2397,2.16,MEDIUM,0.723,1,386.9,20145.4,90.8,62.1,2.73,8.7,0.029,0.004,0.954,DL1CQ5334,0.997,awiros
delhi_1080p_s0_t5,17,17,0.572,0.9,725.6,43.8,740.7,42.8,15.1,645,2.84,SMALL,0.648,0,40.8,5496.2,76.1,57.0,1.58,2.8,0.005,0.0,0.604,UK206390,0.714,crnn
delhi_1080p_s0_t2,18,18,0.605,872.5,876.7,1006.1,948.2,133.7,71.4,9547,1.87,LARGE,0.793,1,1036.1,29487.7,86.4,71.5,2.23,7.6,0.108,0.0,0.958,DL14CE5987,0.999,awiros
delhi_1080p_s0_t3,18,18,0.605,435.1,688.9,506.2,721.8,71.1,32.8,2334,2.17,MEDIUM,0.758,1,359.2,19496.9,92.0,63.4,2.64,8.8,0.03,0.005,0.951,DL1CQ5334,0.998,awiros
delhi_1080p_s0_t5,18,18,0.605,0.0,729.1,25.4,743.7,25.4,14.6,370,1.74,VERY_SMALL,0.528,1,7.1,2214.5,77.1,57.7,1.55,2.5,0.008,0.0,0.5,,0.0,
delhi_1080p_s0_t2,19,19,0.639,851.0,881.8,989.7,954.6,138.7,72.8,10093,1.91,LARGE,0.801,1,1093.7,29822.5,86.4,70.3,2.45,16.9,0.102,0.0,0.941,DL14CE5987,1.0,awiros
delhi_1080p_s0_t3,19,19,0.639,427.7,689.5,499.3,722.9,71.6,33.5,2397,2.14,MEDIUM,0.772,1,333.0,18470.2,90.9,62.5,2.19,8.8,0.032,0.004,0.954,DL1CQ5334,0.968,awiros
delhi_1080p_s0_t5,19,19,0.639,0.0,750.9,215.5,865.3,215.5,114.5,24669,1.88,LARGE,0.287,1,907.5,16776.8,59.7,62.0,0.0,0.0,0.151,0.0,0.985,UA03M0042,0.602,crnn
delhi_1080p_s0_t2,20,20,0.673,832.2,888.6,972.5,962.0,140.2,73.5,10303,1.91,LARGE,0.805,1,1100.4,29011.4,85.8,70.0,2.25,16.7,0.104,0.0,0.943,DL14CE5987,1.0,awiros
delhi_1080p_s0_t3,20,20,0.673,419.6,689.9,492.2,723.7,72.5,33.9,2456,2.14,MEDIUM,0.779,1,363.7,19459.5,90.7,63.3,2.26,9.3,0.035,0.004,0.96,DL7CR3761,1.0,awiros
delhi_1080p_s0_t5,20,20,0.673,209.3,810.2,286.8,869.2,77.6,59.0,4577,1.32,MEDIUM,0.242,1,154.3,5916.8,78.3,49.1,2.52,0.0,0.027,0.0,0.855,,0.0,
delhi_1080p_s0_t2,21,21,0.706,814.1,895.4,952.5,970.7,138.4,75.3,10424,1.84,LARGE,0.79,1,997.7,27780.8,86.0,70.8,2.58,17.1,0.101,0.0,0.94,DL14CE5987,1.0,awiros
delhi_1080p_s0_t3,21,21,0.706,411.1,690.7,484.1,725.3,73.0,34.5,2522,2.11,MEDIUM,0.768,1,331.1,18671.3,91.5,62.5,2.26,9.3,0.03,0.005,0.961,DL1CQ5334,0.969,awiros
delhi_1080p_s0_t2,22,22,0.74,789.7,899.9,934.1,976.8,144.4,76.8,11096,1.88,LARGE,0.802,1,1102.4,28822.6,86.6,71.2,2.57,17.1,0.097,0.0,0.94,DL11SD385,0.855,awiros
delhi_1080p_s0_t3,22,22,0.74,402.8,691.8,475.4,727.0,72.6,35.2,2556,2.06,MEDIUM,0.755,1,323.6,18351.9,90.7,60.6,2.19,9.4,0.034,0.004,0.961,DL1CQ5334,0.997,awiros
delhi_1080p_s0_t2,23,23,0.773,769.2,907.7,913.5,988.1,144.3,80.4,11602,1.79,LARGE,0.786,1,984.7,26675.5,85.6,70.6,2.65,17.0,0.103,0.0,0.939,DL14CE5987,1.0,awiros
delhi_1080p_s0_t3,23,23,0.773,393.4,692.5,466.6,727.9,73.2,35.4,2590,2.07,MEDIUM,0.766,1,312.5,18198.1,90.7,62.4,2.35,9.9,0.034,0.005,0.959,DL1CQ5334,0.997,awiros
delhi_1080p_s0_t5,23,23,0.773,2.6,713.2,49.1,741.1,46.5,27.9,1298,1.67,SMALL,0.247,1,44.7,6218.9,72.9,59.8,1.47,0.0,0.014,0.0,0.635,,0.0,
delhi_1080p_s0_t2,24,24,0.807,746.4,913.8,892.4,995.7,146.0,82.0,11971,1.78,LARGE,0.805,1,1043.0,26919.4,85.7,70.8,2.31,17.1,0.107,0.0,0.941,DL14CE5987,1.0,awiros
delhi_1080p_s0_t3,24,24,0.807,385.6,693.7,459.1,729.3,73.5,35.6,2619,2.06,MEDIUM,0.764,1,330.1,18172.5,89.9,60.9,2.08,9.9,0.041,0.005,0.96,DL1CQ5334,0.998,awiros
delhi_1080p_s0_t5,24,24,0.807,0.3,715.9,27.6,741.6,27.3,25.7,703,1.06,VERY_SMALL,0.321,1,9.8,3199.8,91.1,61.1,1.09,0.0,0.001,0.0,0.518,MH02AA0677,0.506,crnn_reader_crnn_v6
delhi_1080p_s0_t2,25,25,0.841,722.5,921.2,872.7,1007.6,150.2,86.4,12973,1.74,LARGE,0.791,1,981.4,25949.9,85.0,69.5,2.66,0.0,0.111,0.0,0.967,DL14CE5987,1.0,awiros
delhi_1080p_s0_t3,25,25,0.841,377.3,693.9,449.7,730.5,72.4,36.6,2653,1.98,MEDIUM,0.751,1,293.4,17584.7,90.4,62.3,2.59,10.4,0.04,0.005,0.95,DL1CQ5334,0.999,awiros
delhi_1080p_s0_t5,25,25,0.841,93.6,830.2,200.3,892.1,106.7,61.9,6599,1.72,MEDIUM,0.363,1,227.1,7259.1,68.8,53.1,1.03,0.0,0.047,0.0,0.926,HP97FP47,0.55,crnn
delhi_1080p_s0_t2,26,26,0.874,697.2,928.4,847.3,1015.5,150.1,87.2,13088,1.72,LARGE,0.8,1,954.2,25677.4,85.6,69.1,2.52,18.4,0.11,0.0,0.937,DL14CE5987,1.0,awiros
delhi_1080p_s0_t3,26,26,0.874,369.2,695.7,441.7,730.7,72.6,35.1,2546,2.07,MEDIUM,0.76,1,291.1,17129.2,91.8,62.2,2.47,9.9,0.034,0.005,0.95,DL1CQ5334,0.998,awiros
delhi_1080p_s0_t5,26,26,0.874,79.3,826.4,184.5,898.6,105.2,72.2,7592,1.46,MEDIUM,0.319,1,243.1,6874.7,67.2,50.7,0.59,0.0,0.048,0.0,0.943,KA50D0447,0.683,crnn
delhi_1080p_s0_t2,27,27,0.908,672.3,936.1,825.4,1026.8,153.1,90.7,13881,1.69,LARGE,0.805,1,916.6,25050.3,85.1,68.8,2.66,0.0,0.114,0.0,0.966,DL14CE5987,1.0,awiros
delhi_1080p_s0_t3,27,27,0.908,359.9,696.1,433.9,731.5,74.1,35.4,2620,2.09,MEDIUM,0.742,1,283.9,16561.7,91.3,60.5,2.56,9.4,0.036,0.004,0.944,DL1CQ5334,0.993,awiros
delhi_1080p_s0_t2,28,28,0.942,646.2,946.0,799.3,1038.1,153.1,92.1,14102,1.66,LARGE,0.797,1,879.4,24357.1,84.8,69.8,2.11,0.0,0.119,0.0,0.97,DL14CE5987,1.0,awiros
delhi_1080p_s0_t3,28,28,0.942,349.9,696.8,423.9,733.0,74.0,36.2,2680,2.04,MEDIUM,0.758,1,298.9,16743.1,90.7,62.1,2.01,10.5,0.043,0.005,0.959,DL1CQ5334,1.0,awiros
delhi_1080p_s0_t3,29,29,0.975,341.4,697.9,414.9,734.5,73.6,36.5,2689,2.01,MEDIUM,0.752,1,280.3,16540.2,91.5,61.5,2.03,10.5,0.043,0.004,0.943,DL1CQ5334,0.999,awiros
delhi_1080p_s0_t2,29,29,0.975,659.0,961.5,770.1,1047.8,111.1,86.4,9592,1.29,MEDIUM,0.733,1,334.5,16809.4,85.9,69.1,1.07,19.2,0.148,0.0,0.944,DL1CE5987,0.938,awiros
delhi_1080p_s0_t5,29,29,0.975,5.4,853.4,118.3,906.4,112.9,53.0,5980,2.13,MEDIUM,0.454,1,252.1,7706.1,65.0,51.3,1.23,0.0,0.037,0.0,0.946,AP01FP304,0.537,crnn
delhi_1080p_s0_t3,30,30,1.009,332.9,699.2,406.2,735.5,73.4,36.3,2662,2.02,MEDIUM,0.754,1,273.5,16069.3,91.7,60.0,2.35,10.0,0.044,0.004,0.936,DL1CQ5334,0.949,awiros
delhi_1080p_s0_t2,30,30,1.009,662.3,977.5,740.5,1062.3,78.2,84.8,6638,0.92,MEDIUM,0.613,1,149.6,12371.0,87.3,67.4,0.0,19.5,0.159,0.0,0.826,CH425987,0.638,crnn_reader_crnn_v6
delhi_1080p_s0_t5,30,30,1.009,2.1,828.7,111.7,923.6,109.6,95.0,10406,1.15,MEDIUM,0.258,1,318.9,8373.2,73.4,50.0,1.07,0.0,0.03,0.0,0.988,HR26CC2083,1.0,awiros
delhi_1080p_s0_t3,31,31,1.042,322.8,699.5,397.3,737.7,74.5,38.3,2851,1.95,MEDIUM,0.748,1,289.8,16834.4,89.8,63.9,2.43,11.0,0.051,0.004,0.946,DL1CQ5334,0.965,awiros
delhi_1080p_s0_t2,31,31,1.042,658.1,992.7,712.6,1069.1,54.6,76.5,4174,0.71,SMALL,0.474,1,49.0,7668.6,97.1,65.2,0.81,20.3,0.144,0.0,0.651,DL11AB3684,0.812,crnn+crnn_reader_crnn_v6
delhi_1080p_s0_t3,32,32,1.076,314.9,702.0,389.3,738.1,74.4,36.1,2686,2.06,MEDIUM,0.737,1,301.6,16605.9,91.4,60.6,2.23,10.5,0.054,0.004,0.957,DL1CQ5334,0.961,awiros
delhi_1080p_s0_t3,33,33,1.11,305.6,703.7,380.1,740.8,74.4,37.1,2760,2.01,MEDIUM,0.739,1,272.3,15597.2,90.6,62.3,2.51,10.0,0.058,0.004,0.932,DL1CQ5334,1.0,awiros
delhi_1080p_s0_t3,34,34,1.143,298.1,705.1,373.8,742.4,75.7,37.4,2828,2.03,MEDIUM,0.765,1,286.1,16226.2,90.8,62.6,2.55,10.0,0.057,0.005,0.943,DL1CQ5334,1.0,awiros
delhi_1080p_s0_t3,35,35,1.177,289.1,706.7,364.4,741.7,75.3,35.0,2631,2.15,MEDIUM,0.754,1,284.9,15995.0,93.1,62.0,2.86,9.6,0.053,0.003,0.941,DL1CQ5334,0.987,awiros
delhi_1080p_s0_t3,36,36,1.211,281.0,708.2,355.6,744.7,74.6,36.6,2726,2.04,MEDIUM,0.754,1,272.0,15194.7,91.5,62.1,2.3,9.1,0.058,0.002,0.936,DL1CQ5334,1.0,awiros
delhi_1080p_s0_t3,37,37,1.244,271.1,708.9,345.8,745.4,74.7,36.5,2724,2.05,MEDIUM,0.752,1,249.8,15109.4,92.9,61.3,2.41,9.6,0.062,0.004,0.915,DL1CQ5334,0.991,awiros
delhi_1080p_s0_t3,38,38,1.278,260.7,709.8,337.4,747.5,76.7,37.7,2893,2.03,MEDIUM,0.744,1,292.8,15704.8,91.3,61.8,2.33,9.5,0.059,0.003,0.952,OD015581,0.57,crnn
delhi_1080p_s0_t3,39,39,1.311,252.6,710.4,329.0,747.4,76.4,36.9,2822,2.07,MEDIUM,0.739,1,274.6,15102.5,91.5,60.2,2.34,9.1,0.054,0.002,0.938,DL7CR3761,1.0,awiros
delhi_1080p_s0_t3,40,40,1.345,243.5,711.2,318.4,748.5,74.8,37.3,2790,2.01,MEDIUM,0.747,1,281.1,15207.2,91.8,61.2,2.19,9.6,0.059,0.003,0.943,DL1CQ5334,0.995,awiros
delhi_1080p_s0_t3,41,41,1.379,233.7,713.0,309.5,749.5,75.9,36.5,2772,2.08,MEDIUM,0.717,1,267.4,15180.6,92.3,61.0,2.46,9.1,0.056,0.002,0.931,DL11S468,0.956,awiros
delhi_1080p_s0_t3,42,42,1.412,222.9,713.3,299.0,752.3,76.1,38.9,2964,1.95,MEDIUM,0.733,1,288.4,15393.1,91.5,61.8,2.57,10.1,0.06,0.003,0.945,DL1CQ5334,0.997,awiros
delhi_1080p_s0_t3,43,43,1.446,212.3,716.2,288.4,753.9,76.1,37.8,2874,2.01,MEDIUM,0.767,1,250.6,14500.1,91.9,61.5,2.59,9.7,0.059,0.002,0.915,DL1CQ5334,0.999,awiros
delhi_1080p_s0_t3,44,44,1.48,202.0,719.1,277.7,756.3,75.7,37.1,2810,2.04,MEDIUM,0.767,1,283.1,14493.5,91.6,59.6,2.37,8.6,0.058,0.001,0.946,DL1CQ5334,1.0,awiros
delhi_1080p_s0_t3,45,45,1.513,192.2,720.4,269.6,759.2,77.4,38.8,3002,2.0,MEDIUM,0.763,1,266.8,14847.2,92.1,61.3,2.42,9.6,0.059,0.003,0.929,DL1CQ5334,0.999,awiros
delhi_1080p_s0_t3,46,46,1.547,181.4,722.1,258.5,760.9,77.1,38.8,2993,1.99,MEDIUM,0.764,1,267.2,14750.0,93.0,61.4,2.57,9.7,0.058,0.003,0.928,DL1CQ5334,0.946,awiros
delhi_1080p_s0_t3,47,47,1.58,172.0,725.6,248.6,762.8,76.6,37.3,2853,2.05,MEDIUM,0.76,1,267.0,14516.4,93.7,61.3,2.75,9.2,0.054,0.001,0.929,DL1CQ5334,0.999,awiros
delhi_1080p_s0_t3,48,48,1.614,162.0,729.0,239.1,767.0,77.1,38.0,2927,2.03,MEDIUM,0.762,1,286.3,14031.9,91.8,60.0,2.35,8.7,0.054,0.0,0.949,DL1CQ5334,0.998,awiros
delhi_1080p_s0_t3,49,49,1.648,151.5,731.0,230.1,770.7,78.6,39.7,3118,1.98,MEDIUM,0.755,1,275.4,14079.7,90.9,61.4,2.54,8.7,0.057,0.001,0.938,DL1CQ5334,0.947,awiros
delhi_1080p_s0_t10,49,49,1.648,881.4,625.7,915.6,636.6,34.2,11.0,375,3.12,VERY_SMALL,0.441,0,35.5,7086.8,111.4,60.5,6.87,0.0,0.024,0.0,0.535,DL11AA0634,0.591,crnn_reader_crnn_v6
delhi_1080p_s0_t3,50,50,1.681,143.2,733.2,219.7,772.5,76.5,39.3,3006,1.95,MEDIUM,0.761,1,257.4,14092.7,93.0,62.7,2.36,9.8,0.059,0.001,0.922,DL1CQ5334,0.997,awiros
delhi_1080p_s0_t10,50,50,1.681,877.0,626.5,910.3,638.1,33.3,11.5,384,2.89,VERY_SMALL,0.518,0,36.7,7141.0,109.1,59.9,6.99,0.0,0.014,0.0,0.532,DL03AA3084,0.573,awiros
delhi_1080p_s0_t3,51,51,1.715,130.4,734.0,207.8,775.9,77.5,41.8,3239,1.85,MEDIUM,0.748,1,310.0,16039.2,94.2,60.9,2.59,11.3,0.056,0.004,0.953,DL1CQ5334,0.998,awiros
delhi_1080p_s0_t10,51,51,1.715,873.4,627.3,906.2,639.3,32.8,12.0,395,2.73,VERY_SMALL,0.542,0,40.7,7660.7,111.4,61.2,3.54,0.0,0.028,0.0,0.563,DL11AR3684,0.667,crnn_reader_crnn_v6
delhi_1080p_s0_t3,52,52,1.749,121.1,738.4,200.0,777.1,78.9,38.7,3055,2.04,MEDIUM,0.716,1,419.0,17908.2,100.6,58.8,2.3,0.0,0.042,0.001,0.976,DL11RE4605,0.694,crnn
delhi_1080p_s0_t10,52,52,1.749,869.2,627.2,902.2,640.0,33.0,12.8,423,2.58,VERY_SMALL,0.552,1,54.8,8963.8,104.6,60.9,4.69,0.0,0.023,0.0,0.566,DL1CAB9534,0.691,awiros
delhi_1080p_s0_t3,53,53,1.782,108.4,737.7,220.8,773.6,112.3,35.9,4036,3.13,MEDIUM,0.634,0,762.6,19435.4,113.7,55.9,2.16,0.0,0.026,0.002,0.978,DL10QEA7677,0.621,crnn
delhi_1080p_s0_t10,53,53,1.782,865.4,627.7,897.3,640.1,31.9,12.4,396,2.57,VERY_SMALL,0.34,1,41.7,7595.5,104.1,60.1,3.56,0.0,0.011,0.0,0.562,DL1CAB9634,0.835,awiros
delhi_1080p_s0_t10,59,59,1.984,826.5,640.0,871.2,659.1,44.7,19.1,855,2.34,SMALL,0.486,1,230.4,25304.4,130.3,71.3,3.48,0.0,0.007,0.009,0.774,,0.0,
delhi_1080p_s0_t65,60,60,2.018,1142.4,684.7,1180.9,694.1,38.5,9.4,361,4.11,VERY_SMALL,0.375,0,168.0,25372.7,88.5,77.8,2.78,6.9,0.198,0.0,0.674,GJ10BN7735,0.544,crnn_reader_crnn_v6
delhi_1080p_s0_t87,61,61,2.051,909.0,736.5,950.2,769.3,41.2,32.8,1350,1.26,SMALL,0.736,1,88.9,10888.0,114.0,70.1,1.35,0.6,0.024,0.0,0.659,MH422158,0.624,crnn
delhi_1080p_s0_t7,61,61,2.051,1286.9,730.8,1331.1,743.3,44.3,12.5,552,3.55,SMALL,0.203,0,55.8,10272.1,73.2,73.0,4.14,0.0,0.168,0.0,0.611,,0.0,
delhi_1080p_s0_t87,62,62,2.085,893.0,737.7,943.0,771.4,50.0,33.7,1685,1.49,SMALL,0.754,1,204.3,16576.2,110.9,69.9,1.36,0.0,0.026,0.001,0.802,DL6SRE6415,0.823,crnn_reader_crnn_v6
delhi_1080p_s0_t87,63,63,2.118,883.1,739.7,934.7,775.4,51.7,35.7,1845,1.45,SMALL,0.653,1,206.2,16580.4,107.1,70.4,0.98,0.0,0.027,0.0,0.811,MH04B1515,0.541,crnn
delhi_1080p_s0_t100,63,63,2.118,1132.4,684.5,1172.7,693.0,40.4,8.5,345,4.72,SMALL,0.462,0,195.9,27541.2,92.6,75.2,3.58,4.3,0.192,0.0,0.703,GJ13BW7739,0.545,crnn_reader_crnn_v6
delhi_1080p_s0_t10,63,63,2.118,848.1,639.0,891.9,658.3,43.8,19.3,844,2.27,SMALL,0.335,1,278.2,27057.9,110.9,72.0,3.21,0.0,0.004,0.013,0.815,,0.0,
delhi_1080p_s0_t87,64,64,2.152,873.1,742.3,926.1,777.5,53.0,35.2,1865,1.5,SMALL,0.775,1,241.4,17620.9,105.1,70.8,1.17,0.6,0.025,0.0,0.846,MP06A9159,0.562,crnn_reader_crnn_v6
delhi_1080p_s0_t100,64,64,2.152,1129.7,685.6,1168.8,694.2,39.1,8.6,337,4.54,VERY_SMALL,0.403,0,190.2,27856.4,96.2,75.4,4.12,0.0,0.17,0.0,0.696,DL10EW7759,0.553,crnn_reader_crnn_v6
delhi_1080p_s0_t87,65,65,2.186,863.2,743.5,916.3,780.4,53.1,36.9,1960,1.44,SMALL,0.737,1,213.0,16870.2,103.2,70.8,1.4,0.0,0.023,0.0,0.821,MZ065915,0.59,crnn_reader_crnn_v6
delhi_1080p_s0_t98,65,65,2.186,867.0,746.3,911.9,765.0,44.9,18.7,840,2.4,SMALL,0.588,1,156.6,15810.4,130.8,66.5,2.7,0.0,0.001,0.0,0.727,DL7CPK7969,0.55,crnn_reader_crnn_v6
delhi_1080p_s0_t98,66,66,2.219,858.4,748.8,907.6,765.0,49.2,16.2,797,3.04,SMALL,0.73,0,230.2,18988.5,127.2,67.6,3.34,0.0,0.003,0.0,0.802,,0.0,
delhi_1080p_s0_t100,66,66,2.219,1124.6,686.2,1162.6,696.0,38.0,9.8,372,3.87,VERY_SMALL,0.447,0,162.6,25370.8,94.8,75.4,2.67,5.8,0.146,0.0,0.674,DL13BW7737,0.525,crnn_reader_crnn_v6
delhi_1080p_s0_t87,66,66,2.219,852.1,745.6,907.5,781.9,55.3,36.3,2007,1.53,SMALL,0.395,1,260.8,18575.4,101.8,70.9,1.43,0.0,0.027,0.0,0.872,MP06A8159,0.673,crnn_reader_crnn_v6
delhi_1080p_s0_t98,67,67,2.253,848.7,751.6,898.1,766.0,49.4,14.4,713,3.42,SMALL,0.714,0,232.0,18387.1,122.1,67.2,3.71,0.0,0.007,0.0,0.804,,0.0,
delhi_1080p_s0_t87,67,67,2.253,842.3,748.5,898.9,787.6,56.5,39.0,2206,1.45,SMALL,0.694,1,254.0,18026.8,101.3,70.7,1.29,0.0,0.034,0.0,0.87,MH461519,0.584,crnn
delhi_1080p_s0_t10,67,67,2.253,805.1,625.2,839.9,640.2,34.7,15.0,520,2.32,VERY_SMALL,0.277,1,72.1,9415.6,121.9,55.4,2.12,0.0,0.018,0.0,0.614,,0.0,
delhi_1080p_s0_t7,67,67,2.253,1270.0,744.4,1316.3,758.3,46.3,13.9,645,3.33,SMALL,0.258,0,50.8,9719.0,73.7,73.9,3.31,0.0,0.152,0.0,0.623,,0.0,
delhi_1080p_s0_t100,67,67,2.253,1122.9,687.8,1161.0,696.5,38.1,8.7,330,4.4,VERY_SMALL,0.209,0,179.9,26875.4,102.7,72.7,3.76,4.6,0.118,0.0,0.684,GJ15BK7119,0.51,crnn
delhi_1080p_s0_t87,68,68,2.287,833.1,751.4,888.1,791.2,55.0,39.8,2190,1.38,SMALL,0.723,1,237.1,17309.9,102.4,71.3,1.2,0.0,0.034,0.0,0.85,MH461510,0.508,crnn
delhi_1080p_s0_t100,68,68,2.287,1118.9,688.8,1161.0,698.9,42.1,10.0,422,4.19,SMALL,0.542,0,236.0,28934.8,87.5,77.8,2.83,0.0,0.2,0.0,0.761,KL15BK7117,0.645,crnn
delhi_1080p_s0_t7,68,68,2.287,1259.8,747.5,1312.5,761.4,52.7,13.9,734,3.79,SMALL,0.406,0,92.2,12268.9,77.7,72.3,3.1,0.0,0.14,0.0,0.691,,0.0,
delhi_1080p_s0_t87,69,69,2.32,812.9,752.1,923.0,796.1,110.0,44.0,4845,2.5,MEDIUM,0.539,1,1506.1,32560.4,91.6,66.1,2.44,0.0,0.081,0.001,0.971,DL6SE6417,0.787,awiros
delhi_1080p_s0_t65,69,69,2.32,1116.2,690.6,1156.5,698.9,40.3,8.2,332,4.89,SMALL,0.371,0,232.3,29614.2,103.7,78.4,4.4,0.0,0.133,0.0,0.74,DL12BH3119,0.584,crnn
delhi_1080p_s0_t7,69,69,2.32,1257.0,750.6,1309.5,765.7,52.5,15.1,793,3.48,SMALL,0.34,0,80.1,11846.7,74.4,72.3,2.57,0.0,0.161,0.0,0.683,,0.0,
delhi_1080p_s0_t100,70,70,2.354,1111.6,691.2,1153.7,701.4,42.1,10.2,428,4.15,SMALL,0.607,0,215.9,27907.2,91.4,76.9,3.02,5.7,0.182,0.0,0.731,DL13BW7739,0.694,crnn_reader_crnn_v6
delhi_1080p_s0_t101,70,70,2.354,808.2,757.8,865.5,800.7,57.3,42.9,2458,1.34,SMALL,0.53,1,232.3,17037.4,106.9,69.7,1.18,0.0,0.015,0.0,0.859,DL6SBE6415,0.732,crnn_reader_crnn_v6
delhi_1080p_s0_t7,70,70,2.354,1246.1,753.3,1305.0,768.6,58.9,15.3,902,3.84,SMALL,0.488,0,115.7,13355.0,76.9,73.5,2.73,0.0,0.154,0.0,0.743,,0.0,
delhi_1080p_s0_t87,70,70,2.354,769.6,861.8,858.8,921.8,89.2,59.9,5348,1.49,MEDIUM,0.21,1,311.8,15236.5,74.9,63.2,1.9,0.0,0.182,0.002,0.965,,0.0,
delhi_1080p_s0_t112,71,71,2.387,789.1,628.0,821.6,642.1,32.6,14.1,459,2.32,VERY_SMALL,0.602,1,49.8,8425.0,110.6,57.3,3.7,2.0,0.027,0.0,0.562,DL12AN3694,0.639,crnn
delhi_1080p_s0_t87,71,71,2.387,794.0,759.8,882.3,803.9,88.3,44.1,3897,2.0,MEDIUM,0.598,1,1037.1,30445.9,97.5,66.5,2.2,0.0,0.049,0.0,0.977,ML63BKL6215,0.621,crnn
delhi_1080p_s0_t100,71,71,2.387,1107.2,691.9,1150.0,702.4,42.8,10.5,451,4.06,SMALL,0.541,0,198.8,26526.9,88.0,78.3,2.67,0.0,0.195,0.0,0.732,CG02BK1727,0.613,crnn
delhi_1080p_s0_t112,72,72,2.421,784.6,627.6,819.4,641.9,34.8,14.2,496,2.45,VERY_SMALL,0.642,1,67.8,9872.4,105.2,61.8,4.26,1.5,0.028,0.0,0.585,MH01AT8114,0.652,crnn
delhi_1080p_s0_t100,72,72,2.421,1103.3,693.0,1146.1,703.5,42.8,10.5,450,4.07,SMALL,0.58,0,228.4,28491.2,89.0,79.1,2.67,0.0,0.208,0.0,0.755,DL02DW7729,0.557,crnn
delhi_1080p_s0_t87,72,72,2.421,776.2,762.9,841.7,807.5,65.4,44.6,2916,1.47,MEDIUM,0.414,1,376.0,20334.7,110.4,65.7,0.84,0.0,0.014,0.0,0.957,ML65BKL6215,0.827,crnn
delhi_1080p_s0_t112,73,73,2.455,780.0,627.4,813.9,645.9,33.9,18.6,631,1.83,VERY_SMALL,0.714,1,52.7,8334.4,100.7,63.4,2.78,8.9,0.031,0.0,0.568,MH01MR2684,0.561,crnn_reader_crnn_v6
delhi_1080p_s0_t87,73,73,2.455,766.0,766.7,823.3,810.0,57.3,43.3,2480,1.32,SMALL,0.658,1,212.8,16716.2,113.5,68.4,0.89,0.0,0.007,0.0,0.846,MH472169,0.572,crnn
delhi_1080p_s0_t65,73,73,2.455,1100.3,694.4,1141.3,703.6,41.0,9.2,375,4.48,SMALL,0.522,0,233.7,30616.7,101.9,74.0,4.0,0.0,0.157,0.0,0.746,DL12BK7129,0.633,crnn
delhi_1080p_s0_t112,74,74,2.488,775.2,626.7,811.7,641.8,36.5,15.1,551,2.42,VERY_SMALL,0.674,1,79.6,10201.7,98.4,62.4,3.98,8.5,0.04,0.0,0.596,DL11KR3684,0.685,crnn_reader_crnn_v6
delhi_1080p_s0_t87,74,74,2.488,749.5,769.8,810.8,814.2,61.3,44.4,2723,1.38,MEDIUM,0.609,1,278.5,18575.9,114.1,68.5,1.06,0.0,0.007,0.0,0.919,MH47F2169,0.667,crnn
delhi_1080p_s0_t100,74,74,2.488,1095.5,695.4,1138.4,705.2,43.0,9.8,422,4.37,SMALL,0.528,0,241.0,30144.7,95.0,76.4,2.76,4.8,0.152,0.0,0.762,GJ02DK7127,0.51,crnn
delhi_1080p_s0_t112,75,75,2.522,771.7,626.8,808.1,642.4,36.4,15.6,567,2.33,VERY_SMALL,0.715,1,71.8,9941.9,100.2,63.3,3.73,8.5,0.034,0.0,0.588,CG15N4825,0.57,crnn
delhi_1080p_s0_t87,75,75,2.522,735.3,771.8,823.0,816.0,87.7,44.2,3877,1.98,MEDIUM,0.397,1,989.5,30088.2,103.8,67.2,2.33,0.0,0.04,0.0,0.977,UP14DM7400,1.0,awiros
delhi_1080p_s0_t100,75,75,2.522,1091.5,696.2,1134.8,706.2,43.3,10.0,434,4.32,SMALL,0.321,0,236.8,30313.2,96.2,76.2,2.67,4.1,0.128,0.0,0.763,DL13BW7737,0.702,crnn_reader_crnn_v6
delhi_1080p_s0_t10,76,76,2.556,768.4,627.0,804.5,640.6,36.1,13.6,490,2.66,VERY_SMALL,0.708,0,76.2,10325.0,104.6,60.6,4.74,8.6,0.025,0.0,0.58,DL1CAE9524,0.766,awiros
delhi_1080p_s0_t100,76,76,2.556,1087.1,696.8,1130.6,706.7,43.5,9.9,432,4.38,SMALL,0.462,0,255.4,31437.4,96.6,74.1,2.73,4.1,0.119,0.0,0.783,DL15BK7737,0.661,crnn
delhi_1080p_s0_t87,76,76,2.556,720.8,773.6,842.4,816.6,121.6,43.0,5224,2.83,LARGE,0.332,0,1661.1,31530.8,93.8,65.4,2.93,0.0,0.078,0.0,0.968,DL6SBE6415,0.964,awiros
delhi_1080p_s0_t7,76,76,2.556,1210.7,772.9,1274.0,787.7,63.3,14.8,936,4.28,MEDIUM,0.27,0,150.5,14546.0,81.7,71.9,2.19,0.0,0.142,0.0,0.797,,0.0,
delhi_1080p_s0_t10,77,77,2.589,763.1,626.2,800.6,640.3,37.5,14.1,530,2.66,VERY_SMALL,0.561,0,91.4,11224.0,103.1,63.8,3.99,0.0,0.024,0.0,0.625,DL11AX5634,0.561,crnn_reader_crnn_v6
delhi_1080p_s0_t65,77,77,2.589,1082.5,697.5,1125.9,708.3,43.5,10.8,469,4.03,SMALL,0.483,0,240.7,29832.9,96.3,74.9,2.77,0.0,0.112,0.0,0.778,DL13BK7137,0.562,crnn
delhi_1080p_s0_t87,77,77,2.589,705.9,775.8,828.2,818.6,122.3,42.8,5233,2.86,LARGE,0.435,0,1578.4,31261.7,94.4,65.9,3.28,0.0,0.075,0.0,0.965,KA41A477,0.588,crnn_reader_crnn_v6
delhi_1080p_s0_t7,77,77,2.589,1203.0,776.3,1267.3,791.6,64.3,15.3,981,4.21,MEDIUM,0.303,0,146.1,14441.0,81.7,72.5,1.48,0.0,0.14,0.0,0.807,,0.0,
delhi_1080p_s0_t104,78,78,2.623,907.0,736.7,924.5,751.3,17.5,14.6,255,1.2,EXTREMELY_TINY,0.527,1,7.3,3792.9,80.9,71.1,2.19,3.9,0.074,0.0,0.462,GJ15DL70,0.537,crnn
delhi_1080p_s0_t100,78,78,2.623,1076.9,698.6,1120.4,708.8,43.5,10.2,442,4.28,SMALL,0.517,0,258.4,31562.2,100.4,74.9,2.72,0.0,0.105,0.0,0.794,DL12C3332,0.578,awiros
delhi_1080p_s0_t87,78,78,2.623,678.3,781.7,750.8,827.8,72.5,46.2,3346,1.57,MEDIUM,0.359,1,442.3,21589.5,118.8,64.4,1.3,0.0,0.004,0.0,0.989,TR58ZE8415,0.676,crnn_reader_crnn_v6
delhi_1080p_s0_t7,78,78,2.623,1196.1,780.1,1260.5,795.7,64.4,15.6,1005,4.13,MEDIUM,0.35,0,155.6,14885.4,81.8,72.6,1.96,0.0,0.147,0.0,0.81,,0.0,
delhi_1080p_s0_t10,78,78,2.623,757.1,625.3,788.8,639.0,31.7,13.7,433,2.32,VERY_SMALL,0.297,1,44.9,7813.6,100.9,62.4,3.26,0.0,0.042,0.0,0.56,DL16A8561,0.624,crnn_reader_crnn_v6
delhi_1080p_s0_t104,79,79,2.656,896.1,736.8,916.0,753.2,19.8,16.3,324,1.22,EXTREMELY_TINY,0.707,1,9.2,4163.8,77.9,67.2,1.87,3.7,0.08,0.0,0.478,,0.0,
delhi_1080p_s0_t87,79,79,2.656,665.4,785.6,731.7,832.1,66.3,46.5,3084,1.43,MEDIUM,0.623,1,299.8,19119.4,119.2,66.6,0.61,0.0,0.002,0.0,0.964,MH01F055,0.598,crnn_reader_crnn_v6
delhi_1080p_s0_t7,79,79,2.656,1185.5,784.1,1254.4,801.0,68.9,16.9,1165,4.07,MEDIUM,0.521,0,167.9,15092.2,81.2,73.2,2.64,0.0,0.16,0.0,0.833,DL7MT6733,0.588,crnn
delhi_1080p_s0_t65,79,79,2.656,1072.2,700.2,1115.6,709.6,43.4,9.4,409,4.61,SMALL,0.298,0,256.8,31277.1,108.5,71.9,3.3,0.0,0.085,0.0,0.786,DL15ZB7727,0.633,crnn
delhi_1080p_s0_t104,80,80,2.69,886.0,740.5,907.0,755.2,21.0,14.7,309,1.43,VERY_SMALL,0.717,1,11.5,4870.0,79.5,67.4,3.4,3.5,0.101,0.0,0.469,KA03KA93,0.521,awiros
delhi_1080p_s0_t65,80,80,2.69,1068.6,701.3,1111.8,711.2,43.2,9.9,429,4.36,SMALL,0.472,0,287.9,33554.0,106.6,73.4,2.82,0.0,0.097,0.0,0.814,DL08ZB7717,0.539,crnn
delhi_1080p_s0_t7,80,80,2.69,1180.9,788.3,1248.2,803.7,67.3,15.4,1037,4.37,MEDIUM,0.444,0,188.5,15806.4,83.4,69.8,1.63,0.0,0.145,0.0,0.856,,0.0,
delhi_1080p_s0_t104,81,81,2.724,873.0,743.1,897.6,756.4,24.6,13.3,327,1.85,VERY_SMALL,0.679,1,18.0,6420.1,81.1,69.4,4.68,4.4,0.108,0.0,0.477,KA03KA193,0.595,awiros
delhi_1080p_s0_t65,81,81,2.724,1063.2,702.3,1107.9,712.2,44.7,9.9,444,4.49,SMALL,0.575,0,341.7,35718.8,104.5,72.6,3.01,0.0,0.105,0.0,0.834,DL13EW7157,0.63,crnn_reader_crnn_v6
delhi_1080p_s0_t87,81,81,2.724,629.9,791.1,763.9,837.5,134.1,46.4,6221,2.89,LARGE,0.273,0,1802.8,31722.1,97.3,63.9,3.16,0.0,0.063,0.0,0.967,MH02AA0677,0.506,crnn_reader_crnn_v6
delhi_1080p_s0_t7,81,81,2.724,1172.5,792.5,1240.8,808.1,68.3,15.6,1062,4.39,MEDIUM,0.272,0,177.2,15598.0,84.2,70.1,1.47,0.0,0.138,0.0,0.852,DL7MTU6187,0.547,crnn
delhi_1080p_s0_t104,82,82,2.757,859.0,744.0,887.7,758.5,28.7,14.5,416,1.97,VERY_SMALL,0.679,1,36.5,9231.7,78.9,72.3,3.74,4.8,0.124,0.0,0.521,MH042893,0.56,crnn_reader_crnn_v6
delhi_1080p_s0_t87,82,82,2.757,611.9,793.3,745.1,838.3,133.2,45.0,5994,2.96,LARGE,0.609,0,1718.1,31631.2,99.2,63.8,3.12,0.0,0.057,0.001,0.968,,0.0,
delhi_1080p_s0_t65,82,82,2.757,1058.3,703.2,1103.2,713.3,44.8,10.0,449,4.48,SMALL,0.529,0,336.4,35025.3,106.1,73.0,2.78,2.6,0.096,0.0,0.832,GJ15EB7727,0.699,crnn
delhi_1080p_s0_t7,82,82,2.757,1165.0,796.8,1232.4,812.8,67.5,16.0,1076,4.23,MEDIUM,0.383,0,176.3,15195.6,84.1,71.8,1.91,0.0,0.143,0.0,0.844,DL07TB6133,0.589,crnn
delhi_1080p_s0_t104,83,83,2.791,844.0,745.8,876.8,760.8,32.8,15.1,495,2.18,VERY_SMALL,0.692,1,46.8,10119.5,83.1,70.6,3.43,4.8,0.107,0.0,0.55,AR17JJ192,0.637,crnn
delhi_1080p_s0_t65,83,83,2.791,1052.0,704.1,1097.6,713.7,45.7,9.6,436,4.78,SMALL,0.283,0,326.0,34597.7,105.9,72.3,2.7,0.0,0.095,0.0,0.841,DL15EB7727,0.618,crnn
delhi_1080p_s0_t7,83,83,2.791,1153.2,801.0,1224.6,818.4,71.3,17.3,1237,4.11,MEDIUM,0.24,0,208.5,15838.8,82.9,72.7,1.84,0.0,0.163,0.0,0.888,DL11TU6133,0.571,crnn
delhi_1080p_s0_t87,83,83,2.791,590.8,798.0,728.7,845.0,137.8,47.0,6473,2.93,LARGE,0.22,0,1828.5,31762.9,98.1,63.6,3.46,0.0,0.057,0.0,0.965,MH427627,0.635,crnn_reader_crnn_v6
delhi_1080p_s0_t104,84,84,2.825,831.0,748.2,865.5,763.7,34.5,15.5,535,2.23,VERY_SMALL,0.712,1,68.9,12214.1,87.3,70.6,2.35,0.0,0.107,0.0,0.596,JK24TYN2292,0.591,crnn
delhi_1080p_s0_t7,84,84,2.825,1141.4,806.0,1215.1,824.6,73.7,18.6,1371,3.97,MEDIUM,0.433,0,240.0,15937.3,83.5,72.6,2.15,0.0,0.169,0.0,0.915,DL02TU3133,0.613,crnn
delhi_1080p_s0_t65,84,84,2.825,1046.0,705.8,1092.1,715.4,46.1,9.6,441,4.82,SMALL,0.298,0,396.3,36485.6,109.0,73.9,2.81,0.0,0.078,0.0,0.842,DL15EB7717,0.844,crnn
delhi_1080p_s0_t104,85,85,2.858,817.1,750.2,855.2,765.7,38.1,15.5,591,2.46,VERY_SMALL,0.703,1,77.8,12526.0,90.0,69.1,1.86,0.0,0.078,0.0,0.626,JK24M7292,0.53,crnn
delhi_1080p_s0_t7,85,85,2.858,1131.8,810.9,1205.7,827.6,73.9,16.7,1233,4.43,MEDIUM,0.418,0,207.3,15535.3,88.1,70.6,0.76,0.0,0.133,0.0,0.903,DL03H1821,0.534,crnn
delhi_1080p_s0_t87,85,85,2.858,548.6,806.7,618.8,861.8,70.2,55.1,3869,1.28,MEDIUM,0.317,1,251.9,16595.6,117.1,67.8,0.08,0.0,0.002,0.0,0.948,MH42B5517,0.527,crnn_reader_crnn_v6
delhi_1080p_s0_t65,85,85,2.858,1041.3,707.4,1085.3,716.9,43.9,9.5,418,4.61,SMALL,0.312,0,275.4,32505.2,108.8,71.8,2.66,0.0,0.078,0.0,0.811,DL15BW7737,0.799,crnn_reader_crnn_v6
delhi_1080p_s0_t104,86,86,2.892,804.0,753.4,844.2,768.4,40.2,14.9,600,2.7,SMALL,0.686,0,91.7,12985.1,91.2,67.2,1.72,0.0,0.077,0.0,0.65,KA54D493,0.605,awiros
delhi_1080p_s0_t65,86,86,2.892,1035.3,708.4,1079.5,718.6,44.2,10.3,453,4.31,SMALL,0.499,0,277.5,31865.4,107.4,70.6,3.55,0.0,0.067,0.0,0.807,DL15BW7727,0.742,crnn
delhi_1080p_s0_t7,86,86,2.892,1129.1,816.5,1197.4,835.5,68.3,18.9,1293,3.61,MEDIUM,0.209,0,190.8,14507.6,80.6,73.8,2.25,0.0,0.182,0.0,0.853,,0.0,
delhi_1080p_s0_t104,87,87,2.925,793.0,754.6,833.1,770.8,40.1,16.2,650,2.47,SMALL,0.671,1,84.2,12330.0,95.4,66.0,2.41,0.0,0.069,0.0,0.635,KA143892,0.571,awiros
delhi_1080p_s0_t100,87,87,2.925,1030.7,709.1,1074.7,718.7,44.0,9.7,426,4.55,SMALL,0.459,0,301.2,33869.4,110.1,70.6,2.84,0.0,0.065,0.0,0.831,DL15EB7727,0.781,crnn
delhi_1080p_s0_t10,87,87,2.925,715.7,626.8,752.7,642.2,37.0,15.5,573,2.39,VERY_SMALL,0.451,1,77.8,9955.2,94.9,63.8,4.62,8.4,0.025,0.0,0.591,DL11AR3084,0.705,crnn_reader_crnn_v6
delhi_1080p_s0_t7,87,87,2.925,1109.5,821.2,1187.5,837.9,78.0,16.7,1299,4.68,MEDIUM,0.34,0,255.7,16555.7,89.8,70.3,0.99,0.0,0.143,0.0,0.941,DL01H7121,0.536,crnn
delhi_1080p_s0_t65,87,87,2.925,1116.2,767.8,1144.9,820.1,28.7,52.3,1502,0.55,VERY_SMALL,0.279,1,13.3,3756.8,110.3,64.4,1.55,0.0,0.003,0.0,0.54,,0.0,
delhi_1080p_s0_t126,88,88,2.959,708.8,625.5,748.5,642.3,39.7,16.8,668,2.36,VERY_SMALL,0.708,1,104.0,11251.2,97.1,62.2,4.89,0.0,0.034,0.0,0.635,DL11AB9584,0.636,crnn_reader_crnn_v6
delhi_1080p_s0_t104,88,88,2.959,779.0,756.7,822.6,772.8,43.6,16.1,700,2.71,SMALL,0.705,0,129.5,14345.6,98.4,65.3,2.3,0.0,0.065,0.0,0.694,MH01AY1893,0.588,crnn_reader_crnn_v6
delhi_1080p_s0_t65,88,88,2.959,1024.6,709.4,1070.2,719.5,45.5,10.1,462,4.49,SMALL,0.569,0,298.1,32427.9,103.2,73.6,3.62,0.0,0.074,0.0,0.83,DL15EW7737,0.785,crnn_reader_crnn_v6
delhi_1080p_s0_t10,88,88,2.959,819.4,660.8,855.0,685.1,35.6,24.3,865,1.46,VERY_SMALL,0.533,1,83.4,13316.4,113.8,74.5,0.97,0.0,0.045,0.001,0.63,AP535518,0.602,crnn
delhi_1080p_s0_t7,88,88,2.959,1101.4,826.0,1177.9,845.2,76.5,19.2,1468,3.98,MEDIUM,0.375,0,261.0,15977.6,86.3,70.9,1.12,0.0,0.173,0.0,0.941,,0.0,
delhi_1080p_s0_t104,89,89,2.993,765.3,758.3,811.3,774.8,46.0,16.4,756,2.8,SMALL,0.683,0,134.1,14684.2,100.4,64.2,2.59,0.0,0.054,0.0,0.708,MH01AY3893,0.593,crnn_reader_crnn_v6
delhi_1080p_s0_t126,89,89,2.993,705.9,625.8,743.1,641.5,37.3,15.8,587,2.37,VERY_SMALL,0.648,1,73.9,9768.4,100.3,61.8,3.91,8.8,0.024,0.0,0.593,DL11AB9634,0.785,awiros
delhi_1080p_s0_t7,89,89,2.993,1087.6,830.5,1168.7,848.6,81.0,18.1,1468,4.47,MEDIUM,0.633,0,287.7,16264.8,89.0,71.1,1.55,0.0,0.16,0.0,0.961,DL3EJU2153,0.667,crnn
delhi_1080p_s0_t65,89,89,2.993,1019.3,710.1,1065.6,720.7,46.2,10.6,488,4.38,SMALL,0.331,0,337.3,33761.8,98.4,74.1,3.27,0.0,0.078,0.0,0.842,DL13KW7737,0.754,crnn_reader_crnn_v6
delhi_1080p_s0_t101,89,89,2.993,452.6,821.7,613.4,885.5,160.7,63.7,10242,2.52,LARGE,0.254,1,1728.2,31246.7,92.1,67.7,3.5,0.0,0.054,0.0,0.965,AP62TF4474,0.645,crnn
delhi_1080p_s0_t104,90,90,3.026,751.8,759.9,799.1,777.6,47.2,17.7,835,2.67,SMALL,0.73,0,147.5,14575.6,102.0,64.3,2.8,0.0,0.049,0.0,0.722,MH21AY3893,0.692,crnn_reader_crnn_v6
delhi_1080p_s0_t10,90,90,3.026,701.2,625.7,739.0,640.7,37.8,15.0,566,2.52,VERY_SMALL,0.705,1,86.3,10414.6,100.2,62.2,3.76,8.8,0.024,0.0,0.608,DL01B9584,0.7,awiros
delhi_1080p_s0_t7,90,90,3.026,1074.2,835.9,1156.9,854.6,82.7,18.8,1552,4.41,MEDIUM,0.585,0,295.2,16106.1,90.5,69.7,1.61,0.0,0.159,0.0,0.967,DL3TZ2159,0.57,crnn
delhi_1080p_s0_t65,90,90,3.026,1013.4,710.0,1061.5,721.5,48.1,11.4,551,4.2,SMALL,0.584,0,326.2,31672.1,89.0,75.2,2.47,0.0,0.109,0.0,0.853,DL13EW773,0.587,crnn_reader_crnn_v6
delhi_1080p_s0_t104,91,91,3.06,735.2,763.7,787.3,780.7,52.1,17.1,890,3.05,SMALL,0.756,0,204.6,16719.9,106.1,64.1,2.91,0.0,0.043,0.0,0.796,UP13AY3893,0.82,awiros
delhi_1080p_s0_t126,91,91,3.06,696.2,625.9,733.9,642.0,37.6,16.1,607,2.33,VERY_SMALL,0.641,1,85.5,10478.4,99.6,63.9,4.11,8.9,0.026,0.0,0.604,DL1AB9534,0.916,awiros
delhi_1080p_s0_t7,91,91,3.06,1060.7,842.5,1144.4,863.6,83.6,21.1,1766,3.96,MEDIUM,0.579,0,302.2,15803.9,90.0,67.2,1.38,0.0,0.167,0.0,0.972,DD31AB2153,0.63,crnn
delhi_1080p_s0_t65,91,91,3.06,1007.9,712.0,1034.4,720.7,26.6,8.7,232,3.04,VERY_SMALL,0.528,0,51.2,13882.4,113.4,71.9,3.9,0.0,0.03,0.0,0.538,,0.0,
delhi_1080p_s0_t101,91,91,3.06,397.3,832.5,567.0,900.9,169.7,68.3,11596,2.48,LARGE,0.39,1,1717.2,30224.3,92.1,68.5,3.63,0.0,0.056,0.0,0.964,DL087774,0.537,crnn
delhi_1080p_s0_t7,92,92,3.094,1046.7,849.1,1132.3,871.6,85.6,22.5,1929,3.8,MEDIUM,0.726,0,390.5,16322.3,89.6,67.9,1.99,0.0,0.175,0.0,0.966,,0.0,
delhi_1080p_s0_t104,92,92,3.094,719.0,766.7,774.9,784.5,55.9,17.8,993,3.14,SMALL,0.696,0,250.2,17350.3,109.0,61.7,2.83,0.0,0.04,0.0,0.85,UP13AY3893,0.822,awiros
delhi_1080p_s0_t126,92,92,3.094,692.3,625.9,728.0,643.9,35.7,18.0,642,1.98,VERY_SMALL,0.659,1,77.5,9918.2,100.6,62.9,3.66,8.8,0.024,0.0,0.594,DL1AB9634,0.847,awiros
delhi_1080p_s0_t101,92,92,3.094,365.2,838.8,544.8,912.4,179.6,73.7,13235,2.44,LARGE,0.226,1,1838.5,30327.2,89.7,67.1,2.94,0.0,0.067,0.001,0.969,WB097074,0.51,crnn
delhi_1080p_s0_t104,93,93,3.127,705.1,768.2,763.3,788.4,58.2,20.2,1175,2.88,SMALL,0.737,0,225.2,15993.0,108.9,59.1,2.41,0.0,0.043,0.0,0.844,UP12AT3893,0.879,awiros
delhi_1080p_s0_t7,93,93,3.127,1031.1,857.5,1119.3,879.3,88.2,21.8,1923,4.05,MEDIUM,0.7,0,342.1,15907.5,93.1,65.7,2.25,0.0,0.16,0.0,0.965,,0.0,
delhi_1080p_s0_t10,93,93,3.127,687.3,626.9,727.7,642.6,40.4,15.7,634,2.58,SMALL,0.654,1,102.5,11235.4,98.2,63.0,3.73,8.8,0.018,0.0,0.634,DL1AB9634,0.903,awiros
delhi_1080p_s0_t126,93,93,3.127,688.1,634.5,722.6,657.1,34.5,22.5,777,1.53,VERY_SMALL,0.41,1,40.2,6044.8,98.7,58.3,2.28,4.0,0.001,0.0,0.577,DL1AS6855,0.561,crnn_reader_crnn_v6
delhi_1080p_s0_t65,93,93,3.127,1041.2,823.5,1098.5,851.4,57.3,27.9,1598,2.06,SMALL,0.325,1,121.1,10238.3,116.3,59.8,3.06,0.0,0.05,0.003,0.746,,0.0,
delhi_1080p_s0_t10,94,94,3.161,683.9,627.2,724.4,642.7,40.5,15.5,627,2.61,SMALL,0.73,0,102.7,11203.7,99.7,62.7,3.95,8.8,0.014,0.0,0.633,DL1AB9624,0.89,awiros
delhi_1080p_s0_t7,94,94,3.161,1016.5,865.6,1105.4,888.6,88.9,23.1,2050,3.86,MEDIUM,0.727,0,363.7,15930.4,92.9,67.9,2.13,0.0,0.166,0.0,0.966,,0.0,
delhi_1080p_s0_t65,94,94,3.161,1015.6,717.2,1038.1,727.4,22.5,10.3,231,2.2,VERY_SMALL,0.726,1,27.8,11143.8,113.3,72.3,5.27,0.0,0.045,0.0,0.486,,0.0,
delhi_1080p_s0_t104,94,94,3.161,691.3,772.5,750.8,791.7,59.5,19.3,1145,3.09,SMALL,0.65,0,241.6,16229.6,111.1,58.1,2.57,0.0,0.038,0.0,0.861,MH17S277,0.621,crnn_reader_crnn_v6
delhi_1080p_s0_t65,95,95,3.194,1002.4,718.9,1033.3,729.4,31.0,10.5,325,2.96,VERY_SMALL,0.734,0,98.1,20934.9,113.7,70.5,2.76,7.1,0.044,0.002,0.596,,0.0,
delhi_1080p_s0_t7,95,95,3.194,999.3,874.2,1090.1,897.2,90.8,23.0,2083,3.95,MEDIUM,0.712,0,325.0,15177.8,95.3,65.2,2.51,0.0,0.151,0.0,0.964,HR26CC2083,1.0,awiros
delhi_1080p_s0_t126,95,95,3.194,680.5,627.0,718.3,644.3,37.9,17.2,653,2.2,VERY_SMALL,0.707,1,77.5,9959.8,99.9,63.8,3.47,8.8,0.014,0.0,0.604,DL1AB9624,0.933,awiros
delhi_1080p_s0_t104,95,95,3.194,677.0,775.2,738.0,795.5,61.0,20.3,1238,3.01,MEDIUM,0.574,0,233.4,15648.1,111.4,57.7,2.7,0.0,0.038,0.0,0.864,UP12AY3893,0.92,awiros
delhi_1080p_s0_t100,95,95,3.194,903.0,680.2,925.7,696.7,22.7,16.5,375,1.37,VERY_SMALL,0.377,1,17.4,5960.8,97.8,65.9,3.32,2.7,0.095,0.0,0.484,UP14CE431,0.654,awiros
delhi_1080p_s0_t101,95,95,3.194,277.6,855.9,471.8,936.9,194.1,81.0,15727,2.4,LARGE,0.373,1,1742.2,27325.7,85.3,66.9,2.93,0.0,0.077,0.0,0.968,CG370444,0.555,crnn
delhi_1080p_s0_t10,96,96,3.228,676.1,627.6,715.4,644.0,39.3,16.4,646,2.39,VERY_SMALL,0.734,1,102.7,11111.0,99.3,62.0,3.73,8.6,0.012,0.0,0.631,DL1LAB9534,0.855,awiros
delhi_1080p_s0_t100,96,96,3.228,891.7,679.5,923.4,697.4,31.6,17.9,566,1.77,VERY_SMALL,0.709,1,68.8,11704.4,94.4,66.2,3.44,3.0,0.085,0.0,0.573,GJ332137,0.553,crnn
delhi_1080p_s0_t104,96,96,3.228,660.0,778.6,724.4,799.8,64.4,21.3,1370,3.03,MEDIUM,0.667,0,296.7,16266.6,112.0,56.3,2.68,0.0,0.039,0.0,0.933,MH24PB4712,0.514,crnn
delhi_1080p_s0_t7,96,96,3.228,980.3,883.4,1074.2,907.6,93.8,24.3,2279,3.86,MEDIUM,0.616,0,407.5,15933.1,94.8,68.3,2.38,0.0,0.164,0.0,0.964,MH05B8516,0.533,crnn_reader_crnn_v6
delhi_1080p_s0_t101,96,96,3.228,250.1,863.4,438.4,942.5,188.3,79.1,14895,2.38,LARGE,0.478,1,1705.0,27009.4,85.1,69.0,2.55,0.0,0.088,0.0,0.97,DL11SDD385,0.931,awiros
delhi_1080p_s0_t126,96,96,3.228,675.3,637.6,709.1,658.0,33.7,20.3,686,1.66,VERY_SMALL,0.262,1,42.0,6038.6,99.9,57.6,2.89,0.0,0.0,0.0,0.576,MH02AA859,0.51,crnn_reader_crnn_v6
delhi_1080p_s0_t100,97,97,3.262,885.2,680.4,919.7,697.8,34.5,17.3,598,1.99,VERY_SMALL,0.786,1,79.9,12969.2,96.7,68.9,3.33,3.2,0.094,0.0,0.59,PB43HR3761,0.636,crnn_reader_crnn_v6
delhi_1080p_s0_t104,97,97,3.262,645.2,781.8,710.4,803.4,65.2,21.6,1407,3.02,MEDIUM,0.737,0,256.5,15172.4,113.0,56.4,3.02,0.0,0.032,0.0,0.901,CH01UK201,0.521,crnn
delhi_1080p_s0_t126,97,97,3.262,671.3,628.6,710.0,644.8,38.7,16.2,626,2.39,VERY_SMALL,0.56,1,86.0,10306.7,101.8,60.4,3.25,8.5,0.012,0.0,0.618,DL1AB9534,0.903,awiros
delhi_1080p_s0_t101,97,97,3.262,205.5,867.1,417.6,942.9,212.0,75.8,16064,2.8,LARGE,0.442,0,1878.8,26735.3,80.9,68.9,3.34,0.0,0.109,0.0,0.961,GJ05Z4447,0.657,crnn
delhi_1080p_s0_t7,97,97,3.262,963.2,893.1,1056.1,918.6,92.8,25.5,2369,3.64,MEDIUM,0.437,0,327.0,14436.9,94.8,65.5,2.67,0.0,0.156,0.0,0.962,DL7SAL4142,0.913,awiros
delhi_1080p_s0_t87,97,97,3.262,499.4,899.6,701.0,1079.7,201.6,180.1,36313,1.12,LARGE,0.286,1,1052.3,17202.7,63.0,57.1,2.47,0.0,0.084,0.002,0.97,,0.0,
delhi_1080p_s0_t100,98,98,3.295,875.3,680.6,917.0,698.2,41.7,17.6,734,2.37,SMALL,0.807,1,173.6,18228.7,97.0,66.6,2.44,3.7,0.087,0.0,0.713,HR13AQ9376,0.567,crnn_reader_crnn_v6
delhi_1080p_s0_t104,98,98,3.295,628.9,784.8,696.8,807.2,67.9,22.5,1527,3.02,MEDIUM,0.718,0,289.1,15213.3,114.8,54.4,2.77,0.0,0.025,0.0,0.942,UP13AY3293,0.916,awiros
delhi_1080p_s0_t7,98,98,3.295,939.6,901.0,1038.6,928.2,99.0,27.2,2697,3.64,MEDIUM,0.682,0,355.9,14028.8,97.2,63.3,2.47,0.0,0.152,0.0,0.964,DL7SAL4142,0.974,awiros
delhi_1080p_s0_t126,98,98,3.295,667.9,628.7,707.0,644.7,39.2,16.0,625,2.45,VERY_SMALL,0.668,1,91.7,10697.4,101.7,60.8,3.26,8.7,0.01,0.0,0.622,DL16AB9634,0.894,awiros
delhi_1080p_s0_t101,98,98,3.295,175.3,877.0,372.0,947.6,196.7,70.6,13894,2.78,LARGE,0.517,0,1678.4,25931.1,83.3,72.4,3.32,0.0,0.11,0.0,0.961,GA18ZF042,0.522,crnn
delhi_1080p_s0_t87,98,98,3.295,478.0,899.1,686.0,1079.8,208.0,180.6,37571,1.15,LARGE,0.208,1,1095.3,17816.4,63.9,57.7,2.16,0.0,0.088,0.002,0.972,,0.0,
delhi_1080p_s0_t100,99,99,3.329,866.3,679.9,913.6,697.6,47.3,17.6,834,2.68,SMALL,0.802,0,315.4,22771.5,98.8,65.3,2.44,3.8,0.072,0.0,0.847,DL7CR3761,0.991,awiros
delhi_1080p_s0_t104,99,99,3.329,615.0,787.1,683.6,810.9,68.7,23.8,1633,2.89,MEDIUM,0.731,0,266.3,14424.4,114.2,54.8,3.32,0.0,0.026,0.0,0.922,UP13AY3193,0.968,awiros
delhi_1080p_s0_t101,99,99,3.329,131.2,883.9,332.9,959.8,201.7,75.9,15317,2.66,LARGE,0.653,0,1717.0,24908.9,80.5,70.6,3.05,0.0,0.123,0.0,0.962,,0.0,
delhi_1080p_s0_t7,99,99,3.329,918.5,909.1,1019.9,938.5,101.5,29.3,2977,3.46,MEDIUM,0.642,0,347.3,13396.0,97.5,65.7,2.67,0.0,0.153,0.0,0.962,DL7SAL4142,0.952,awiros
delhi_1080p_s0_t126,99,99,3.329,664.0,627.8,700.7,646.7,36.8,18.9,694,1.95,VERY_SMALL,0.608,1,68.7,9304.4,102.8,63.1,3.34,8.6,0.011,0.0,0.595,DL1LAB9684,0.836,awiros
delhi_1080p_s0_t100,100,100,3.363,858.0,679.1,910.0,697.1,52.0,18.0,937,2.89,SMALL,0.796,0,445.5,26534.7,100.0,68.3,1.85,2.9,0.072,0.0,0.876,DL7CR3761,1.0,awiros
delhi_1080p_s0_t7,100,100,3.363,895.7,921.0,999.2,951.1,103.5,30.0,3106,3.45,MEDIUM,0.681,0,446.6,13657.6,98.3,64.5,3.05,0.0,0.141,0.0,0.96,DL7SAA4142,0.776,awiros
delhi_1080p_s0_t104,100,100,3.363,598.7,789.7,668.4,814.1,69.6,24.4,1698,2.86,MEDIUM,0.673,0,289.6,14471.7,114.6,54.8,3.2,0.0,0.023,0.0,0.947,UP13AY3393,0.949,awiros
delhi_1080p_s0_t101,100,100,3.363,89.7,892.8,297.3,961.1,207.7,68.2,14170,3.04,LARGE,0.659,0,1725.9,24413.6,80.0,72.4,3.16,0.0,0.14,0.0,0.96,,0.0,
delhi_1080p_s0_t126,100,100,3.363,661.4,627.1,698.2,644.4,36.9,17.3,636,2.14,VERY_SMALL,0.563,1,83.9,10351.3,102.3,62.8,3.38,8.7,0.02,0.0,0.606,DL1AB9584,0.842,awiros
delhi_1080p_s0_t100,101,101,3.396,852.1,679.3,906.4,697.7,54.3,18.5,1003,2.94,SMALL,0.796,0,538.7,29755.4,100.3,69.2,2.11,5.8,0.074,0.0,0.877,DL7CR3761,1.0,awiros
delhi_1080p_s0_t7,101,101,3.396,871.4,932.3,976.2,964.5,104.8,32.2,3376,3.25,MEDIUM,0.687,0,230.5,11479.9,98.3,63.7,3.39,0.0,0.135,0.0,0.9,DL8SAC4142,0.864,awiros
delhi_1080p_s0_t104,101,101,3.396,583.2,793.8,651.4,817.0,68.2,23.1,1578,2.95,MEDIUM,0.637,0,254.4,14123.0,115.7,55.9,3.82,0.0,0.012,0.0,0.91,UP13AY3893,0.994,awiros
delhi_1080p_s0_t100,102,102,3.43,848.8,679.7,902.5,698.4,53.7,18.7,1001,2.88,SMALL,0.8,0,470.7,28410.5,100.3,67.1,1.87,0.0,0.065,0.0,0.886,DL7CR3761,1.0,awiros
delhi_1080p_s0_t7,102,102,3.43,848.0,945.3,951.5,977.5,103.5,32.2,3329,3.22,MEDIUM,0.71,0,349.1,12574.8,96.9,61.4,3.46,0.0,0.133,0.0,0.958,DL13CA2927,1.0,awiros
delhi_1080p_s0_t104,102,102,3.43,563.9,796.8,635.2,821.9,71.3,25.2,1793,2.83,MEDIUM,0.705,0,257.5,13501.8,115.7,54.2,3.64,0.0,0.012,0.0,0.925,UP13AY3893,0.994,awiros
delhi_1080p_s0_t10,102,102,3.43,650.1,627.0,690.5,642.3,40.4,15.3,618,2.64,SMALL,0.261,0,109.7,11956.8,96.4,64.9,2.97,9.1,0.022,0.0,0.645,DL16AE061,0.618,awiros
delhi_1080p_s0_t100,103,103,3.463,845.8,680.5,899.4,699.3,53.5,18.8,1009,2.84,SMALL,0.803,0,438.2,27302.1,99.6,68.0,1.64,0.0,0.072,0.0,0.887,DL7CR3761,1.0,awiros
delhi_1080p_s0_t104,103,103,3.463,547.1,800.5,618.3,825.1,71.2,24.6,1753,2.9,MEDIUM,0.716,0,232.8,13033.6,116.8,53.7,3.83,0.0,0.009,0.0,0.904,UP13AY3193,0.972,awiros
delhi_1080p_s0_t7,103,103,3.463,829.0,960.8,925.8,995.2,96.8,34.4,3330,2.82,MEDIUM,0.689,0,261.3,12731.7,93.7,61.0,3.48,0.0,0.134,0.0,0.925,DL1AN6142,0.557,crnn
delhi_1080p_s0_t100,104,104,3.497,842.0,680.6,895.8,699.5,53.8,18.9,1017,2.84,SMALL,0.804,0,545.2,29603.7,99.4,68.7,1.67,7.1,0.074,0.0,0.878,DL7CR3761,0.999,awiros
delhi_1080p_s0_t104,104,104,3.497,529.5,803.9,601.8,829.8,72.3,25.9,1872,2.79,MEDIUM,0.755,0,266.5,13144.5,116.2,53.7,3.37,0.0,0.009,0.0,0.943,UP13AY3893,0.987,awiros
delhi_1080p_s0_t7,104,104,3.497,797.0,974.6,898.7,1010.9,101.7,36.3,3691,2.8,MEDIUM,0.619,0,292.2,12161.3,95.3,60.9,3.6,0.0,0.132,0.0,0.95,DL1CQ5334,0.968,awiros
delhi_1080p_s0_t38,104,104,3.497,1174.4,695.8,1221.3,711.4,46.9,15.6,733,3.0,SMALL,0.328,0,156.0,17971.3,102.1,72.3,3.06,0.0,0.069,0.002,0.724,MP02BT7889,0.535,crnn
delhi_1080p_s0_t100,105,105,3.531,837.9,681.1,892.1,700.1,54.2,19.0,1028,2.86,SMALL,0.796,0,497.9,28865.2,101.4,67.5,1.63,3.6,0.068,0.0,0.885,DL7CR3761,1.0,awiros
delhi_1080p_s0_t7,105,105,3.531,779.0,995.3,866.0,1029.1,87.0,33.8,2939,2.57,MEDIUM,0.725,1,159.8,9745.4,92.5,64.2,3.94,0.0,0.126,0.0,0.838,MH11N162,0.699,crnn
delhi_1080p_s0_t104,105,105,3.531,511.2,808.4,583.9,834.1,72.7,25.7,1865,2.83,MEDIUM,0.711,0,218.2,12014.8,116.2,54.4,3.69,0.0,0.006,0.0,0.9,UP13AY3893,0.989,awiros
delhi_1080p_s0_t100,106,106,3.564,833.4,682.0,887.3,700.8,53.9,18.9,1017,2.86,SMALL,0.794,0,534.2,29468.6,101.9,68.4,1.94,3.8,0.066,0.0,0.882,DL7CR3761,0.999,awiros
delhi_1080p_s0_t7,106,106,3.564,754.0,1016.0,831.0,1050.3,77.0,34.3,2640,2.25,MEDIUM,0.735,1,117.4,8241.4,91.4,65.3,3.31,0.0,0.13,0.0,0.807,MH40A1422,0.51,crnn_reader_crnn_v6
delhi_1080p_s0_t104,106,106,3.564,489.9,811.6,563.6,839.6,73.7,28.0,2066,2.63,MEDIUM,0.722,0,210.2,11429.6,116.6,54.3,3.77,0.0,0.004,0.001,0.893,UP13AY3893,0.968,awiros
delhi_1080p_s0_t100,107,107,3.598,828.5,683.3,882.0,702.0,53.5,18.8,1003,2.85,SMALL,0.798,0,458.4,26558.0,101.5,67.1,1.83,6.0,0.057,0.0,0.877,DL7CR3761,1.0,awiros
delhi_1080p_s0_t104,107,107,3.598,468.5,816.9,542.7,844.9,74.2,28.1,2084,2.64,MEDIUM,0.73,0,203.7,11012.9,117.5,54.5,3.56,0.0,0.007,0.001,0.889,UP13AY3293,0.985,awiros
delhi_1080p_s0_t40,107,107,3.598,1159.2,703.9,1201.6,721.1,42.4,17.3,732,2.46,SMALL,0.239,1,94.7,14082.2,103.8,73.4,3.39,15.3,0.085,0.001,0.62,GJ17CT333,0.501,crnn
delhi_1080p_s0_t104,108,108,3.632,446.9,822.4,522.1,850.2,75.2,27.8,2093,2.71,MEDIUM,0.725,0,232.7,11083.4,116.6,53.9,3.38,0.0,0.007,0.0,0.915,UP13AY3893,0.971,awiros
delhi_1080p_s0_t100,108,108,3.632,824.8,684.2,859.2,702.0,34.5,17.7,611,1.94,VERY_SMALL,0.639,1,84.8,11639.8,100.2,68.5,2.37,6.4,0.047,0.0,0.605,,0.0,
delhi_1080p_s0_t104,109,109,3.665,424.5,827.7,501.0,856.4,76.5,28.8,2200,2.66,MEDIUM,0.742,0,188.4,10295.0,116.1,54.7,3.52,0.0,0.008,0.0,0.877,UP13AY3893,0.948,awiros
delhi_1080p_s0_t104,110,110,3.699,401.8,832.4,478.2,862.2,76.4,29.8,2276,2.57,MEDIUM,0.774,1,183.8,10011.1,116.5,55.4,3.56,0.0,0.006,0.001,0.872,UP13AY3293,0.953,awiros
delhi_1080p_s0_t122,110,110,3.699,427.8,717.3,516.1,787.9,88.3,70.6,6232,1.25,MEDIUM,0.263,1,616.3,19338.7,106.1,65.2,3.48,0.0,0.024,0.001,0.968,AP07Z4773,0.506,crnn
delhi_1080p_s0_t104,111,111,3.732,377.0,837.4,455.6,867.8,78.5,30.4,2383,2.59,MEDIUM,0.755,1,178.3,9712.2,117.0,54.5,3.84,0.0,0.007,0.001,0.865,UP13AY3893,0.89,awiros
delhi_1080p_s0_t146,111,111,3.732,1390.3,686.4,1418.8,699.0,28.5,12.6,358,2.26,VERY_SMALL,0.739,1,18.9,5680.7,114.9,65.6,1.64,6.4,0.0,0.0,0.534,DL1CQ5334,1.0,awiros
delhi_1080p_s0_t104,112,112,3.766,353.0,842.4,430.8,873.3,77.8,30.9,2402,2.52,MEDIUM,0.771,1,202.9,9867.3,115.8,53.4,3.44,0.0,0.008,0.0,0.889,UP13AY3493,0.858,awiros
delhi_1080p_s0_t9,112,112,3.766,1386.3,688.0,1416.0,700.7,29.7,12.7,377,2.34,VERY_SMALL,0.736,1,23.9,6326.7,114.6,65.6,2.83,2.3,0.0,0.0,0.539,,0.0,
delhi_1080p_s0_t65,112,112,3.766,870.1,753.7,907.0,768.4,36.9,14.7,541,2.51,VERY_SMALL,0.681,1,105.7,17131.6,98.3,71.8,2.2,0.0,0.048,0.0,0.646,SK13T8213,0.611,crnn
delhi_1080p_s0_t38,112,112,3.766,1110.8,717.7,1167.2,737.5,56.4,19.9,1121,2.84,SMALL,0.279,0,223.3,19113.3,99.1,72.6,1.91,0.0,0.088,0.001,0.83,MP02FT6783,0.527,crnn
delhi_1080p_s0_t104,113,113,3.8,326.0,847.7,404.4,879.4,78.5,31.8,2492,2.47,MEDIUM,0.77,1,186.0,9418.4,119.3,51.8,3.68,0.0,0.0,0.001,0.874,UP13AT3393,0.858,awiros
delhi_1080p_s0_t100,113,113,3.8,809.6,688.0,851.6,708.5,42.1,20.4,859,2.06,SMALL,0.737,1,158.7,15500.8,93.7,63.5,1.72,1.8,0.047,0.0,0.714,,0.0,
delhi_1080p_s0_t65,113,113,3.8,849.1,755.5,896.7,771.1,47.5,15.6,742,3.05,SMALL,0.696,0,277.0,26384.1,112.5,73.4,2.81,2.6,0.044,0.0,0.829,CG072702,0.643,crnn
delhi_1080p_s0_t9,113,113,3.8,1382.6,688.9,1411.9,702.5,29.3,13.6,400,2.15,VERY_SMALL,0.624,1,21.1,5986.6,114.9,67.5,3.37,2.1,0.0,0.0,0.528,,0.0,
delhi_1080p_s0_t38,113,113,3.8,1109.8,721.2,1159.0,738.6,49.2,17.4,858,2.82,SMALL,0.234,0,153.0,17316.5,103.3,71.2,2.51,12.9,0.083,0.0,0.715,GJ11TC7334,0.546,crnn_reader_crnn_v6
delhi_1080p_s0_t100,114,114,3.833,784.1,689.2,831.3,709.5,47.2,20.3,958,2.33,SMALL,0.792,1,272.3,19600.0,104.1,64.2,1.61,0.0,0.019,0.0,0.839,UP38FH3291,0.906,awiros
delhi_1080p_s0_t9,114,114,3.833,1373.6,692.2,1404.2,706.5,30.7,14.3,439,2.14,VERY_SMALL,0.696,1,28.9,7312.0,117.7,67.5,3.58,2.2,0.0,0.0,0.541,,0.0,
delhi_1080p_s0_t65,114,114,3.833,819.3,761.6,875.2,777.1,55.9,15.4,864,3.62,SMALL,0.694,0,393.9,27963.4,119.7,68.8,2.72,0.0,0.037,0.0,0.893,DL5SBN7737,0.902,awiros
delhi_1080p_s0_t104,114,114,3.833,268.0,859.0,347.2,893.8,79.1,34.8,2756,2.27,MEDIUM,0.684,1,160.6,9908.7,98.8,61.0,3.34,0.0,0.019,0.002,0.853,MN170397,0.604,crnn
delhi_1080p_s0_t38,114,114,3.833,1092.6,726.3,1142.8,744.4,50.3,18.1,909,2.78,SMALL,0.341,0,176.6,18077.6,101.4,71.5,2.58,12.3,0.097,0.0,0.738,GJ11TC7893,0.586,crnn_reader_crnn_v6
delhi_1080p_s0_t100,115,115,3.867,778.8,690.5,821.3,710.0,42.4,19.5,827,2.18,SMALL,0.778,1,193.9,16726.5,106.0,61.9,1.58,0.0,0.005,0.0,0.756,,0.0,
delhi_1080p_s0_t65,115,115,3.867,808.1,764.0,863.6,780.0,55.5,16.0,890,3.46,SMALL,0.731,0,371.9,26858.6,120.3,68.7,2.62,0.0,0.037,0.0,0.894,DL5BQ7737,0.878,awiros
delhi_1080p_s0_t9,115,115,3.867,1369.6,693.9,1400.3,708.4,30.6,14.5,443,2.11,VERY_SMALL,0.699,1,28.0,7427.6,120.7,68.1,3.63,2.4,0.0,0.0,0.539,,0.0,
delhi_1080p_s0_t38,115,115,3.867,1079.8,728.5,1134.3,749.0,54.5,20.6,1119,2.65,SMALL,0.359,0,199.0,18502.2,100.5,72.3,1.93,0.0,0.088,0.0,0.802,MH167817,0.694,crnn
delhi_1080p_s0_t9,116,116,3.901,1365.0,696.0,1396.1,710.6,31.1,14.6,456,2.13,VERY_SMALL,0.739,1,31.3,7720.3,121.3,67.9,3.83,2.8,0.0,0.0,0.54,RJ14CQ6915,0.867,awiros
delhi_1080p_s0_t65,116,116,3.901,794.2,766.9,852.6,782.5,58.4,15.6,911,3.75,SMALL,0.73,0,452.3,28327.2,121.7,67.3,2.3,0.0,0.04,0.0,0.908,AS73T4213,0.505,crnn
delhi_1080p_s0_t100,116,116,3.901,773.1,692.3,810.9,710.4,37.9,18.1,685,2.09,VERY_SMALL,0.678,1,111.3,12588.8,108.3,59.8,1.93,4.6,0.008,0.0,0.653,,0.0,
delhi_1080p_s0_t38,116,116,3.901,1068.1,731.4,1126.1,752.0,58.0,20.6,1194,2.82,SMALL,0.455,0,275.6,20836.3,100.6,72.2,1.83,0.0,0.09,0.0,0.886,,0.0,
delhi_1080p_s0_t104,116,116,3.901,205.7,876.9,283.7,906.9,78.0,30.0,2341,2.6,MEDIUM,0.397,0,172.9,9377.2,116.1,53.6,3.28,0.0,0.003,0.0,0.866,UP13AY3893,0.938,awiros
delhi_1080p_s0_t146,117,117,3.934,1360.4,698.2,1392.2,714.1,31.7,15.9,503,2.0,VERY_SMALL,0.725,1,29.3,7512.9,122.3,69.2,3.45,2.8,0.0,0.0,0.545,DL1JM3765,0.551,crnn_reader_crnn_v6
delhi_1080p_s0_t65,117,117,3.934,781.9,770.6,840.1,785.5,58.1,14.8,862,3.92,SMALL,0.712,0,469.4,28700.6,123.5,66.2,2.4,0.0,0.044,0.0,0.91,DL5BH7737,0.841,awiros
delhi_1080p_s0_t100,117,117,3.934,765.6,693.2,797.6,711.5,32.0,18.4,588,1.74,VERY_SMALL,0.581,1,56.5,8815.9,108.7,62.9,3.0,8.1,0.006,0.0,0.566,DL7CPK7969,0.55,crnn_reader_crnn_v6
delhi_1080p_s0_t65,118,118,3.968,769.6,773.8,826.9,789.3,57.4,15.6,893,3.69,SMALL,0.629,0,412.7,26777.6,124.7,66.7,2.48,0.0,0.045,0.0,0.902,DL5SBB7737,0.698,crnn
delhi_1080p_s0_t9,118,118,3.968,1355.8,700.3,1387.7,715.7,31.9,15.3,489,2.08,VERY_SMALL,0.609,1,35.5,8479.2,124.7,68.4,3.12,0.0,0.0,0.001,0.561,DL01DD385,0.67,awiros
delhi_1080p_s0_t38,118,118,3.968,1046.0,737.6,1107.2,758.8,61.2,21.2,1296,2.89,MEDIUM,0.448,0,260.5,19767.3,96.6,72.5,1.26,0.0,0.094,0.0,0.893,MP22MT7817,0.721,crnn
delhi_1080p_s0_t100,118,118,3.968,758.7,690.4,811.3,713.2,52.5,22.8,1197,2.31,SMALL,0.3,1,351.0,23367.8,106.7,63.7,1.08,0.0,0.016,0.004,0.892,DL7CA6777,0.645,crnn_reader_crnn_v6
delhi_1080p_s0_t65,119,119,4.002,756.8,777.5,814.7,792.8,57.9,15.2,882,3.8,SMALL,0.715,0,428.4,27577.8,125.0,65.7,2.46,0.0,0.068,0.0,0.903,DL5SBW7737,0.797,crnn
delhi_1080p_s0_t9,119,119,4.002,1352.0,702.4,1384.3,717.8,32.3,15.4,497,2.1,VERY_SMALL,0.682,1,34.0,8163.4,125.9,68.9,2.8,0.0,0.0,0.001,0.562,DL01D365,0.637,awiros
delhi_1080p_s0_t10,119,119,4.002,576.9,634.1,618.3,652.7,41.4,18.6,770,2.23,SMALL,0.52,1,87.8,9757.3,97.9,62.4,4.07,9.6,0.021,0.0,0.625,DL1LB9524,0.878,awiros
delhi_1080p_s0_t162,119,119,4.002,497.6,752.7,578.8,814.4,81.1,61.6,5002,1.32,MEDIUM,0.462,1,161.8,7602.7,61.2,58.2,1.32,0.0,0.117,0.0,0.862,AP07AC2549,0.525,crnn
delhi_1080p_s0_t38,119,119,4.002,1036.4,740.9,1098.7,762.5,62.2,21.6,1346,2.88,MEDIUM,0.316,0,264.9,20180.4,95.2,71.7,1.12,0.0,0.099,0.0,0.905,MH02BT7877,0.706,crnn
delhi_1080p_s0_t65,120,120,4.035,743.3,781.2,802.3,796.3,59.0,15.2,894,3.89,SMALL,0.745,0,503.6,28831.8,124.6,67.8,2.49,0.0,0.076,0.0,0.906,DL1CW0942,0.949,awiros
delhi_1080p_s0_t10,120,120,4.035,573.0,635.2,614.5,652.9,41.5,17.7,736,2.34,SMALL,0.718,1,99.6,10259.5,98.4,61.8,4.09,9.8,0.022,0.0,0.634,DL1LAB9524,0.893,awiros
delhi_1080p_s0_t9,120,120,4.035,1347.4,703.9,1380.6,720.2,33.3,16.3,541,2.04,VERY_SMALL,0.696,1,43.9,9153.7,125.2,70.5,2.8,1.7,0.0,0.0,0.572,DL11D365,0.851,awiros
delhi_1080p_s0_t38,120,120,4.035,1024.4,744.3,1088.3,766.5,63.9,22.1,1416,2.89,MEDIUM,0.505,0,319.6,21104.4,92.9,72.7,1.21,0.0,0.099,0.0,0.942,MH01T6787,0.72,crnn
delhi_1080p_s0_t162,120,120,4.035,474.8,758.4,560.0,813.8,85.2,55.3,4714,1.54,MEDIUM,0.32,1,222.8,9208.9,62.3,58.5,2.0,0.0,0.113,0.0,0.908,UP07PF3120,0.55,crnn
delhi_1080p_s0_t65,121,121,4.069,728.7,784.4,788.3,800.7,59.6,16.4,976,3.64,SMALL,0.741,0,428.4,26674.2,124.5,67.3,2.6,0.0,0.074,0.0,0.909,DL5SBW7737,0.829,crnn+crnn_reader_crnn_v6
delhi_1080p_s0_t9,121,121,4.069,1342.0,706.1,1375.8,722.6,33.8,16.4,555,2.05,VERY_SMALL,0.67,1,43.8,9516.0,131.3,69.1,3.27,0.0,0.0,0.0,0.575,,0.0,
delhi_1080p_s0_t10,121,121,4.069,568.7,635.9,610.5,654.7,41.7,18.8,786,2.22,SMALL,0.621,1,81.1,9348.7,98.8,62.2,3.87,10.0,0.022,0.0,0.62,GJ13P5320,0.532,crnn
delhi_1080p_s0_t162,121,121,4.069,431.8,760.2,538.1,821.9,106.3,61.6,6545,1.72,MEDIUM,0.226,1,231.3,8256.2,57.2,55.5,2.1,0.0,0.147,0.0,0.91,AP772000,0.521,crnn
delhi_1080p_s0_t40,121,121,4.069,1023.7,748.8,1078.8,768.7,55.1,19.9,1095,2.77,SMALL,0.209,0,192.5,17886.5,99.1,71.2,1.5,11.5,0.101,0.0,0.784,GJ11TC7837,0.646,crnn_reader_crnn_v6
delhi_1080p_s0_t65,122,122,4.102,714.2,786.8,773.9,803.7,59.7,16.8,1005,3.54,SMALL,0.716,0,434.6,26646.4,123.2,68.1,2.47,0.0,0.073,0.0,0.911,DL5SAS6524,0.991,awiros
delhi_1080p_s0_t9,122,122,4.102,1336.4,707.5,1370.9,724.4,34.5,16.9,584,2.04,VERY_SMALL,0.652,1,49.0,10013.0,129.8,68.4,2.83,4.4,0.0,0.001,0.579,DL13D385,0.768,awiros
delhi_1080p_s0_t38,122,122,4.102,999.7,751.0,1067.8,770.9,68.1,19.9,1353,3.43,MEDIUM,0.641,0,345.1,22588.5,92.0,72.7,1.38,9.6,0.117,0.0,0.938,DL11T4787,0.503,crnn_reader_crnn_v6
delhi_1080p_s0_t10,122,122,4.102,563.8,635.7,607.3,655.4,43.5,19.7,856,2.21,SMALL,0.442,1,100.0,10100.4,96.2,62.4,3.87,9.8,0.022,0.0,0.644,DL1AB9584,0.868,awiros
delhi_1080p_s0_t65,123,123,4.136,698.5,789.8,759.4,806.7,61.0,16.9,1030,3.61,MEDIUM,0.74,0,431.8,25952.5,125.2,67.5,2.58,0.0,0.065,0.0,0.914,DL5SBW7737,0.753,crnn
delhi_1080p_s0_t9,123,123,4.136,1330.9,709.1,1366.6,726.2,35.7,17.1,609,2.09,VERY_SMALL,0.713,1,49.8,10082.4,130.4,69.8,3.21,0.0,0.002,0.002,0.587,,0.0,
delhi_1080p_s0_t10,123,123,4.136,559.7,635.4,602.7,655.4,43.0,19.9,856,2.15,SMALL,0.455,1,87.0,9561.0,96.8,62.2,3.98,10.0,0.023,0.0,0.628,GJ133204,0.524,crnn
delhi_1080p_s0_t40,123,123,4.136,988.7,753.1,1056.7,777.6,68.0,24.5,1664,2.78,MEDIUM,0.286,0,302.2,20030.6,87.5,75.0,1.04,0.0,0.117,0.0,0.957,MH02JBT7877,0.715,crnn
delhi_1080p_s0_t65,124,124,4.17,682.5,792.8,743.4,809.6,60.9,16.8,1023,3.63,MEDIUM,0.737,0,483.1,26994.2,126.0,67.3,2.68,0.0,0.059,0.0,0.914,DL5SBW7737,0.825,crnn+crnn_reader_crnn_v6
delhi_1080p_s0_t9,124,124,4.17,1325.4,710.5,1360.5,727.7,35.1,17.2,605,2.04,VERY_SMALL,0.717,1,54.6,10495.8,132.5,69.2,3.2,2.6,0.002,0.012,0.579,DL11D365,0.798,awiros
delhi_1080p_s0_t10,124,124,4.17,553.9,635.9,596.9,655.1,43.0,19.2,826,2.24,SMALL,0.546,1,104.0,10337.8,96.9,62.5,3.67,9.9,0.028,0.0,0.648,DL1LAB9534,0.775,awiros
delhi_1080p_s0_t40,124,124,4.17,976.0,756.7,1045.0,780.6,68.9,23.9,1649,2.88,MEDIUM,0.242,0,368.9,20893.0,88.7,72.5,1.17,0.0,0.121,0.0,0.963,DL5CCM7237,0.861,awiros
delhi_1080p_s0_t65,125,125,4.203,665.7,795.8,727.7,813.6,62.0,17.7,1099,3.5,MEDIUM,0.742,0,469.3,26044.1,125.8,67.1,3.36,0.0,0.06,0.0,0.916,DL5SBW7737,0.911,awiros
delhi_1080p_s0_t126,125,125,4.203,548.9,635.5,591.9,655.5,43.0,20.1,862,2.14,SMALL,0.565,1,89.3,9659.7,95.6,62.7,3.96,10.0,0.023,0.0,0.634,DL11JB3584,0.788,crnn
delhi_1080p_s0_t9,125,125,4.203,1319.8,712.5,1356.1,730.2,36.3,17.7,644,2.05,VERY_SMALL,0.55,1,54.6,10738.6,134.0,69.5,3.27,4.0,0.0,0.008,0.586,MH11D365,0.554,awiros
delhi_1080p_s0_t40,125,125,4.203,959.5,761.1,1033.2,785.0,73.7,23.9,1758,3.09,MEDIUM,0.245,0,390.6,21189.1,91.6,70.0,1.26,0.0,0.08,0.0,0.981,CH41TT7817,0.701,crnn
delhi_1080p_s0_t9,126,126,4.237,1314.6,713.8,1351.0,731.4,36.4,17.6,639,2.07,VERY_SMALL,0.751,1,60.0,11180.0,133.7,68.6,3.07,3.2,0.0,0.009,0.592,DL11D385,0.834,awiros
delhi_1080p_s0_t65,126,126,4.237,649.7,798.6,712.4,816.4,62.6,17.7,1110,3.53,MEDIUM,0.738,0,446.3,24809.4,127.4,65.9,3.37,0.0,0.053,0.0,0.917,DL5BN7737,0.912,awiros
delhi_1080p_s0_t10,126,126,4.237,546.0,636.6,589.0,655.4,43.0,18.8,807,2.29,SMALL,0.619,1,91.5,9817.6,96.3,63.0,3.95,9.9,0.029,0.0,0.635,GJ11B5347,0.622,crnn
delhi_1080p_s0_t122,126,126,4.237,87.3,733.9,162.4,790.3,75.1,56.3,4232,1.33,MEDIUM,0.305,1,370.6,16123.4,106.9,67.8,1.8,0.0,0.024,0.004,0.981,,0.0,
delhi_1080p_s0_t40,126,126,4.237,946.9,763.8,1021.6,787.7,74.7,23.9,1782,3.13,MEDIUM,0.267,0,419.0,20467.1,91.6,70.0,1.14,0.0,0.074,0.0,0.983,DL5CC7237,0.927,awiros
delhi_1080p_s0_t9,127,127,4.271,1309.0,715.0,1345.6,732.8,36.6,17.8,650,2.05,VERY_SMALL,0.761,1,58.3,11085.2,133.8,70.1,3.13,0.0,0.0,0.012,0.595,,0.0,
delhi_1080p_s0_t65,127,127,4.271,633.5,800.5,696.8,819.2,63.3,18.8,1188,3.38,MEDIUM,0.735,0,448.7,24787.2,126.5,65.4,3.19,0.0,0.05,0.0,0.926,DL5SBW7737,0.831,crnn+crnn_reader_crnn_v6
delhi_1080p_s0_t10,127,127,4.271,542.0,635.5,585.1,654.6,43.1,19.2,826,2.25,SMALL,0.626,1,89.6,9613.4,95.6,63.2,4.01,9.8,0.033,0.0,0.633,DL1AB3534,0.884,awiros
delhi_1080p_s0_t162,127,127,4.271,279.7,786.1,379.3,854.2,99.6,68.2,6787,1.46,MEDIUM,0.559,1,157.6,6602.4,60.6,54.6,1.31,0.0,0.059,0.0,0.864,DL02AC6312,0.619,crnn_reader_crnn_v6
delhi_1080p_s0_t40,127,127,4.271,938.9,767.5,1010.3,788.8,71.4,21.2,1514,3.37,MEDIUM,0.281,0,367.6,21463.9,98.1,69.6,1.47,0.0,0.063,0.0,0.974,DL5CC7237,0.931,awiros
delhi_1080p_s0_t9,128,128,4.304,1302.7,716.3,1339.7,734.6,37.1,18.3,677,2.03,VERY_SMALL,0.778,1,72.5,11919.8,131.6,71.2,3.04,4.4,0.001,0.009,0.605,DL11D385,0.847,awiros
delhi_1080p_s0_t65,128,128,4.304,614.9,803.1,678.1,821.8,63.2,18.7,1184,3.37,MEDIUM,0.745,0,472.8,25066.1,130.0,64.1,2.86,0.0,0.033,0.0,0.927,DL5CEW7737,0.925,awiros
delhi_1080p_s0_t10,128,128,4.304,536.4,634.2,580.5,656.2,44.1,22.1,973,2.0,SMALL,0.493,1,100.1,10084.5,93.4,64.2,3.17,10.0,0.043,0.0,0.648,KL11AR3634,0.651,crnn_reader_crnn_v6
delhi_1080p_s0_t40,128,128,4.304,918.9,768.6,995.5,793.9,76.6,25.3,1941,3.02,MEDIUM,0.228,0,489.5,21940.5,93.7,70.5,1.28,9.2,0.073,0.0,0.967,KL076077,0.53,crnn
delhi_1080p_s0_t174,128,128,4.304,1.7,742.4,73.7,783.9,72.0,41.5,2990,1.74,MEDIUM,0.2,1,261.9,14081.4,102.4,68.0,1.06,0.0,0.001,0.0,0.928,MP085236,0.562,crnn
delhi_1080p_s0_t9,129,129,4.338,1295.9,718.5,1333.2,736.7,37.3,18.2,677,2.05,VERY_SMALL,0.749,1,61.2,11050.5,132.6,71.1,3.29,3.5,0.001,0.012,0.594,DL11DD365,0.798,awiros
delhi_1080p_s0_t65,129,129,4.338,596.3,805.4,658.3,825.0,62.0,19.6,1217,3.15,MEDIUM,0.742,0,383.0,23118.0,131.1,64.3,2.87,0.0,0.03,0.0,0.923,DL5CBW7737,0.907,awiros
delhi_1080p_s0_t10,129,129,4.338,532.0,635.4,574.0,653.0,42.0,17.6,739,2.39,SMALL,0.518,1,90.2,9680.8,99.2,62.2,3.57,9.7,0.028,0.0,0.634,DL1LAB9684,0.864,awiros
delhi_1080p_s0_t100,129,129,4.338,632.0,701.1,735.4,741.1,103.4,40.0,4138,2.59,MEDIUM,0.252,1,1713.2,31462.0,105.4,66.4,1.29,0.0,0.008,0.005,0.987,RJ14CG6915,0.833,awiros
delhi_1080p_s0_t40,129,129,4.338,903.4,774.3,980.6,798.8,77.2,24.6,1898,3.14,MEDIUM,0.203,0,443.1,22529.6,96.0,69.9,1.67,0.0,0.063,0.0,0.98,,0.0,
delhi_1080p_s0_t9,130,130,4.371,1288.6,720.3,1326.5,739.1,37.8,18.7,709,2.02,VERY_SMALL,0.783,1,68.0,11520.0,132.0,70.9,3.3,4.3,0.0,0.013,0.597,DL11D385,0.846,awiros
delhi_1080p_s0_t65,130,130,4.371,576.8,809.6,638.7,829.5,61.8,19.8,1227,3.12,MEDIUM,0.741,0,372.6,21578.9,132.1,62.3,2.84,0.0,0.023,0.0,0.924,DL5BN1737,0.792,awiros
delhi_1080p_s0_t10,130,130,4.371,526.1,634.9,569.1,654.1,43.0,19.1,824,2.25,SMALL,0.468,1,96.4,10140.0,95.7,62.9,3.86,10.0,0.038,0.0,0.639,DL11B5340,0.699,crnn
delhi_1080p_s0_t100,130,130,4.371,684.3,709.1,720.0,730.1,35.7,21.0,749,1.7,VERY_SMALL,0.296,1,64.6,10181.2,114.1,61.4,3.2,0.0,0.006,0.01,0.596,GJ376100,0.537,crnn_reader_crnn_v6
delhi_1080p_s0_t9,131,131,4.405,1280.7,722.6,1319.5,742.2,38.8,19.7,764,1.97,VERY_SMALL,0.756,1,76.1,12093.8,129.0,71.7,2.46,5.1,0.003,0.012,0.618,DL1LT1087,0.977,awiros
delhi_1080p_s0_t65,131,131,4.405,556.5,812.1,617.2,833.0,60.7,20.9,1267,2.91,MEDIUM,0.696,0,272.0,18915.1,134.3,62.3,3.04,0.0,0.016,0.0,0.892,DL5SBR7737,0.75,crnn
delhi_1080p_s0_t10,131,131,4.405,520.7,635.1,563.9,654.1,43.2,19.0,820,2.27,SMALL,0.589,1,91.6,9914.0,95.9,62.5,3.72,10.2,0.04,0.0,0.636,DL112584,0.659,crnn
delhi_1080p_s0_t100,131,131,4.405,666.5,710.8,706.2,729.6,39.8,18.8,748,2.12,VERY_SMALL,0.552,1,94.4,11281.1,113.0,60.9,3.35,0.0,0.003,0.012,0.642,UK37GJ2268,0.531,crnn_reader_crnn_v6
delhi_1080p_s0_t65,132,132,4.439,536.8,815.9,599.3,836.8,62.4,20.9,1303,2.99,MEDIUM,0.732,0,332.3,19822.4,134.0,60.5,2.98,0.0,0.017,0.0,0.923,DL5SBN7737,0.874,awiros
delhi_1080p_s0_t9,132,132,4.439,1274.8,725.4,1313.7,745.2,38.9,19.8,769,1.97,VERY_SMALL,0.67,1,85.0,12525.5,129.0,72.2,2.35,5.3,0.001,0.013,0.626,,0.0,
delhi_1080p_s0_t10,132,132,4.439,516.8,635.3,560.0,653.8,43.2,18.5,799,2.33,SMALL,0.617,1,103.6,10575.2,95.3,62.8,3.11,10.4,0.048,0.0,0.65,DL11AB3684,0.817,crnn+crnn_reader_crnn_v6
delhi_1080p_s0_t40,132,132,4.439,850.9,788.5,931.9,816.1,81.0,27.6,2237,2.94,MEDIUM,0.265,0,647.0,25228.3,90.9,70.9,2.1,0.0,0.086,0.0,0.974,DL14CE7777,0.51,crnn_reader_crnn_v6
delhi_1080p_s0_t9,133,133,4.472,1267.9,728.4,1306.8,748.5,39.0,20.1,784,1.94,VERY_SMALL,0.736,1,71.3,11752.8,130.3,71.6,2.83,6.0,0.001,0.013,0.609,DL11DDL385,0.791,awiros
delhi_1080p_s0_t65,133,133,4.472,516.4,819.7,577.9,842.0,61.4,22.3,1371,2.75,MEDIUM,0.64,0,257.6,17662.3,135.1,60.0,2.71,0.0,0.012,0.0,0.887,DL5CEN7737,0.807,awiros
delhi_1080p_s0_t10,133,133,4.472,512.3,636.0,555.9,655.1,43.6,19.1,835,2.28,SMALL,0.637,1,92.0,10116.0,96.2,62.9,3.49,10.3,0.04,0.0,0.638,DL1AB9584,0.887,awiros
delhi_1080p_s0_t40,133,133,4.472,828.1,794.4,913.2,821.9,85.1,27.5,2335,3.1,MEDIUM,0.325,0,588.9,23507.4,86.0,70.2,1.75,0.0,0.092,0.0,0.976,MH14T5727,0.521,crnn
delhi_1080p_s0_t9,134,134,4.506,1260.3,730.3,1299.7,750.5,39.4,20.3,798,1.94,VERY_SMALL,0.723,1,86.3,12837.8,129.8,71.9,2.72,7.5,0.0,0.014,0.624,DL11SB65,0.759,awiros
delhi_1080p_s0_t65,134,134,4.506,494.5,823.6,557.3,846.2,62.8,22.6,1421,2.78,MEDIUM,0.676,0,259.6,16931.4,133.8,59.7,2.85,0.0,0.02,0.0,0.894,DL5SBR7737,0.73,crnn
delhi_1080p_s0_t40,134,134,4.506,810.9,800.6,893.7,827.6,82.8,27.0,2238,3.06,MEDIUM,0.648,0,534.8,23591.9,89.6,70.3,2.08,0.0,0.079,0.001,0.974,MH167737,0.588,crnn
delhi_1080p_s0_t10,134,134,4.506,507.4,636.6,550.0,655.9,42.6,19.3,825,2.2,SMALL,0.579,1,86.5,9651.9,96.2,62.0,3.59,10.4,0.046,0.0,0.628,DL1AB9684,0.86,awiros
delhi_1080p_s0_t9,135,135,4.54,1252.4,732.8,1292.0,753.0,39.6,20.1,798,1.97,VERY_SMALL,0.743,1,84.8,12738.1,128.1,72.2,2.43,9.0,0.0,0.016,0.621,DL11EB05,0.509,awiros
delhi_1080p_s0_t65,135,135,4.54,472.0,827.5,534.2,850.8,62.2,23.3,1448,2.67,MEDIUM,0.64,0,232.7,16163.9,134.6,58.0,2.83,0.0,0.012,0.0,0.869,DL5RBW7737,0.69,crnn_reader_crnn_v6
delhi_1080p_s0_t10,135,135,4.54,500.6,637.3,545.2,656.1,44.6,18.8,839,2.37,SMALL,0.572,1,88.2,9407.8,96.6,62.7,4.0,10.7,0.032,0.0,0.635,DL14B5630,0.549,crnn
delhi_1080p_s0_t40,135,135,4.54,787.6,807.3,872.0,836.2,84.4,28.9,2438,2.92,MEDIUM,0.416,0,559.5,23593.2,92.6,69.8,2.48,0.0,0.05,0.001,0.974,MH11C7237,0.621,crnn
delhi_1080p_s0_t38,135,135,4.54,810.0,649.3,939.8,759.8,129.8,110.5,14351,1.17,LARGE,0.227,1,922.9,21369.0,103.8,66.0,0.0,5.6,0.041,0.0,0.987,CG04C6486,0.644,crnn
delhi_1080p_s0_t162,135,135,4.54,3.4,915.7,63.7,966.5,60.3,50.7,3060,1.19,MEDIUM,0.214,1,53.9,4250.6,44.6,47.8,1.66,0.0,0.231,0.0,0.681,MH12C5712,0.668,crnn_reader_crnn_v6
delhi_1080p_s0_t9,136,136,4.573,1243.8,735.2,1284.8,756.4,41.0,21.2,869,1.94,SMALL,0.765,1,110.7,14194.2,126.6,73.0,2.7,0.0,0.0,0.014,0.664,DL1TSM3365,0.526,crnn_reader_crnn_v6
delhi_1080p_s0_t65,136,136,4.573,448.4,831.7,511.8,854.9,63.4,23.2,1468,2.74,MEDIUM,0.641,0,270.5,16913.6,133.5,59.4,2.82,0.0,0.015,0.0,0.908,DL5BN7737,0.749,awiros
delhi_1080p_s0_t40,136,136,4.573,765.4,813.7,844.8,840.3,79.5,26.6,2114,2.99,MEDIUM,0.592,0,535.7,24501.6,96.8,69.8,1.98,0.0,0.034,0.002,0.979,DL5DC7237,0.928,awiros
delhi_1080p_s0_t10,136,136,4.573,497.0,636.7,540.4,655.5,43.4,18.8,815,2.31,SMALL,0.567,1,92.0,9644.8,97.0,63.1,3.91,10.6,0.034,0.0,0.635,DL14B5630,0.635,crnn
delhi_1080p_s0_t9,137,137,4.607,1235.8,737.0,1277.4,758.8,41.7,21.9,911,1.91,SMALL,0.785,1,103.0,13695.5,124.9,72.8,2.82,0.0,0.0,0.016,0.66,DL1BB2205,0.646,crnn
delhi_1080p_s0_t10,137,137,4.607,492.3,636.6,535.7,655.6,43.5,19.0,825,2.29,SMALL,0.652,1,80.3,9264.4,96.1,62.1,3.65,10.7,0.046,0.0,0.622,DL11AB3684,0.812,crnn+crnn_reader_crnn_v6
delhi_1080p_s0_t65,137,137,4.607,424.3,834.9,486.6,859.3,62.3,24.4,1521,2.55,MEDIUM,0.541,1,198.8,14474.8,133.9,57.6,3.22,0.0,0.012,0.0,0.841,ML25BW7737,0.614,crnn_reader_crnn_v6
delhi_1080p_s0_t9,138,138,4.64,1228.2,738.7,1269.6,760.5,41.3,21.8,901,1.9,SMALL,0.757,1,102.4,13727.0,125.7,72.3,2.93,13.2,0.0,0.015,0.633,DL11SD385,0.855,awiros
delhi_1080p_s0_t10,138,138,4.64,486.8,636.6,530.8,655.4,43.9,18.8,827,2.33,SMALL,0.542,1,88.2,9439.9,94.7,61.0,3.73,10.8,0.043,0.0,0.636,DL11AB3684,0.765,crnn
delhi_1080p_s0_t65,138,138,4.64,399.9,838.6,463.0,863.8,63.1,25.3,1595,2.5,MEDIUM,0.503,1,201.2,14118.6,132.6,56.1,3.11,0.0,0.011,0.0,0.844,DL5SB8773,0.675,crnn
delhi_1080p_s0_t38,138,138,4.64,720.0,827.0,788.4,854.5,68.4,27.4,1875,2.5,MEDIUM,0.248,1,279.8,18928.0,105.3,70.2,2.54,0.0,0.012,0.001,0.941,MH270677,0.627,crnn_reader_crnn_v6
delhi_1080p_s0_t9,139,139,4.674,1219.7,740.4,1261.6,763.1,41.9,22.7,951,1.85,SMALL,0.689,1,94.3,13147.2,123.1,72.2,2.89,13.2,0.0,0.014,0.631,DL11BB385,0.812,awiros
delhi_1080p_s0_t65,139,139,4.674,374.9,841.6,435.9,867.1,61.1,25.5,1559,2.39,MEDIUM,0.651,1,171.4,12660.2,133.1,56.2,3.13,0.0,0.009,0.0,0.812,MP23BW7737,0.756,crnn_reader_crnn_v6
delhi_1080p_s0_t100,139,139,4.674,482.2,636.8,525.9,655.7,43.7,18.9,826,2.31,SMALL,0.452,1,82.1,8963.8,97.1,61.5,4.54,10.6,0.026,0.0,0.626,DL13SN51,0.775,awiros
delhi_1080p_s0_t38,139,139,4.674,704.9,835.4,760.8,859.4,55.9,24.0,1344,2.32,SMALL,0.4,1,140.0,14377.6,114.3,68.3,2.64,6.1,0.008,0.005,0.751,MN57CM777,0.594,crnn_reader_crnn_v6
delhi_1080p_s0_t9,140,140,4.708,1210.9,741.7,1253.4,764.5,42.5,22.8,971,1.86,SMALL,0.736,1,115.8,14007.5,121.4,72.3,2.3,12.3,0.0,0.01,0.661,DL11SB385,0.846,awiros
delhi_1080p_s0_t10,140,140,4.708,477.6,634.7,521.4,655.6,43.8,20.9,915,2.1,SMALL,0.633,1,84.8,9191.1,94.0,62.8,4.19,10.8,0.047,0.0,0.625,DL1LB3584,0.818,awiros
delhi_1080p_s0_t65,140,140,4.708,347.5,845.7,407.3,870.2,59.7,24.5,1464,2.44,SMALL,0.625,1,180.2,12606.6,134.5,54.9,2.88,0.0,0.005,0.0,0.814,MP25BW7737,0.742,crnn_reader_crnn_v6
delhi_1080p_s0_t9,141,141,4.741,1201.6,743.6,1245.2,767.2,43.6,23.7,1032,1.84,SMALL,0.737,1,113.0,13689.8,119.6,71.7,2.5,9.6,0.003,0.011,0.664,DL11D3395,0.806,awiros
delhi_1080p_s0_t100,141,141,4.741,472.4,635.5,515.8,655.2,43.4,19.7,855,2.21,SMALL,0.641,1,77.7,8824.0,96.0,62.3,4.59,10.8,0.036,0.0,0.616,DL11AR9684,0.733,crnn_reader_crnn_v6
delhi_1080p_s0_t65,141,141,4.741,320.8,848.6,380.7,875.7,59.9,27.1,1626,2.21,SMALL,0.571,1,137.6,10867.4,133.5,55.0,2.98,0.0,0.007,0.0,0.778,MP28BW7737,0.615,crnn_reader_crnn_v6
delhi_1080p_s0_t146,141,141,4.741,1204.2,744.8,1246.3,755.9,42.0,11.1,467,3.78,SMALL,0.304,0,134.1,15229.0,146.8,62.2,4.37,0.0,0.0,0.011,0.675,,0.0,
delhi_1080p_s0_t9,142,142,4.775,1192.1,746.9,1235.8,770.4,43.6,23.5,1027,1.85,SMALL,0.715,1,127.6,14564.6,121.0,71.9,2.33,6.1,0.002,0.01,0.684,PB022244,0.501,crnn
delhi_1080p_s0_t10,142,142,4.775,465.9,635.9,510.8,655.0,44.9,19.1,856,2.36,SMALL,0.635,1,91.6,9427.5,95.7,61.7,4.31,11.1,0.032,0.0,0.638,DL1AB9684,0.907,crnn+crnn_reader_crnn_v6
delhi_1080p_s0_t65,142,142,4.775,292.1,854.0,350.4,879.4,58.3,25.4,1481,2.3,SMALL,0.437,1,149.1,11221.4,136.0,54.6,2.97,0.0,0.003,0.0,0.78,MH28BW7737,0.605,crnn_reader_crnn_v6
delhi_1080p_s0_t146,142,142,4.775,1194.7,748.1,1237.2,759.2,42.5,11.0,469,3.85,SMALL,0.405,0,156.0,16299.4,146.4,63.2,3.8,0.0,0.0,0.011,0.702,,0.0,
delhi_1080p_s0_t9,143,143,4.809,1182.2,749.7,1226.8,773.8,44.6,24.2,1077,1.85,SMALL,0.729,1,124.9,14418.9,118.4,71.6,2.44,4.1,0.003,0.005,0.694,DL11S385,0.886,awiros
delhi_1080p_s0_t65,143,143,4.809,262.4,857.6,319.4,885.5,57.0,27.9,1589,2.04,SMALL,0.573,1,110.8,9418.5,137.0,51.6,2.93,0.0,0.001,0.0,0.745,KL227737,0.568,crnn
delhi_1080p_s0_t10,143,143,4.809,460.9,637.0,504.7,655.6,43.8,18.6,816,2.35,SMALL,0.502,1,85.5,9628.2,100.7,61.2,4.06,0.0,0.031,0.0,0.65,DL01AE9684,0.695,crnn_reader_crnn_v6
delhi_1080p_s0_t173,143,143,4.809,623.9,689.8,676.6,711.7,52.8,21.9,1153,2.41,SMALL,0.258,1,401.6,28026.4,154.4,64.8,3.24,0.0,0.0,0.039,0.861,MP30A025,0.513,crnn
delhi_1080p_s0_t9,144,144,4.842,1171.6,751.5,1217.3,777.4,45.7,25.8,1180,1.77,SMALL,0.672,1,119.7,13775.6,116.5,72.0,2.32,10.7,0.003,0.006,0.679,DL11SB385,0.929,awiros
delhi_1080p_s0_t77,144,144,4.842,515.7,874.5,599.0,906.5,83.3,31.9,2661,2.61,MEDIUM,0.594,0,312.5,16571.9,102.5,69.5,2.92,0.0,0.061,0.001,0.969,MH14EC2777,0.564,crnn_reader_crnn_v6
delhi_1080p_s0_t65,144,144,4.842,231.0,861.6,288.1,890.7,57.1,29.1,1661,1.96,SMALL,0.576,1,103.6,9163.7,134.8,54.5,2.73,0.0,0.001,0.0,0.737,MH22AK737,0.562,crnn_reader_crnn_v6
delhi_1080p_s0_t173,144,144,4.842,607.4,690.7,666.2,714.2,58.8,23.5,1381,2.5,SMALL,0.344,1,589.9,33924.0,154.0,65.6,2.84,1.7,0.0,0.034,0.895,GJ370926,0.684,crnn
delhi_1080p_s0_t9,145,145,4.876,1160.9,754.8,1206.5,779.9,45.6,25.1,1144,1.82,SMALL,0.718,1,136.7,14543.9,117.1,71.8,2.22,6.1,0.002,0.005,0.702,DL11SD385,0.977,awiros
delhi_1080p_s0_t65,145,145,4.876,199.6,867.0,254.5,896.8,55.0,29.8,1639,1.84,SMALL,0.564,1,104.8,8806.0,137.1,52.2,2.47,0.0,0.002,0.0,0.736,MH22BK7577,0.6,crnn_reader_crnn_v6
delhi_1080p_s0_t146,145,145,4.876,1153.6,664.1,1186.2,678.5,32.6,14.3,466,2.28,VERY_SMALL,0.271,1,68.9,11156.0,137.3,55.0,3.11,3.6,0.031,0.0,0.584,DL13CA297,0.959,awiros
delhi_1080p_s0_t9,146,146,4.909,1150.1,757.2,1196.3,783.2,46.3,26.0,1204,1.78,SMALL,0.707,1,122.8,13854.4,116.2,72.1,2.32,6.7,0.002,0.004,0.693,DL11S385,0.982,awiros
delhi_1080p_s0_t65,146,146,4.909,167.4,871.1,219.5,902.4,52.1,31.3,1631,1.66,SMALL,0.524,1,74.2,7526.6,140.4,50.4,2.43,0.0,0.001,0.0,0.691,MH22AK5737,0.679,crnn_reader_crnn_v6
delhi_1080p_s0_t146,146,146,4.909,1145.0,663.8,1181.5,678.6,36.5,14.8,539,2.47,VERY_SMALL,0.49,1,81.5,11331.0,139.4,53.2,3.45,0.0,0.035,0.0,0.612,GJ11A6112,0.571,crnn
delhi_1080p_s0_t9,147,147,4.943,1139.1,760.3,1186.3,786.5,47.2,26.2,1238,1.8,SMALL,0.739,1,140.8,14352.9,114.8,71.6,2.34,7.0,0.001,0.003,0.716,DL11SD385,0.991,awiros
delhi_1080p_s0_t77,147,147,4.943,377.7,898.3,473.7,938.1,96.0,39.8,3819,2.41,MEDIUM,0.343,1,393.8,15309.1,90.7,71.5,2.17,0.0,0.154,0.0,0.966,DL0TE4737,0.604,crnn
delhi_1080p_s0_t65,147,147,4.943,134.0,876.0,186.0,908.4,52.0,32.5,1688,1.6,SMALL,0.246,1,76.2,7508.3,140.4,49.6,2.21,0.0,0.001,0.0,0.699,MH12M0927,0.655,crnn
delhi_1080p_s0_t9,148,148,4.977,1126.8,762.8,1174.4,789.3,47.6,26.4,1258,1.8,SMALL,0.767,1,133.9,14330.8,116.1,71.6,2.32,6.9,0.0,0.001,0.711,DL11SD385,0.993,awiros
delhi_1080p_s0_t77,148,148,4.977,343.5,911.1,421.0,952.4,77.4,41.3,3195,1.88,MEDIUM,0.432,1,183.8,11163.9,102.2,69.5,2.5,4.5,0.068,0.0,0.868,JH73W740,0.661,crnn
delhi_1080p_s0_t65,148,148,4.977,98.4,881.1,149.2,915.3,50.8,34.2,1736,1.49,SMALL,0.384,1,62.3,6856.8,140.7,49.9,1.9,0.0,0.001,0.0,0.682,KA21AM5023,0.574,crnn_reader_crnn_v6
delhi_1080p_s0_t146,148,148,4.977,1179.9,605.0,1305.9,649.1,126.0,44.1,5549,2.86,LARGE,0.242,0,1139.3,26109.5,87.5,65.2,3.76,0.0,0.084,0.0,0.96,AS01JK78,0.539,crnn
delhi_1080p_s0_t9,149,149,5.01,1114.1,765.6,1162.4,792.6,48.3,27.0,1303,1.79,SMALL,0.754,1,162.3,15403.5,114.7,71.2,2.11,7.1,0.001,0.001,0.74,DL11SD385,0.996,awiros
delhi_1080p_s0_t9,150,150,5.044,1101.6,766.6,1151.9,795.7,50.3,29.2,1466,1.72,SMALL,0.71,1,158.1,15000.0,113.1,71.2,2.12,7.2,0.001,0.001,0.744,DL11SD385,0.996,awiros
delhi_1080p_s0_t65,150,150,5.044,23.7,890.1,75.2,927.2,51.5,37.1,1909,1.39,SMALL,0.292,1,63.0,6313.7,139.5,48.1,1.44,16.5,0.0,0.0,0.663,DL11CX0792,0.585,crnn
delhi_1080p_s0_t9,151,151,5.078,1089.5,768.7,1139.7,798.1,50.3,29.4,1477,1.71,SMALL,0.702,1,163.7,15301.0,113.4,70.7,2.22,7.1,0.003,0.001,0.748,DL11SQ385,0.933,awiros
delhi_1080p_s0_t9,152,152,5.111,1076.1,771.6,1126.3,800.6,50.1,29.0,1454,1.73,SMALL,0.606,1,160.7,15724.7,114.2,70.6,2.35,7.3,0.001,0.0,0.744,DL11SQ385,0.849,awiros
delhi_1080p_s0_t9,153,153,5.145,1061.6,774.7,1113.0,805.2,51.5,30.5,1570,1.69,SMALL,0.495,1,200.9,16840.2,113.3,70.1,1.92,8.4,0.001,0.0,0.787,DL3CCN5712,0.999,awiros
delhi_1080p_s0_t9,154,154,5.178,1046.0,777.9,1099.9,808.9,53.8,31.0,1670,1.74,SMALL,0.714,1,197.2,16887.2,112.5,69.5,2.07,0.0,0.001,0.0,0.809,DL11SDD385,0.931,awiros
delhi_1080p_s0_t146,154,154,5.178,1074.1,630.0,1084.0,641.1,9.9,11.1,110,0.9,EXTREMELY_TINY,0.312,1,2.1,1176.7,94.9,58.0,5.24,0.0,0.01,0.0,0.411,,0.0,
delhi_1080p_s0_t9,155,155,5.212,1031.4,782.3,1086.2,813.5,54.8,31.2,1709,1.76,SMALL,0.745,1,210.8,17662.6,112.3,69.6,2.01,0.0,0.006,0.0,0.824,DL11SDD385,0.908,awiros
delhi_1080p_s0_t9,156,156,5.246,1016.4,785.6,1072.0,817.4,55.6,31.8,1768,1.75,SMALL,0.756,1,200.2,17078.2,112.6,69.4,2.34,7.6,0.002,0.0,0.804,DL11SD385,0.966,awiros
delhi_1080p_s0_t9,157,157,5.279,1000.8,789.3,1057.8,822.9,57.0,33.6,1914,1.7,SMALL,0.749,1,232.2,17749.5,111.7,68.5,1.79,7.7,0.0,0.0,0.843,DL11S385,0.943,awiros
delhi_1080p_s0_t180,157,157,5.279,1004.6,791.8,1055.8,802.0,51.2,10.2,523,5.0,SMALL,0.392,0,227.9,18674.7,131.0,63.1,4.0,0.0,0.0,0.0,0.803,,0.0,
delhi_1080p_s0_t9,158,158,5.313,984.7,792.7,1042.1,827.5,57.3,34.8,1994,1.65,SMALL,0.689,1,199.6,16966.1,112.2,68.7,1.52,0.0,0.001,0.0,0.83,DL11SD385,0.955,awiros
delhi_1080p_s0_t180,158,158,5.313,989.4,794.8,1042.1,813.0,52.7,18.2,959,2.89,SMALL,0.591,0,240.5,19949.2,137.6,66.9,3.33,0.0,0.0,0.0,0.827,MH07Z7359,0.567,crnn_reader_crnn_v6
delhi_1080p_s0_t9,159,159,5.347,968.3,796.1,1026.6,831.2,58.2,35.2,2047,1.66,SMALL,0.59,1,224.7,17996.9,113.4,68.6,1.49,0.0,0.0,0.0,0.856,DL11SDD385,0.872,awiros
delhi_1080p_s0_t100,160,160,5.38,295.1,759.1,340.2,789.4,45.0,30.3,1364,1.49,SMALL,0.615,1,32.3,4077.6,94.7,50.2,1.43,0.0,0.0,0.0,0.634,WB047618,0.616,crnn_reader_crnn_v6
delhi_1080p_s0_t9,160,160,5.38,952.3,801.2,1009.8,835.1,57.5,33.9,1949,1.7,SMALL,0.437,1,215.4,18178.2,116.3,69.8,1.77,12.6,0.001,0.0,0.821,DL11SD85,0.901,awiros
delhi_1080p_s0_t180,160,160,5.38,955.4,802.9,1013.0,818.0,57.6,15.1,870,3.82,SMALL,0.247,0,277.1,20453.2,131.8,65.2,2.88,0.0,0.0,0.0,0.884,,0.0,
delhi_1080p_s0_t100,161,161,5.414,250.4,756.2,327.4,793.0,77.0,36.8,2836,2.09,MEDIUM,0.796,1,338.9,14643.6,104.0,60.2,1.46,14.0,0.008,0.001,0.964,DL7CR3761,0.996,awiros
delhi_1080p_s0_t9,161,161,5.414,934.4,805.5,995.3,843.2,60.8,37.8,2298,1.61,MEDIUM,0.659,1,271.3,19047.7,114.6,68.3,1.05,0.0,0.001,0.0,0.91,MH04SF56,0.582,crnn
delhi_1080p_s0_t38,161,161,5.414,304.3,757.7,328.2,796.1,23.9,38.3,918,0.62,VERY_SMALL,0.384,1,6.8,2420.9,101.4,62.8,1.77,0.0,0.02,0.0,0.508,TN20B761,0.569,crnn_reader_crnn_v6
delhi_1080p_s0_t100,162,162,5.447,238.2,756.4,317.7,795.6,79.5,39.2,3119,2.03,MEDIUM,0.805,1,389.1,18292.3,99.4,62.7,1.77,15.6,0.008,0.002,0.958,JK776202,0.587,crnn
delhi_1080p_s0_t100,163,163,5.481,227.8,760.4,306.8,796.5,79.0,36.2,2858,2.18,MEDIUM,0.798,1,356.8,16390.7,97.6,64.2,2.15,12.6,0.019,0.001,0.959,DL7CR3761,1.0,awiros
delhi_1080p_s0_t174,164,164,5.515,218.2,761.1,290.9,796.5,72.6,35.4,2569,2.05,MEDIUM,0.784,1,251.3,13196.1,98.5,61.6,2.03,13.5,0.02,0.001,0.917,DL7CR3780,0.754,crnn_reader_crnn_v6
delhi_1080p_s0_t9,164,164,5.515,873.2,819.6,954.7,862.6,81.6,43.0,3511,1.9,MEDIUM,0.317,1,680.3,25944.8,107.3,67.6,1.48,0.0,0.003,0.0,0.987,DL11SD385,0.893,awiros
delhi_1080p_s0_t100,165,165,5.548,209.5,759.7,261.1,794.2,51.6,34.5,1782,1.5,SMALL,0.728,1,88.3,8197.2,99.4,63.1,1.38,16.2,0.039,0.002,0.681,GJ15DL70,0.537,crnn
delhi_1080p_s0_t100,166,166,5.582,201.5,759.6,238.1,793.3,36.5,33.7,1231,1.08,VERY_SMALL,0.384,1,21.1,3879.2,96.8,61.7,0.61,29.8,0.05,0.0,0.535,GJ17U270,0.576,crnn
delhi_1080p_s0_t9,167,167,5.616,802.6,836.5,892.0,879.5,89.4,43.0,3840,2.08,MEDIUM,0.403,1,959.7,30291.7,109.8,69.3,2.03,0.0,0.002,0.0,0.983,DL11SD85,0.891,awiros
delhi_1080p_s0_t9,168,168,5.649,779.0,836.6,906.2,893.5,127.3,56.9,7243,2.24,LARGE,0.249,1,1320.5,27524.3,91.9,66.0,2.22,0.0,0.048,0.0,0.977,MH17S277,0.621,crnn_reader_crnn_v6
delhi_1080p_s0_t146,169,169,5.683,1048.5,633.6,1063.2,645.5,14.7,12.0,176,1.23,EXTREMELY_TINY,0.511,1,3.6,2082.4,91.4,62.8,5.42,6.1,0.012,0.0,0.42,,0.0,
delhi_1080p_s0_t38,170,170,5.716,699.2,853.0,793.4,906.5,94.2,53.4,5033,1.76,MEDIUM,0.321,1,834.0,27416.9,106.8,66.3,1.48,0.0,0.0,0.001,0.987,DL11ST0238,0.656,crnn_reader_crnn_v6
delhi_1080p_s0_t146,170,170,5.716,1052.1,634.8,1061.6,645.3,9.5,10.4,99,0.91,EXTREMELY_TINY,0.265,1,2.0,1048.6,99.5,58.8,6.68,5.0,0.011,0.0,0.387,,0.0,
delhi_1080p_s0_t38,171,171,5.75,55.6,720.0,198.8,783.7,143.2,63.7,9124,2.25,LARGE,0.237,1,682.7,15876.7,103.7,56.4,1.47,5.8,0.026,0.0,0.975,MP17A3744,0.623,crnn
delhi_1080p_s0_t38,172,172,5.784,50.2,724.6,173.7,790.8,123.5,66.2,8174,1.87,LARGE,0.452,1,469.4,13576.5,104.8,56.4,0.78,8.4,0.012,0.0,0.978,UP600730,0.507,crnn
delhi_1080p_s0_t9,172,172,5.784,644.3,862.2,796.0,988.6,151.7,126.4,19169,1.2,LARGE,0.251,1,1004.5,19797.2,77.9,65.4,1.25,10.0,0.11,0.001,0.962,WB43CZ7264,0.537,crnn
delhi_1080p_s0_t133,172,172,5.784,1380.8,663.9,1421.8,678.3,40.9,14.4,590,2.84,SMALL,0.2,0,43.2,7040.2,145.8,57.4,3.63,0.0,0.0,0.0,0.606,,0.0,
delhi_1080p_s0_t133,173,173,5.817,1380.4,663.8,1420.2,675.6,39.8,11.8,469,3.37,VERY_SMALL,0.297,0,43.8,7094.6,143.1,58.7,3.73,0.5,0.0,0.0,0.597,UP14DM7400,1.0,awiros
delhi_1080p_s0_t9,174,174,5.851,567.7,880.3,731.5,993.7,163.8,113.5,18584,1.44,LARGE,0.225,1,1206.9,22980.2,79.9,66.4,2.03,0.0,0.128,0.001,0.97,MH372747,0.691,crnn
delhi_1080p_s0_t38,176,176,5.918,459.5,903.8,593.9,970.4,134.3,66.6,8944,2.02,LARGE,0.283,1,972.1,25048.5,101.3,65.8,2.69,0.0,0.0,0.003,0.976,ML11SU55,0.604,awiros
delhi_1080p_s0_t133,181,181,6.086,1362.6,668.5,1404.3,684.4,41.7,15.8,661,2.64,SMALL,0.383,0,57.7,7738.5,142.8,59.0,2.92,1.6,0.0,0.0,0.625,CH01UK201,0.521,crnn
delhi_1080p_s0_t133,182,182,6.12,1360.0,669.3,1402.5,683.7,42.5,14.4,612,2.96,SMALL,0.237,0,55.6,7770.9,143.3,58.4,3.99,1.7,0.0,0.0,0.618,,0.0,
delhi_1080p_s0_t133,183,183,6.154,1359.2,670.7,1401.0,684.8,41.8,14.1,588,2.97,SMALL,0.485,0,50.5,7488.0,144.6,56.5,3.58,0.0,0.001,0.0,0.612,MH02AM10,0.563,crnn_reader_crnn_v6
delhi_1080p_s0_t133,184,184,6.187,1357.1,671.9,1399.4,686.8,42.3,14.9,631,2.83,SMALL,0.279,0,52.7,7630.3,146.2,55.0,3.67,0.0,0.0,0.0,0.617,,0.0,
delhi_1080p_s0_t133,185,185,6.221,1354.2,672.0,1397.8,686.6,43.7,14.6,636,3.0,SMALL,0.316,0,71.3,8776.1,144.3,58.8,3.88,1.7,0.0,0.0,0.64,,0.0,
delhi_1080p_s0_t133,187,187,6.288,1350.0,672.2,1394.2,688.5,44.2,16.3,720,2.72,SMALL,0.253,0,64.1,8509.2,145.4,60.1,3.81,0.0,0.001,0.0,0.637,,0.0,
delhi_1080p_s0_t133,188,188,6.322,1346.9,672.9,1391.4,687.2,44.5,14.3,636,3.11,SMALL,0.31,0,68.6,9168.8,145.4,59.5,4.24,0.0,0.001,0.0,0.637,,0.0,
delhi_1080p_s0_t133,190,190,6.389,1339.8,673.5,1385.3,690.1,45.5,16.5,753,2.75,SMALL,0.223,0,66.1,8938.8,147.0,62.2,4.16,0.0,0.002,0.0,0.639,,0.0,
delhi_1080p_s0_t223,194,194,6.523,555.1,740.7,624.3,763.5,69.2,22.8,1579,3.03,MEDIUM,0.353,0,148.9,13914.1,63.2,70.2,1.99,0.0,0.283,0.0,0.814,KA03CC4243,0.53,crnn_reader_crnn_v6
delhi_1080p_s0_t223,195,195,6.557,542.2,744.2,612.7,765.9,70.6,21.8,1535,3.24,MEDIUM,0.658,0,162.5,14726.4,62.3,72.6,1.98,0.0,0.301,0.0,0.831,,0.0,
delhi_1080p_s0_t223,196,196,6.591,529.7,746.2,599.7,767.6,70.0,21.4,1498,3.27,MEDIUM,0.524,0,153.8,14511.6,63.5,74.1,1.8,0.0,0.288,0.0,0.823,,0.0,
delhi_1080p_s0_t223,197,197,6.624,516.1,747.6,586.2,769.9,70.1,22.3,1566,3.14,MEDIUM,0.688,0,165.8,14020.3,62.6,71.7,1.75,0.0,0.303,0.0,0.832,MH02N8208,0.529,crnn
delhi_1080p_s0_t124,197,197,6.624,1309.5,677.4,1357.5,692.0,47.9,14.6,699,3.29,SMALL,0.315,0,127.0,12606.1,143.7,64.7,4.27,0.0,0.001,0.0,0.705,HP03ED49,0.737,crnn
delhi_1080p_s0_t223,198,198,6.658,501.9,750.7,573.0,772.5,71.1,21.8,1547,3.27,MEDIUM,0.64,0,140.2,13982.1,63.0,74.4,1.69,0.0,0.311,0.0,0.814,KA12C3821,0.51,crnn
delhi_1080p_s0_t223,199,199,6.692,486.8,754.5,557.3,775.7,70.5,21.2,1495,3.32,MEDIUM,0.621,0,152.3,14013.0,62.4,74.6,1.29,0.0,0.307,0.0,0.824,SK13T9219,0.512,crnn
delhi_1080p_s0_t223,200,200,6.725,471.9,757.6,543.8,779.0,71.9,21.4,1539,3.36,MEDIUM,0.626,0,151.5,13897.8,62.2,72.3,1.46,0.0,0.317,0.0,0.828,SK13T8213,0.521,crnn
delhi_1080p_s0_t223,201,201,6.759,457.7,760.0,530.5,781.8,72.8,21.8,1588,3.34,MEDIUM,0.528,0,178.0,14383.8,61.4,72.2,1.77,0.0,0.34,0.0,0.85,SK13T8213,0.611,crnn
delhi_1080p_s0_t223,202,202,6.792,443.2,761.8,517.2,783.7,74.0,21.9,1618,3.38,MEDIUM,0.375,0,148.3,14036.0,62.2,73.0,1.84,0.0,0.348,0.0,0.823,AS73T4213,0.505,crnn
delhi_1080p_s0_t223,204,204,6.86,413.7,765.2,491.2,789.2,77.6,23.9,1857,3.24,MEDIUM,0.597,0,146.3,13445.8,61.0,73.1,2.09,0.0,0.351,0.0,0.819,,0.0,
delhi_1080p_s0_t223,205,205,6.893,398.2,767.7,475.9,790.8,77.8,23.1,1796,3.37,MEDIUM,0.458,0,170.6,14170.3,62.4,72.5,2.15,0.0,0.346,0.0,0.84,TS774219,0.556,crnn
delhi_1080p_s0_t223,206,206,6.927,382.4,770.2,461.6,793.7,79.2,23.5,1863,3.37,MEDIUM,0.521,0,166.3,14273.8,62.1,73.6,1.91,0.0,0.351,0.0,0.838,,0.0,
delhi_1080p_s0_t223,207,207,6.961,366.2,772.6,446.4,796.3,80.1,23.7,1901,3.38,MEDIUM,0.521,0,165.7,13772.8,61.8,74.2,1.98,0.0,0.355,0.0,0.836,,0.0,
delhi_1080p_s0_t66,207,207,6.961,1295.8,726.3,1347.0,740.4,51.2,14.0,719,3.64,SMALL,0.229,0,258.8,24213.6,117.9,72.3,2.07,0.0,0.015,0.0,0.847,KL053897,0.672,crnn
delhi_1080p_s0_t223,208,208,6.994,349.2,774.7,430.3,798.2,81.1,23.4,1902,3.46,MEDIUM,0.335,0,167.3,13928.9,62.4,72.4,2.25,0.0,0.349,0.0,0.836,,0.0,
delhi_1080p_s0_t223,210,210,7.061,312.2,780.1,396.8,804.8,84.6,24.7,2093,3.42,MEDIUM,0.381,0,186.6,13760.3,61.7,73.1,2.35,0.0,0.284,0.0,0.858,,0.0,
delhi_1080p_s0_t66,210,210,7.061,1269.6,731.0,1323.1,747.2,53.5,16.2,867,3.3,SMALL,0.348,0,262.8,23175.4,117.1,71.5,1.6,0.0,0.018,0.001,0.861,,0.0,
delhi_1080p_s0_t223,212,212,7.129,274.0,787.9,359.6,809.0,85.6,21.1,1804,4.07,MEDIUM,0.388,0,228.1,14592.9,66.0,72.3,2.32,0.0,0.226,0.0,0.898,CH318269,0.533,crnn
delhi_1080p_s0_t133,216,216,7.263,1209.8,745.3,1242.0,757.7,32.2,12.4,398,2.6,VERY_SMALL,0.643,0,53.1,11341.7,139.1,62.4,2.09,0.0,0.004,0.0,0.584,,0.0,
delhi_1080p_s0_t223,216,216,7.263,129.3,846.7,382.6,969.4,253.3,122.6,31056,2.07,LARGE,0.367,1,749.5,10148.5,51.5,50.7,0.53,0.0,0.142,0.0,0.981,KA42CH4482,0.592,crnn
delhi_1080p_s0_t133,217,217,7.297,1198.8,747.0,1233.1,760.8,34.3,13.8,473,2.49,VERY_SMALL,0.679,1,68.1,12465.3,135.4,64.0,1.8,0.0,0.007,0.0,0.61,DL13BW7739,0.694,crnn_reader_crnn_v6
delhi_1080p_s0_t223,217,217,7.297,110.8,852.7,366.8,1009.5,255.9,156.8,40134,1.63,LARGE,0.218,1,669.2,9430.7,59.5,53.2,0.0,0.0,0.114,0.0,0.989,KA01FA7028,0.508,crnn
delhi_1080p_s0_t133,218,218,7.33,1188.6,748.9,1223.0,763.2,34.4,14.4,494,2.39,VERY_SMALL,0.641,1,56.0,11335.2,136.6,62.8,2.33,0.0,0.008,0.0,0.596,DL05SZ98,0.57,crnn_reader_crnn_v6
delhi_1080p_s0_t66,218,218,7.33,1188.0,749.0,1248.6,766.0,60.6,17.0,1032,3.56,MEDIUM,0.23,0,333.9,24008.9,123.7,67.4,2.55,0.0,0.021,0.0,0.919,DL15SM079,0.657,awiros
delhi_1080p_s0_t133,219,219,7.364,1177.1,750.7,1214.9,765.2,37.8,14.5,547,2.61,VERY_SMALL,0.565,0,91.4,14199.3,135.9,63.9,2.39,0.0,0.011,0.0,0.64,DL10S461,0.622,crnn_reader_crnn_v6
delhi_1080p_s0_t223,219,219,7.364,51.1,848.8,320.7,974.9,269.6,126.1,33980,2.14,LARGE,0.347,1,870.8,11096.9,52.7,49.6,0.13,0.0,0.125,0.0,0.986,UP14CE431,0.654,awiros
delhi_1080p_s0_t66,219,219,7.364,1175.4,749.7,1236.6,769.0,61.2,19.2,1178,3.18,MEDIUM,0.241,0,342.8,23351.2,122.3,67.5,2.03,0.0,0.025,0.0,0.923,MH05SK079,0.569,crnn_reader_crnn_v6
delhi_1080p_s0_t133,220,220,7.398,1165.7,753.7,1204.0,767.8,38.3,14.1,539,2.72,VERY_SMALL,0.712,0,82.4,13449.2,134.5,64.1,2.54,0.0,0.013,0.0,0.631,DL13S551,0.665,awiros
delhi_1080p_s0_t66,220,220,7.398,1164.7,752.4,1228.1,770.9,63.4,18.5,1176,3.42,MEDIUM,0.51,0,366.7,24540.5,121.6,67.9,2.38,0.0,0.032,0.0,0.931,GJ03M179,0.675,crnn
delhi_1080p_s0_t223,220,220,7.398,29.8,849.7,298.4,985.5,268.6,135.8,36474,1.98,LARGE,0.355,1,903.0,11810.5,54.2,52.7,0.09,0.0,0.119,0.0,0.987,MH24PB4712,0.514,crnn
delhi_1080p_s0_t133,221,221,7.431,1153.2,756.9,1192.9,771.2,39.7,14.3,567,2.79,VERY_SMALL,0.755,0,115.6,15465.5,134.6,63.2,2.26,0.0,0.013,0.001,0.668,DL13S881,0.596,crnn_reader_crnn_v6
delhi_1080p_s0_t223,221,221,7.431,1.0,864.2,278.4,1011.4,277.4,147.2,40829,1.88,LARGE,0.414,1,760.9,9981.6,57.2,52.6,0.0,0.0,0.106,0.0,0.989,KA04C4773,0.653,crnn
delhi_1080p_s0_t66,221,221,7.431,1152.2,755.4,1214.4,775.4,62.2,20.0,1246,3.1,MEDIUM,0.385,0,412.9,24964.8,118.7,68.8,1.79,0.0,0.037,0.0,0.931,GJ10SB1979,0.651,crnn
delhi_1080p_s0_t236,221,221,7.431,56.2,819.7,145.5,841.5,89.4,21.8,1946,4.11,MEDIUM,0.374,0,323.0,14735.5,76.5,71.7,1.98,7.0,0.038,0.0,0.968,JK776202,0.587,crnn
delhi_1080p_s0_t247,221,221,7.431,1388.4,720.8,1432.5,734.3,44.1,13.5,594,3.28,SMALL,0.319,0,68.7,9872.0,82.3,67.3,2.96,0.0,0.074,0.0,0.637,DL1RTA5056,0.999,awiros
delhi_1080p_s0_t133,222,222,7.465,1141.5,760.0,1184.9,775.1,43.3,15.1,655,2.86,SMALL,0.713,0,142.5,17648.0,131.5,63.3,3.13,0.0,0.022,0.0,0.702,DL13SN51,0.775,awiros
delhi_1080p_s0_t66,222,222,7.465,1140.6,759.2,1206.1,779.2,65.5,20.1,1314,3.26,MEDIUM,0.644,0,422.2,25564.2,117.6,68.8,2.48,0.0,0.034,0.0,0.941,GJ07SM970,0.643,crnn_reader_crnn_v6
delhi_1080p_s0_t247,222,222,7.465,1385.3,722.3,1428.9,736.0,43.6,13.7,596,3.2,SMALL,0.442,0,55.9,9138.9,83.6,65.4,3.37,0.0,0.066,0.0,0.623,UP01AT8213,0.558,crnn
delhi_1080p_s0_t223,222,222,7.465,0.0,848.5,252.8,1003.1,252.8,154.6,39073,1.64,LARGE,0.303,1,745.9,11054.1,54.1,51.6,0.0,0.0,0.11,0.0,0.989,,0.0,
delhi_1080p_s0_t133,223,223,7.499,1128.8,763.4,1175.8,779.1,47.1,15.7,741,2.99,SMALL,0.73,0,176.4,18550.7,125.0,66.4,2.63,0.0,0.032,0.0,0.749,DL13SN07,0.845,awiros
delhi_1080p_s0_t247,223,223,7.499,1381.4,723.9,1425.8,737.6,44.4,13.8,611,3.22,SMALL,0.449,0,64.2,9660.2,83.3,68.3,3.5,0.0,0.074,0.0,0.632,UP01AT857,0.685,crnn
delhi_1080p_s0_t223,223,223,7.499,0.0,802.1,227.1,1007.6,227.1,205.5,46673,1.11,LARGE,0.276,1,855.4,13158.8,63.6,55.0,0.0,0.0,0.104,0.002,0.989,AP22AA0233,0.543,crnn_reader_crnn_v6
delhi_1080p_s0_t133,224,224,7.532,1114.2,765.8,1166.1,784.1,52.0,18.4,954,2.83,SMALL,0.736,0,218.5,20223.6,121.8,67.7,2.89,0.0,0.039,0.0,0.808,DL2TCF2083,0.617,crnn_reader_crnn_v6
delhi_1080p_s0_t247,224,224,7.532,1377.2,726.2,1422.9,739.9,45.7,13.8,629,3.32,SMALL,0.527,0,75.2,10329.6,83.3,69.2,3.17,0.0,0.074,0.0,0.652,MP01AT3572,0.573,crnn
delhi_1080p_s0_t223,224,224,7.532,0.0,811.6,201.6,1010.2,201.6,198.6,40056,1.02,LARGE,0.377,1,589.2,9933.9,60.1,53.2,0.26,0.0,0.115,0.002,0.986,DL7AU7504,0.506,crnn
delhi_1080p_s0_t133,225,225,7.566,1099.2,769.9,1155.0,788.1,55.8,18.2,1013,3.07,SMALL,0.746,0,291.2,22923.7,121.5,68.9,2.37,0.0,0.04,0.0,0.888,DL13SN079,0.898,awiros
delhi_1080p_s0_t247,225,225,7.566,1372.4,727.7,1418.6,742.2,46.2,14.5,672,3.18,SMALL,0.624,0,85.2,10926.1,83.1,66.6,3.02,0.0,0.079,0.0,0.665,MP01AT3512,0.667,crnn
delhi_1080p_s0_t133,226,226,7.599,1083.4,773.5,1143.9,793.1,60.5,19.6,1188,3.08,MEDIUM,0.747,0,314.7,22860.7,121.7,70.8,2.71,0.0,0.023,0.0,0.917,RJ14CG6915,0.833,awiros
delhi_1080p_s0_t247,226,226,7.599,1368.2,729.4,1415.0,744.3,46.8,14.9,698,3.13,SMALL,0.614,0,69.8,10053.2,82.2,68.3,2.4,0.0,0.091,0.0,0.656,MP01AT3512,0.619,crnn
delhi_1080p_s0_t133,227,227,7.633,1068.6,776.7,1132.2,797.8,63.6,21.0,1338,3.02,MEDIUM,0.767,0,370.3,23873.4,122.1,70.5,3.04,0.0,0.022,0.0,0.93,KL60SM1379,0.636,crnn_reader_crnn_v6
delhi_1080p_s0_t247,227,227,7.633,1364.0,730.4,1411.5,745.5,47.5,15.1,716,3.15,SMALL,0.282,0,76.6,10644.5,83.1,67.8,2.62,0.0,0.094,0.0,0.663,,0.0,
delhi_1080p_s0_t247,228,228,7.667,1361.0,732.2,1408.8,747.5,47.8,15.4,734,3.11,SMALL,0.362,0,72.1,10480.9,83.5,67.2,2.7,0.0,0.088,0.0,0.66,DL14T8087,0.656,crnn_reader_crnn_v6
delhi_1080p_s0_t66,228,228,7.667,1051.1,779.4,1124.0,803.4,72.9,24.0,1750,3.04,MEDIUM,0.343,0,487.1,25011.8,123.2,71.5,2.89,0.0,0.017,0.0,0.974,MH02SM979,0.537,crnn_reader_crnn_v6
delhi_1080p_s0_t247,229,229,7.7,1356.7,734.3,1405.6,749.5,48.9,15.2,745,3.2,SMALL,0.623,0,98.1,11811.8,82.6,68.1,2.9,0.0,0.093,0.0,0.687,UP01AT8162,0.616,crnn
delhi_1080p_s0_t146,229,229,7.7,1031.2,710.9,1066.4,736.5,35.2,25.6,901,1.37,VERY_SMALL,0.444,1,45.4,8135.7,147.8,66.9,0.0,8.6,0.0,0.001,0.596,KA04KA314,0.583,awiros
delhi_1080p_s0_t247,230,230,7.734,1352.4,735.9,1401.0,750.9,48.6,15.0,728,3.24,SMALL,0.665,0,85.7,11484.0,84.4,70.3,3.04,0.0,0.092,0.0,0.671,MH41AT8112,0.515,crnn_reader_crnn_v6
delhi_1080p_s0_t66,230,230,7.734,1014.1,786.6,1090.5,812.2,76.4,25.7,1960,2.98,MEDIUM,0.61,0,591.1,27388.6,124.7,74.7,2.92,0.0,0.023,0.0,0.973,MH105979,0.608,crnn_reader_crnn_v6
delhi_1080p_s0_t247,231,231,7.768,1347.0,736.7,1396.9,752.4,49.9,15.7,785,3.17,SMALL,0.621,0,85.7,11134.4,84.2,67.6,2.89,0.0,0.087,0.0,0.681,MH01AT8102,0.756,crnn
delhi_1080p_s0_t66,231,231,7.768,996.1,790.5,1071.8,816.5,75.7,26.0,1971,2.91,MEDIUM,0.618,0,611.5,29011.1,122.4,75.5,2.78,0.0,0.028,0.001,0.974,DL05M179,0.694,awiros
delhi_1080p_s0_t247,232,232,7.801,1341.7,738.9,1391.9,755.0,50.2,16.0,805,3.13,SMALL,0.661,0,89.9,11374.5,84.1,68.0,2.88,0.0,0.097,0.0,0.684,UP01AT8172,0.649,crnn
delhi_1080p_s0_t66,232,232,7.801,977.3,794.0,1052.8,821.6,75.5,27.6,2084,2.73,MEDIUM,0.62,0,579.2,29252.6,117.1,75.3,2.81,0.0,0.034,0.001,0.973,MH07SM572,0.668,crnn_reader_crnn_v6
delhi_1080p_s0_t247,233,233,7.835,1336.6,741.0,1387.1,756.9,50.5,15.8,800,3.19,SMALL,0.667,0,117.2,12822.7,85.1,70.3,3.09,0.0,0.098,0.0,0.708,MH01AT8114,0.652,crnn
delhi_1080p_s0_t66,233,233,7.835,954.1,798.0,1031.6,827.9,77.4,29.9,2315,2.59,MEDIUM,0.629,1,688.7,30533.4,109.6,75.5,2.16,0.0,0.069,0.001,0.975,GJ10SM4779,0.618,crnn
delhi_1080p_s0_t247,234,234,7.869,1331.0,744.1,1382.3,759.4,51.3,15.3,784,3.36,SMALL,0.677,0,111.9,12469.4,85.6,70.1,2.93,0.0,0.091,0.0,0.71,GJ01AT8172,0.811,crnn
delhi_1080p_s0_t66,234,234,7.869,932.6,803.9,1010.8,833.9,78.2,30.0,2348,2.61,MEDIUM,0.647,0,670.7,30574.6,103.8,76.7,2.6,0.0,0.085,0.0,0.97,GJ20SM1179,0.64,crnn_reader_crnn_v6
delhi_1080p_s0_t247,235,235,7.902,1324.8,746.7,1376.7,762.2,52.0,15.5,807,3.35,SMALL,0.686,0,123.6,12840.2,85.7,68.5,2.55,0.0,0.096,0.0,0.722,SK41AS8572,0.654,crnn_reader_crnn_v6
delhi_1080p_s0_t66,235,235,7.902,909.7,809.4,987.6,838.8,77.9,29.4,2290,2.65,MEDIUM,0.628,0,640.5,30192.7,98.3,75.9,3.01,0.0,0.122,0.0,0.963,MH11SM1179,0.659,crnn_reader_crnn_v6
delhi_1080p_s0_t66,236,236,7.936,884.5,816.0,964.9,845.6,80.4,29.7,2385,2.71,MEDIUM,0.744,0,642.3,28832.0,93.9,74.1,2.98,0.0,0.132,0.0,0.962,KL13M1179,0.8,crnn_reader_crnn_v6
delhi_1080p_s0_t247,236,236,7.936,1318.9,749.0,1371.3,764.6,52.4,15.6,816,3.36,SMALL,0.56,0,112.0,12851.4,88.3,70.8,2.8,0.0,0.086,0.0,0.715,SK10AS8572,0.598,crnn_reader_crnn_v6
delhi_1080p_s0_t66,237,237,7.969,857.2,820.2,939.1,852.1,81.9,31.9,2614,2.57,MEDIUM,0.74,1,684.4,27602.2,93.6,73.3,2.27,0.0,0.117,0.0,0.969,MH12SM5179,0.658,crnn_reader_crnn_v6
delhi_1080p_s0_t66,238,238,8.003,829.2,826.7,910.0,858.6,80.8,31.9,2576,2.53,MEDIUM,0.754,1,572.2,24561.0,96.7,71.7,2.77,0.0,0.046,0.0,0.972,DL9SM4179,0.822,awiros
delhi_1080p_s0_t247,238,238,8.003,1305.5,754.6,1358.4,769.4,52.9,14.8,782,3.58,SMALL,0.665,0,120.1,13670.1,89.8,69.3,2.41,0.0,0.088,0.0,0.725,DL01AT0524,0.638,crnn
delhi_1080p_s0_t66,239,239,8.037,798.2,832.5,880.4,866.2,82.2,33.6,2766,2.44,MEDIUM,0.756,1,536.0,21619.8,100.9,70.1,2.87,0.0,0.035,0.0,0.973,HP13M579,0.541,crnn_reader_crnn_v6
delhi_1080p_s0_t247,239,239,8.037,1298.0,756.7,1352.3,772.3,54.2,15.6,845,3.48,SMALL,0.69,0,131.0,13792.4,90.1,68.2,2.1,0.0,0.09,0.0,0.744,KL11AT4572,0.645,crnn_reader_crnn_v6
delhi_1080p_s0_t300,239,239,8.037,799.5,833.4,891.5,851.0,92.0,17.6,1617,5.24,MEDIUM,0.348,0,1052.1,27746.0,101.0,67.9,5.11,0.0,0.052,0.0,0.952,LD05J676,0.728,crnn
delhi_1080p_s0_t66,240,240,8.07,767.0,839.8,849.4,874.5,82.4,34.7,2861,2.37,MEDIUM,0.67,1,498.4,20370.6,107.0,65.1,3.11,0.0,0.028,0.0,0.971,MH05V979,0.652,crnn
delhi_1080p_s0_t247,240,240,8.07,1291.3,759.4,1345.5,774.3,54.2,14.9,809,3.63,SMALL,0.443,0,123.3,13233.8,91.1,66.7,2.16,0.0,0.091,0.0,0.737,DL11T0524,0.69,crnn
delhi_1080p_s0_t66,241,241,8.104,732.9,846.2,817.1,882.2,84.2,36.0,3033,2.34,MEDIUM,0.77,1,562.3,19554.0,113.6,63.2,2.28,0.0,0.026,0.0,0.978,MZ42S2522,0.518,crnn_reader_crnn_v6
delhi_1080p_s0_t247,241,241,8.104,1282.7,761.8,1337.5,776.7,54.8,14.9,815,3.68,SMALL,0.679,0,154.1,14374.1,93.2,63.7,2.54,0.0,0.096,0.0,0.763,MH01S4524,0.65,crnn
delhi_1080p_s0_t247,242,242,8.138,1274.4,764.0,1329.3,778.8,54.9,14.9,815,3.69,SMALL,0.66,0,133.5,13644.1,95.1,62.2,2.28,0.0,0.086,0.0,0.749,DL11AS6574,0.847,crnn
delhi_1080p_s0_t66,242,242,8.138,697.8,853.1,778.5,891.8,80.7,38.7,3125,2.08,MEDIUM,0.657,1,414.0,17402.8,117.9,61.6,2.61,0.0,0.017,0.0,0.977,MZ05A522,0.552,crnn_reader_crnn_v6
delhi_1080p_s0_t146,242,242,8.138,1050.9,648.7,1093.2,666.5,42.3,17.8,752,2.39,SMALL,0.429,1,87.2,9639.5,137.6,54.9,2.43,0.0,0.0,0.0,0.66,GJ01A3501,0.526,crnn
delhi_1080p_s0_t66,243,243,8.171,657.4,861.6,742.4,902.4,85.0,40.8,3467,2.08,MEDIUM,0.72,1,462.2,17242.5,118.3,60.8,2.21,0.0,0.017,0.0,0.98,MH06JG7776,0.521,crnn_reader_crnn_v6
delhi_1080p_s0_t247,243,243,8.171,1265.6,766.5,1322.3,782.7,56.7,16.2,916,3.51,SMALL,0.712,0,165.7,14392.4,93.0,62.5,2.06,0.0,0.085,0.0,0.789,ML11E6524,0.685,crnn
delhi_1080p_s0_t66,244,244,8.205,614.7,871.7,699.9,914.1,85.2,42.3,3606,2.01,MEDIUM,0.721,1,408.6,15893.1,119.8,60.7,2.72,0.0,0.013,0.0,0.976,HR24CS2083,0.728,crnn_reader_crnn_v6
delhi_1080p_s0_t247,244,244,8.205,1257.5,770.4,1313.5,785.1,56.0,14.7,822,3.81,SMALL,0.558,0,171.3,14661.3,96.1,61.1,2.31,0.0,0.066,0.0,0.79,MH400457,0.657,crnn
delhi_1080p_s0_t146,244,244,8.205,1045.9,649.2,1090.3,666.6,44.3,17.4,772,2.54,SMALL,0.384,1,98.0,10041.8,137.5,54.6,1.48,0.0,0.0,0.001,0.684,CH08BDD0039,0.552,crnn_reader_crnn_v6
delhi_1080p_s0_t66,245,245,8.238,576.1,882.4,656.1,927.6,80.0,45.2,3619,1.77,MEDIUM,0.499,1,344.6,14815.2,119.6,63.0,1.9,0.0,0.012,0.0,0.983,MH47B6178,0.546,crnn_reader_crnn_v6
delhi_1080p_s0_t247,245,245,8.238,1247.3,773.4,1305.9,790.3,58.6,16.9,989,3.47,SMALL,0.491,0,208.9,16050.1,90.3,67.3,1.77,0.0,0.098,0.0,0.83,DL5AS8524,0.899,awiros
delhi_1080p_s0_t66,246,246,8.272,533.0,892.3,609.1,943.2,76.1,50.8,3868,1.5,MEDIUM,0.638,1,228.6,12159.5,118.8,64.3,2.37,0.0,0.008,0.0,0.92,ML47BM6126,0.542,crnn_reader_crnn_v6
delhi_1080p_s0_t247,246,246,8.272,1239.5,777.4,1297.2,794.7,57.7,17.3,997,3.34,SMALL,0.622,0,165.5,14753.5,86.9,70.1,2.26,0.0,0.119,0.0,0.788,DL1AG6522,0.703,crnn_reader_crnn_v6
delhi_1080p_s0_t314,246,246,8.272,998.0,698.8,1066.3,737.1,68.3,38.3,2618,1.78,MEDIUM,0.212,1,180.4,9905.0,78.2,58.3,1.81,0.0,0.066,0.0,0.859,CG38V0067,0.542,crnn
delhi_1080p_s0_t247,247,247,8.306,1225.6,781.1,1286.4,798.5,60.8,17.4,1057,3.5,MEDIUM,0.684,0,205.1,15991.3,85.3,67.2,1.97,0.0,0.108,0.0,0.836,KL41AG6524,0.588,crnn_reader_crnn_v6
delhi_1080p_s0_t66,247,247,8.306,466.6,905.2,555.5,956.9,88.9,51.7,4597,1.72,MEDIUM,0.522,1,334.0,13147.1,119.2,60.6,2.36,0.0,0.007,0.0,0.98,MH28J6726,0.523,crnn_reader_crnn_v6
delhi_1080p_s0_t247,248,248,8.339,1213.8,784.5,1276.3,803.4,62.5,19.0,1185,3.3,MEDIUM,0.72,0,214.2,16093.7,84.5,69.6,2.12,0.0,0.113,0.0,0.85,DL5AS6524,0.762,awiros
delhi_1080p_s0_t247,249,249,8.373,1204.0,788.5,1266.6,808.4,62.6,19.9,1244,3.15,MEDIUM,0.737,0,247.1,16296.5,84.9,68.8,2.32,0.0,0.113,0.0,0.879,DL4SAS6524,0.925,awiros
delhi_1080p_s0_t247,250,250,8.407,1194.7,792.8,1256.6,812.5,61.9,19.6,1214,3.15,MEDIUM,0.65,0,222.2,14867.2,85.1,66.3,2.56,0.6,0.117,0.0,0.851,GJ13S6524,0.648,crnn
delhi_1080p_s0_t247,251,251,8.44,1181.9,796.7,1247.1,816.8,65.2,20.1,1312,3.24,MEDIUM,0.611,0,214.1,14538.0,82.3,70.1,2.33,0.0,0.123,0.0,0.858,DL4AG4524,0.705,crnn_reader_crnn_v6
delhi_1080p_s0_t247,252,252,8.474,1170.1,800.5,1237.0,821.2,66.9,20.7,1384,3.24,MEDIUM,0.638,0,226.1,15194.8,80.3,69.8,2.35,0.0,0.138,0.0,0.874,DL1AS6524,0.765,crnn
delhi_1080p_s0_t284,252,252,8.474,1168.9,800.2,1202.1,816.7,33.2,16.5,546,2.02,VERY_SMALL,0.415,1,26.4,5766.6,91.4,60.0,1.97,0.0,0.065,0.0,0.564,KL06F141,0.503,crnn_reader_crnn_v6
delhi_1080p_s0_t247,253,253,8.507,1156.9,803.7,1224.7,826.7,67.9,23.0,1558,2.95,MEDIUM,0.707,0,234.5,15181.9,81.5,68.6,3.51,0.0,0.13,0.0,0.88,DL4SAS6524,0.951,awiros
delhi_1080p_s0_t284,253,253,8.507,1156.8,803.9,1195.8,821.8,39.1,18.0,703,2.17,VERY_SMALL,0.596,1,38.3,6982.0,92.6,62.2,3.07,0.0,0.066,0.0,0.588,GJ11K5454,0.598,crnn
delhi_1080p_s0_t247,254,254,8.541,1143.0,807.3,1211.8,830.9,68.8,23.6,1624,2.92,MEDIUM,0.702,0,265.2,15496.6,81.2,65.4,2.91,0.0,0.119,0.0,0.919,DL4SAS8524,0.959,awiros
delhi_1080p_s0_t133,254,254,8.541,590.5,781.3,684.8,843.4,94.3,62.0,5851,1.52,MEDIUM,0.256,1,719.9,19410.8,137.2,68.3,2.79,0.0,0.035,0.002,0.972,GJ04FZ6426,0.572,crnn
delhi_1080p_s0_t247,255,255,8.575,1130.0,811.1,1199.9,836.1,69.8,25.0,1744,2.8,MEDIUM,0.702,0,232.6,14357.7,80.7,66.3,3.17,0.0,0.109,0.0,0.895,DL4SAS6524,0.974,awiros
delhi_1080p_s0_t133,255,255,8.575,543.1,846.3,590.7,890.2,47.6,43.8,2088,1.09,SMALL,0.21,1,27.8,4024.3,175.1,66.7,6.35,0.0,0.0,0.0,0.601,,0.0,
delhi_1080p_s0_t284,256,256,8.608,1116.5,817.6,1165.9,837.3,49.4,19.6,971,2.52,SMALL,0.765,1,65.8,8001.8,90.7,65.2,2.67,0.0,0.056,0.0,0.665,DL1AJ1565,0.564,crnn_reader_crnn_v6
delhi_1080p_s0_t284,257,257,8.642,1102.2,823.0,1160.0,843.0,57.8,20.0,1157,2.89,SMALL,0.757,0,132.4,11007.6,87.3,64.8,2.88,0.0,0.064,0.0,0.757,DL4SAS6524,0.961,awiros
delhi_1080p_s0_t133,257,257,8.642,463.4,789.4,606.3,851.0,142.8,61.7,8806,2.32,LARGE,0.369,1,1167.3,21448.2,129.0,72.4,2.81,0.0,0.019,0.001,0.974,,0.0,
delhi_1080p_s0_t146,257,257,8.642,1039.0,653.4,1070.8,671.6,31.8,18.2,578,1.75,VERY_SMALL,0.352,1,41.1,7325.2,139.1,57.6,1.59,0.0,0.004,0.001,0.574,MH05DG3223,0.654,crnn
delhi_1080p_s0_t284,258,258,8.676,1087.1,827.7,1152.0,850.0,64.9,22.3,1446,2.91,MEDIUM,0.757,0,167.9,12247.8,84.6,67.1,3.02,0.0,0.068,0.0,0.819,DL6SAS6524,0.932,awiros
delhi_1080p_s0_t284,259,259,8.709,1072.6,833.4,1142.3,855.2,69.7,21.8,1521,3.19,MEDIUM,0.743,0,221.3,13822.3,83.0,70.1,2.72,0.0,0.076,0.0,0.889,DL6SAS6524,0.942,awiros
delhi_1080p_s0_t133,259,259,8.709,385.7,800.8,551.0,880.6,165.3,79.9,13197,2.07,LARGE,0.227,1,1236.7,20805.5,121.7,72.8,3.04,0.0,0.035,0.001,0.971,,0.0,
delhi_1080p_s0_t284,260,260,8.743,1059.2,840.0,1132.8,862.8,73.7,22.7,1675,3.24,MEDIUM,0.744,0,256.0,15019.6,80.5,70.7,3.18,0.0,0.101,0.0,0.927,DL4SAS6524,0.963,awiros
delhi_1080p_s0_t133,260,260,8.743,339.1,883.2,429.9,943.5,90.8,60.3,5472,1.51,MEDIUM,0.283,1,191.7,10155.2,169.5,63.7,5.35,0.0,0.015,0.0,0.864,,0.0,
delhi_1080p_s0_t284,261,261,8.776,1042.3,845.3,1117.3,868.7,75.0,23.3,1750,3.21,MEDIUM,0.791,0,322.3,15950.4,81.3,70.9,2.54,0.0,0.1,0.0,0.969,DL5SAS6524,0.972,awiros
delhi_1080p_s0_t133,261,261,8.776,295.7,895.5,390.4,955.8,94.7,60.4,5715,1.57,MEDIUM,0.519,1,239.8,10598.6,166.9,64.4,3.74,0.0,0.02,0.0,0.917,DL1CX5587,0.668,awiros
delhi_1080p_s0_t284,262,262,8.81,1024.2,850.1,1101.7,874.8,77.5,24.6,1909,3.14,MEDIUM,0.742,0,308.6,15664.0,82.4,70.1,2.63,0.0,0.078,0.0,0.97,DL5SAS6524,0.991,awiros
delhi_1080p_s0_t133,262,262,8.81,247.2,904.3,346.3,969.7,99.0,65.4,6472,1.51,MEDIUM,0.521,1,246.9,10655.5,162.6,66.0,4.58,0.0,0.024,0.0,0.915,,0.0,
delhi_1080p_s0_t284,263,263,8.844,1008.8,857.5,1087.7,882.6,78.9,25.1,1980,3.14,MEDIUM,0.749,0,349.0,16480.6,82.0,71.3,2.54,0.0,0.095,0.0,0.969,DL5SAS6524,0.993,awiros
delhi_1080p_s0_t284,264,264,8.877,988.6,862.2,1067.6,887.7,79.0,25.5,2010,3.1,MEDIUM,0.735,0,364.7,17175.7,84.4,70.6,2.3,0.0,0.082,0.0,0.973,DL5SAS6524,0.969,awiros
delhi_1080p_s0_t284,265,265,8.911,967.3,868.9,1050.0,895.5,82.8,26.6,2203,3.11,MEDIUM,0.771,0,428.3,17322.6,86.0,69.0,2.48,0.0,0.076,0.0,0.972,DL5SAS8524,0.996,awiros
delhi_1080p_s0_t288,265,265,8.911,87.8,934.7,195.8,1010.7,108.0,76.0,8209,1.42,MEDIUM,0.333,1,207.0,9052.6,155.9,67.2,3.75,0.0,0.027,0.0,0.889,,0.0,
delhi_1080p_s0_t284,266,266,8.945,947.4,874.6,1027.6,902.2,80.3,27.6,2214,2.91,MEDIUM,0.761,0,361.1,16328.5,90.0,66.9,2.24,0.0,0.046,0.0,0.977,DL13CA2927,1.0,awiros
delhi_1080p_s0_t284,267,267,8.978,926.0,882.6,1007.2,910.3,81.2,27.7,2251,2.93,MEDIUM,0.787,0,380.1,16284.7,90.9,65.6,2.32,0.0,0.037,0.0,0.977,DL5SAS8524,0.992,awiros
delhi_1080p_s0_t247,268,268,9.012,900.7,888.5,987.9,922.2,87.2,33.7,2938,2.59,MEDIUM,0.732,1,439.0,16974.1,88.2,68.3,2.26,0.0,0.045,0.0,0.977,DL5SAS8524,0.957,awiros
delhi_1080p_s0_t247,269,269,9.045,877.5,897.1,963.0,931.6,85.5,34.5,2950,2.48,MEDIUM,0.763,1,417.1,16975.5,94.7,66.7,1.88,0.0,0.03,0.0,0.981,DL5SAS6524,0.967,awiros
delhi_1080p_s0_t247,270,270,9.079,851.9,906.0,937.2,939.7,85.3,33.7,2877,2.53,MEDIUM,0.785,1,365.4,15591.5,102.1,61.1,2.27,0.0,0.022,0.0,0.979,DL5SAS6524,0.95,awiros
delhi_1080p_s0_t247,271,271,9.113,823.0,915.1,911.8,950.5,88.7,35.3,3134,2.51,MEDIUM,0.783,1,361.0,14494.1,105.9,58.5,2.28,0.0,0.021,0.0,0.979,DL5SAS8524,0.975,awiros
delhi_1080p_s0_t247,272,272,9.146,794.4,924.9,883.4,960.5,89.1,35.6,3170,2.5,MEDIUM,0.777,1,437.4,14311.6,106.6,56.5,2.15,2.2,0.02,0.0,0.976,DL5SAS8524,0.985,awiros
delhi_1080p_s0_t339,272,272,9.146,1040.9,652.1,1060.9,669.5,20.0,17.4,348,1.15,VERY_SMALL,0.342,1,7.5,2380.9,135.8,51.2,2.63,0.0,0.0,0.0,0.484,,0.0,
delhi_1080p_s0_t247,273,273,9.18,762.6,933.7,855.0,972.2,92.4,38.5,3556,2.4,MEDIUM,0.768,1,357.2,12272.3,110.5,53.6,2.07,0.0,0.021,0.0,0.981,DL5SAS8524,0.981,awiros
delhi_1080p_s0_t339,273,273,9.18,1023.5,652.3,1060.2,669.5,36.7,17.2,631,2.13,VERY_SMALL,0.747,1,59.2,8478.4,139.9,55.5,1.52,0.0,0.0,0.0,0.614,,0.0,
delhi_1080p_s0_t247,274,274,9.214,729.0,943.4,823.8,983.4,94.8,40.0,3796,2.37,MEDIUM,0.781,1,330.2,10937.9,115.0,50.9,2.24,0.0,0.022,0.0,0.979,DL5SAS8524,0.957,awiros
delhi_1080p_s0_t339,274,274,9.214,1009.7,651.5,1059.5,670.3,49.7,18.8,937,2.64,SMALL,0.601,0,180.0,13719.3,141.9,58.1,1.29,0.0,0.0,0.005,0.78,,0.0,
delhi_1080p_s0_t210,274,274,9.214,1185.6,712.5,1215.8,722.1,30.2,9.5,287,3.17,VERY_SMALL,0.219,0,35.9,8787.4,90.8,64.7,5.74,4.7,0.026,0.0,0.522,UP16R3166,0.546,crnn
delhi_1080p_s0_t247,275,275,9.247,695.7,953.9,789.8,994.9,94.1,41.0,3863,2.29,MEDIUM,0.73,1,279.7,10045.0,115.6,51.5,2.61,0.0,0.023,0.0,0.959,DL5SAS8524,0.975,awiros
delhi_1080p_s0_t339,275,275,9.247,1007.7,651.9,1057.8,670.6,50.1,18.7,936,2.68,SMALL,0.451,0,156.8,13065.9,140.6,56.4,1.75,0.0,0.0,0.005,0.756,,0.0,
delhi_1080p_s0_t247,276,276,9.281,665.0,969.3,755.1,1009.8,90.1,40.5,3646,2.22,MEDIUM,0.767,1,247.1,9401.9,115.8,52.5,2.57,0.0,0.025,0.0,0.932,DL5SAS9524,0.924,awiros
delhi_1080p_s0_t339,276,276,9.281,1006.0,651.6,1057.1,669.9,51.1,18.4,938,2.78,SMALL,0.306,0,213.3,14615.1,140.9,58.3,1.59,0.0,0.0,0.002,0.814,,0.0,
delhi_1080p_s0_t247,277,277,9.314,635.6,986.0,716.0,1023.0,80.4,37.0,2978,2.17,MEDIUM,0.784,1,157.0,8161.3,115.7,51.5,2.65,0.0,0.027,0.0,0.856,DL5SAS6524,0.916,awiros
delhi_1080p_s0_t339,277,277,9.314,1004.8,651.8,1055.4,669.4,50.5,17.6,890,2.87,SMALL,0.63,0,177.8,13704.8,140.7,55.3,2.25,0.0,0.0,0.004,0.774,,0.0,
delhi_1080p_s0_t247,278,278,9.348,594.1,999.8,675.8,1039.1,81.6,39.4,3215,2.07,MEDIUM,0.76,1,159.5,8271.9,114.5,52.7,2.28,0.0,0.028,0.0,0.861,DL5SAS9524,0.927,awiros
delhi_1080p_s0_t339,278,278,9.348,1002.6,651.8,1053.6,669.9,51.0,18.1,923,2.82,SMALL,0.675,0,188.2,14049.6,140.1,55.3,1.65,0.0,0.0,0.005,0.787,DL13CA2927,1.0,awiros
delhi_1080p_s0_t247,279,279,9.382,566.3,1015.6,629.8,1057.9,63.5,42.2,2681,1.5,MEDIUM,0.728,1,71.9,6313.0,112.9,56.1,0.99,0.0,0.019,0.0,0.757,AP92S5623,0.52,crnn_reader_crnn_v6
delhi_1080p_s0_t339,279,279,9.382,1001.7,651.6,1051.8,670.0,50.0,18.4,920,2.72,SMALL,0.458,0,168.9,13784.8,140.6,56.8,2.03,0.0,0.0,0.004,0.765,,0.0,
delhi_1080p_s0_t247,280,280,9.415,539.2,1031.1,583.3,1080.0,44.0,48.9,2152,0.9,SMALL,0.276,1,24.0,3705.1,103.6,56.9,1.82,0.0,0.022,0.0,0.618,MH26A420,0.529,crnn_reader_crnn_v6
delhi_1080p_s0_t243,280,280,9.415,1413.4,669.2,1442.1,680.2,28.7,11.0,315,2.61,VERY_SMALL,0.226,0,11.3,3644.5,76.8,56.7,5.66,9.0,0.095,0.0,0.48,,0.0,
delhi_1080p_s0_t247,281,281,9.449,765.7,1002.2,837.4,1057.0,71.7,54.8,3924,1.31,MEDIUM,0.436,1,54.2,3691.3,50.3,53.1,1.73,0.0,0.231,0.0,0.75,MH02F0006,0.614,crnn
delhi_1080p_s0_t247,282,282,9.483,726.3,1017.9,808.5,1075.3,82.1,57.4,4713,1.43,MEDIUM,0.265,1,93.6,4734.3,50.0,53.7,1.95,0.0,0.232,0.0,0.789,,0.0,
delhi_1080p_s0_t339,283,283,9.516,1000.4,653.7,1045.8,671.8,45.4,18.1,822,2.51,SMALL,0.397,1,134.3,12631.6,144.4,55.9,1.01,0.0,0.0,0.005,0.725,,0.0,
delhi_1080p_s0_t310,283,283,9.516,1351.7,689.0,1381.2,697.6,29.5,8.5,251,3.46,VERY_SMALL,0.248,0,30.3,9294.2,106.5,70.4,6.93,5.3,0.03,0.0,0.498,,0.0,
delhi_1080p_s0_t243,285,285,9.583,1406.6,671.7,1438.7,683.1,32.1,11.4,365,2.82,VERY_SMALL,0.331,0,17.9,4706.3,74.9,55.2,4.99,4.8,0.125,0.0,0.511,,0.0,
delhi_1080p_s0_t243,286,286,9.617,1405.2,670.9,1439.2,682.7,34.0,11.9,404,2.86,VERY_SMALL,0.415,0,19.0,4749.5,71.9,57.3,3.86,4.5,0.127,0.0,0.529,,0.0,
delhi_1080p_s0_t339,286,286,9.617,999.6,654.4,1042.4,672.5,42.8,18.1,773,2.37,SMALL,0.271,1,108.9,11723.9,144.2,55.4,0.8,0.0,0.0,0.005,0.69,HR26CC2083,0.994,awiros
delhi_1080p_s0_t243,287,287,9.651,1404.7,670.3,1439.2,682.5,34.5,12.1,418,2.85,VERY_SMALL,0.272,0,19.7,4973.0,72.6,56.9,3.41,3.4,0.136,0.0,0.538,,0.0,
delhi_1080p_s0_t310,288,288,9.684,1331.0,692.0,1374.2,701.7,43.2,9.7,418,4.46,SMALL,0.254,0,125.2,18189.6,107.1,70.4,2.97,0.0,0.023,0.0,0.689,,0.0,
delhi_1080p_s0_t146,288,288,9.684,983.2,652.8,1039.2,673.1,55.9,20.3,1133,2.76,SMALL,0.248,0,259.4,16086.3,139.9,57.7,1.09,0.0,0.0,0.002,0.876,GJ38BU0032,0.711,crnn
delhi_1080p_s0_t146,289,289,9.718,980.2,653.3,1035.0,672.3,54.8,19.0,1041,2.88,SMALL,0.61,0,228.9,15562.2,138.4,56.0,1.09,0.0,0.0,0.001,0.847,CG88DDQ0323,0.716,crnn_reader_crnn_v6
delhi_1080p_s0_t342,289,289,9.718,1329.1,694.4,1371.5,702.7,42.4,8.2,349,5.15,SMALL,0.356,0,110.8,18334.7,116.5,69.4,3.94,0.0,0.0,0.0,0.663,,0.0,
delhi_1080p_s0_t243,289,289,9.718,1401.6,671.0,1437.3,682.8,35.8,11.8,423,3.03,VERY_SMALL,0.322,0,28.8,6214.5,76.7,56.7,4.52,1.9,0.116,0.0,0.545,,0.0,
delhi_1080p_s0_t146,290,290,9.752,977.5,653.7,1032.8,672.0,55.3,18.4,1016,3.01,SMALL,0.645,0,247.5,16233.6,138.7,55.1,1.55,0.0,0.0,0.002,0.862,CG38DU0032,0.768,crnn
delhi_1080p_s0_t146,291,291,9.785,974.5,653.8,1030.5,673.2,56.0,19.4,1084,2.89,SMALL,0.54,0,245.1,15968.9,138.5,56.1,1.15,0.0,0.0,0.001,0.867,GJ38SUU4032,0.774,crnn
delhi_1080p_s0_t342,291,291,9.785,1322.8,697.8,1367.4,708.4,44.6,10.6,474,4.2,SMALL,0.213,0,121.2,19160.8,114.1,70.6,2.58,0.0,0.002,0.0,0.695,WB43CZ7264,0.537,crnn
delhi_1080p_s0_t146,292,292,9.819,971.7,653.5,1029.7,673.3,58.0,19.8,1152,2.93,SMALL,0.533,0,305.9,17178.4,138.6,57.1,0.97,0.0,0.0,0.002,0.922,CH38BQD4032,0.703,crnn
delhi_1080p_s0_t146,293,293,9.852,968.0,653.3,1026.5,673.3,58.5,20.0,1168,2.93,SMALL,0.649,0,281.7,16857.6,136.8,56.4,1.08,0.0,0.0,0.005,0.908,CG85DD0032,0.763,crnn
delhi_1080p_s0_t146,294,294,9.886,965.5,653.6,1023.2,672.5,57.7,18.9,1089,3.06,SMALL,0.687,0,294.1,17490.6,138.4,55.7,1.21,0.0,0.0,0.0,0.916,CG88DD0032,0.793,crnn_reader_crnn_v6
delhi_1080p_s0_t146,295,295,9.92,961.1,652.4,1021.7,672.5,60.6,20.1,1220,3.01,MEDIUM,0.468,0,329.8,17385.0,140.2,55.8,1.5,0.0,0.0,0.001,0.929,,0.0,
delhi_1080p_s0_t243,296,296,9.953,1396.1,672.7,1436.2,685.3,40.1,12.6,506,3.18,SMALL,0.212,0,30.4,5773.3,69.2,59.4,5.13,5.2,0.156,0.0,0.555,,0.0,
delhi_1080p_s0_t360,297,297,9.987,1301.1,706.7,1345.6,715.4,44.5,8.7,386,5.13,SMALL,0.209,0,131.3,18114.4,128.8,60.8,3.88,2.4,0.001,0.0,0.688,UP14CE431,0.654,awiros
delhi_1080p_s0_t243,297,297,9.987,1396.3,673.5,1436.0,685.4,39.7,11.9,472,3.35,VERY_SMALL,0.205,0,24.6,5537.0,73.0,59.7,5.26,4.8,0.127,0.0,0.548,,0.0,
delhi_1080p_s0_t342,298,298,10.021,1295.0,707.3,1342.0,717.6,47.0,10.3,485,4.56,SMALL,0.261,0,167.0,20093.9,125.0,66.9,2.26,1.5,0.0,0.0,0.745,UP14CE411,0.686,awiros
delhi_1080p_s0_t360,299,299,10.054,1290.7,708.5,1338.3,719.2,47.5,10.7,508,4.44,SMALL,0.238,0,161.7,19549.1,125.6,65.7,2.15,0.0,0.0,0.0,0.744,,0.0,
delhi_1080p_s0_t360,300,300,10.088,1285.9,709.8,1334.4,720.2,48.5,10.3,501,4.7,SMALL,0.348,0,208.6,21109.8,129.0,64.9,2.99,0.0,0.0,0.0,0.784,RJ14C4319,0.699,crnn
delhi_1080p_s0_t314,300,300,10.088,496.0,643.2,566.6,715.5,70.6,72.2,5100,0.98,MEDIUM,0.263,1,389.9,16656.4,78.1,64.0,2.33,0.0,0.08,0.002,0.964,,0.0,
delhi_1080p_s0_t360,301,301,10.121,1279.7,712.5,1329.2,722.7,49.5,10.1,500,4.89,SMALL,0.371,0,202.4,21358.6,132.1,63.2,3.02,0.0,0.0,0.0,0.786,GA06AB6620,0.653,crnn
delhi_1080p_s0_t314,301,301,10.121,500.3,645.9,555.6,706.1,55.3,60.2,3325,0.92,SMALL,0.226,1,164.7,12209.4,79.3,64.4,2.41,0.0,0.069,0.003,0.778,HP02F0467,0.51,crnn
delhi_1080p_s0_t342,302,302,10.155,1273.3,714.3,1323.5,725.2,50.2,10.9,545,4.62,SMALL,0.437,0,216.3,22094.3,129.8,66.1,2.07,0.0,0.001,0.0,0.805,,0.0,
delhi_1080p_s0_t314,302,302,10.155,484.4,647.9,545.0,709.8,60.6,61.9,3752,0.98,MEDIUM,0.226,1,209.7,13179.0,76.7,65.2,2.68,0.0,0.068,0.002,0.837,DL11B5340,0.699,crnn
delhi_1080p_s0_t342,303,303,10.189,1267.6,716.2,1317.7,727.2,50.1,11.0,553,4.54,SMALL,0.502,0,202.3,21634.1,129.6,64.9,2.16,0.0,0.0,0.0,0.793,UP14CG4513,0.698,awiros
delhi_1080p_s0_t243,303,303,10.189,1392.2,675.1,1433.1,687.1,40.9,12.0,489,3.42,SMALL,0.375,0,32.8,6389.4,73.3,59.4,3.5,4.8,0.116,0.0,0.575,,0.0,
delhi_1080p_s0_t342,304,304,10.222,1261.2,718.0,1311.7,729.3,50.6,11.4,575,4.45,SMALL,0.572,0,217.7,22312.8,130.0,66.8,2.48,0.0,0.001,0.0,0.803,GJ14FK6319,0.722,crnn
delhi_1080p_s0_t243,304,304,10.222,1391.3,675.2,1432.5,687.0,41.1,11.8,486,3.48,SMALL,0.363,0,34.9,6642.2,75.1,56.7,4.76,4.8,0.111,0.0,0.57,,0.0,
delhi_1080p_s0_t342,305,305,10.256,1253.4,719.5,1305.7,731.2,52.3,11.7,610,4.48,SMALL,0.506,0,235.4,23111.9,127.6,66.6,2.19,0.0,0.001,0.0,0.828,DL13CA2927,1.0,awiros
delhi_1080p_s0_t243,305,305,10.256,1390.4,674.8,1431.5,686.5,41.1,11.7,482,3.5,SMALL,0.249,0,30.0,6204.7,72.7,61.9,4.0,4.8,0.129,0.0,0.571,,0.0,
delhi_1080p_s0_t314,305,305,10.256,450.2,639.9,520.2,710.0,70.0,70.1,4910,1.0,MEDIUM,0.22,1,329.9,15723.1,79.6,64.5,2.54,0.0,0.064,0.003,0.96,,0.0,
delhi_1080p_s0_t342,306,306,10.29,1245.3,721.4,1298.2,733.3,52.9,11.9,631,4.44,SMALL,0.538,0,274.4,24727.3,126.7,67.9,2.0,0.0,0.008,0.0,0.869,UP14CG6919,0.567,awiros
delhi_1080p_s0_t342,307,307,10.323,1237.3,723.3,1291.3,735.6,54.0,12.3,663,4.4,SMALL,0.488,0,288.2,25222.4,126.9,67.7,2.14,0.0,0.006,0.0,0.883,DL13CA2927,1.0,awiros
delhi_1080p_s0_t243,307,307,10.323,1388.8,674.8,1429.4,686.5,40.7,11.7,477,3.47,SMALL,0.482,0,30.1,6128.3,72.3,62.1,3.89,4.6,0.132,0.0,0.572,,0.0,
delhi_1080p_s0_t288,307,307,10.323,3.2,995.0,141.8,1078.3,138.6,83.3,11541,1.66,LARGE,0.335,1,517.8,15411.4,89.0,41.8,2.1,0.0,0.016,0.005,0.968,DL11LT9087,0.773,crnn
delhi_1080p_s0_t342,308,308,10.357,1230.9,725.3,1283.5,737.6,52.6,12.3,648,4.27,SMALL,0.521,0,253.4,23457.1,128.6,67.6,2.0,0.0,0.0,0.0,0.848,UP14C0499,0.723,awiros
delhi_1080p_s0_t243,308,308,10.357,1386.9,674.9,1428.4,687.2,41.5,12.3,513,3.36,SMALL,0.403,0,35.0,6259.0,69.4,62.8,3.92,4.6,0.146,0.0,0.578,DL11AT3067,0.646,crnn_reader_crnn_v6
delhi_1080p_s0_t243,309,309,10.39,1387.5,674.8,1428.6,686.8,41.1,12.0,493,3.43,SMALL,0.667,0,33.3,6390.1,72.4,62.9,4.22,4.6,0.136,0.0,0.571,DL15SM079,0.657,awiros
delhi_1080p_s0_t342,309,309,10.39,1222.1,727.1,1276.3,739.1,54.1,12.0,650,4.51,SMALL,0.607,0,258.4,23825.9,128.1,67.2,1.78,0.0,0.002,0.0,0.862,UP14CQ4919,0.746,awiros
delhi_1080p_s0_t342,310,310,10.424,1215.5,728.0,1270.1,740.5,54.6,12.4,677,4.4,SMALL,0.588,0,275.4,23985.5,124.1,65.8,1.3,0.7,0.009,0.0,0.882,UP14CD4919,0.813,awiros
delhi_1080p_s0_t243,310,310,10.424,1388.0,674.2,1429.6,686.3,41.6,12.0,501,3.45,SMALL,0.561,0,34.2,6558.5,72.9,62.4,4.17,4.7,0.13,0.0,0.573,,0.0,
delhi_1080p_s0_t342,311,311,10.458,1207.0,729.9,1261.7,742.2,54.8,12.3,674,4.45,SMALL,0.633,0,260.6,23353.8,125.8,67.5,1.5,1.7,0.002,0.0,0.867,UP14CD6919,0.77,awiros
delhi_1080p_s0_t243,311,311,10.458,1386.9,673.8,1428.4,686.1,41.5,12.2,508,3.39,SMALL,0.621,0,29.2,5852.4,69.2,63.6,3.62,4.4,0.144,0.0,0.576,,0.0,
delhi_1080p_s0_t342,312,312,10.491,1194.0,733.2,1253.0,745.3,59.0,12.1,712,4.9,SMALL,0.61,0,480.1,31413.1,127.8,68.4,1.98,0.0,0.005,0.0,0.921,UP14CQ6319,0.867,awiros
delhi_1080p_s0_t339,312,312,10.491,966.9,698.0,1001.7,717.7,34.8,19.7,686,1.76,VERY_SMALL,0.554,1,89.0,13253.8,121.8,61.6,2.31,0.0,0.043,0.001,0.62,,0.0,
delhi_1080p_s0_t243,312,312,10.491,1385.7,674.7,1427.6,686.8,41.9,12.1,508,3.45,SMALL,0.548,0,38.4,6741.9,71.4,61.8,4.17,4.3,0.137,0.0,0.58,DL16T3087,0.57,crnn_reader_crnn_v6
delhi_1080p_s0_t339,313,313,10.525,954.6,697.0,1000.9,718.2,46.4,21.2,984,2.19,SMALL,0.793,1,255.4,22546.2,119.8,61.5,2.17,0.0,0.051,0.002,0.816,,0.0,
delhi_1080p_s0_t243,313,313,10.525,1384.9,676.0,1426.2,687.8,41.3,11.8,488,3.49,SMALL,0.665,0,33.9,6565.1,74.7,56.3,4.27,4.9,0.097,0.0,0.579,DL11T9087,0.644,crnn_reader_crnn_v6
delhi_1080p_s0_t342,313,313,10.525,1184.0,736.2,1244.3,748.8,60.3,12.6,758,4.79,MEDIUM,0.641,0,424.9,29737.9,127.3,66.8,2.07,0.0,0.005,0.0,0.925,UP14CQ4915,0.945,awiros
delhi_1080p_s0_t339,314,314,10.559,948.5,696.6,1001.4,718.4,52.9,21.8,1155,2.43,SMALL,0.809,1,389.9,24814.2,121.1,56.8,2.47,4.3,0.058,0.0,0.87,DL13CA2927,1.0,awiros
delhi_1080p_s0_t342,314,314,10.559,1171.6,738.9,1234.2,752.5,62.5,13.6,849,4.61,MEDIUM,0.637,0,493.2,32851.5,122.0,69.4,1.33,0.0,0.014,0.001,0.937,UP14C0495,0.839,awiros
delhi_1080p_s0_t243,314,314,10.559,1384.7,676.6,1426.1,688.5,41.4,11.9,491,3.49,SMALL,0.61,0,37.2,6683.4,71.9,62.2,3.75,4.7,0.13,0.0,0.583,DL1AT9587,0.705,crnn_reader_crnn_v6
delhi_1080p_s0_t331,314,314,10.559,713.0,819.3,740.9,839.4,27.9,20.1,560,1.39,VERY_SMALL,0.29,1,15.2,3980.0,70.4,70.5,2.97,9.3,0.143,0.0,0.497,LA122385,0.652,crnn
delhi_1080p_s0_t339,315,315,10.592,945.0,696.7,1001.4,718.6,56.4,21.9,1235,2.58,SMALL,0.808,1,436.7,25276.3,118.3,57.9,2.43,4.1,0.068,0.0,0.889,MH02SM979,0.537,crnn_reader_crnn_v6
delhi_1080p_s0_t243,315,315,10.592,1384.3,677.2,1426.0,688.8,41.7,11.6,484,3.59,SMALL,0.602,0,35.1,6749.0,74.9,56.2,3.96,4.7,0.109,0.0,0.581,DL16T8587,0.668,crnn_reader_crnn_v6
delhi_1080p_s0_t331,315,315,10.592,674.0,821.9,715.7,846.1,41.7,24.2,1010,1.73,SMALL,0.488,1,53.0,7793.4,78.2,68.7,3.26,0.0,0.082,0.0,0.613,GJ31A4015,0.622,crnn
delhi_1080p_s0_t342,315,315,10.592,1161.3,741.9,1224.2,755.5,62.9,13.6,853,4.64,MEDIUM,0.436,0,483.5,32928.2,121.5,69.3,1.49,0.0,0.018,0.001,0.939,,0.0,
delhi_1080p_s0_t146,315,315,10.592,897.8,650.9,932.7,669.5,34.9,18.7,651,1.87,VERY_SMALL,0.312,1,72.6,10932.3,142.2,60.4,2.54,0.0,0.002,0.0,0.608,LA34DD0322,0.627,crnn
delhi_1080p_s0_t339,316,316,10.626,942.8,696.9,1001.3,718.4,58.5,21.5,1259,2.72,SMALL,0.798,0,539.7,27416.6,121.1,57.4,2.75,3.7,0.065,0.0,0.899,,0.0,
delhi_1080p_s0_t331,316,316,10.626,623.4,820.6,689.4,852.2,66.0,31.6,2084,2.09,MEDIUM,0.732,1,197.5,12924.8,88.2,66.0,2.23,0.0,0.062,0.003,0.858,DL5SBD3166,0.961,awiros
delhi_1080p_s0_t243,316,316,10.626,1383.9,677.5,1426.1,689.2,42.1,11.8,495,3.59,SMALL,0.605,0,42.1,7085.2,71.5,59.8,3.54,4.6,0.125,0.0,0.593,DL16T9587,0.664,crnn_reader_crnn_v6
delhi_1080p_s0_t342,316,316,10.626,1150.0,744.8,1213.8,758.2,63.8,13.4,856,4.76,MEDIUM,0.581,0,563.0,34464.4,121.1,69.9,1.76,0.0,0.02,0.0,0.941,UP14CQ6915,0.897,awiros
delhi_1080p_s0_t146,316,316,10.626,880.8,651.3,929.2,670.2,48.3,18.9,916,2.55,SMALL,0.57,1,241.0,17873.4,140.4,61.2,1.93,0.0,0.004,0.0,0.815,DL1XPR0322,0.52,crnn_reader_crnn_v6
delhi_1080p_s0_t339,317,317,10.659,942.0,696.7,1001.0,718.5,59.0,21.8,1287,2.7,SMALL,0.801,0,558.9,27460.7,122.6,55.4,2.76,3.6,0.07,0.0,0.902,,0.0,
delhi_1080p_s0_t331,317,317,10.659,591.1,827.3,661.1,858.4,70.0,31.1,2178,2.25,MEDIUM,0.703,1,179.9,11543.7,91.3,64.9,2.82,0.0,0.052,0.001,0.859,DL5SBQ3166,0.999,awiros
delhi_1080p_s0_t342,317,317,10.659,1143.9,746.7,1204.5,760.8,60.6,14.2,857,4.28,MEDIUM,0.629,0,327.0,23951.9,118.7,68.9,1.73,0.0,0.01,0.0,0.927,RJ14CQ6915,0.909,awiros
delhi_1080p_s0_t243,317,317,10.659,1384.6,677.7,1426.1,689.5,41.5,11.8,490,3.51,SMALL,0.48,0,34.9,6519.2,72.2,60.7,3.77,4.6,0.125,0.0,0.581,DL14T8587,0.709,crnn_reader_crnn_v6
delhi_1080p_s0_t339,318,318,10.693,942.2,696.7,1001.3,718.6,59.1,21.9,1294,2.7,SMALL,0.796,0,526.4,26897.6,119.7,57.4,2.52,3.6,0.084,0.0,0.899,,0.0,
delhi_1080p_s0_t331,318,318,10.693,559.0,833.2,631.4,866.0,72.3,32.8,2373,2.2,MEDIUM,0.719,1,190.7,10548.9,96.7,59.5,2.25,0.0,0.056,0.002,0.884,DL5SBQ3166,0.998,awiros
delhi_1080p_s0_t243,318,318,10.693,1384.5,677.6,1426.2,689.6,41.7,12.0,500,3.48,SMALL,0.51,0,38.5,6822.8,72.2,60.4,4.15,4.8,0.125,0.0,0.581,DL1AT8087,0.711,crnn_reader_crnn_v6
delhi_1080p_s0_t342,318,318,10.693,1137.9,749.9,1193.3,763.6,55.4,13.6,756,4.06,SMALL,0.495,0,240.3,20462.1,121.7,65.6,1.19,0.0,0.001,0.0,0.856,RJ14CQ6915,0.867,awiros
delhi_1080p_s0_t146,318,318,10.693,851.7,648.9,922.3,671.2,70.5,22.3,1574,3.16,MEDIUM,0.285,0,719.8,21871.7,136.4,62.2,1.54,0.0,0.001,0.0,0.976,,0.0,
delhi_1080p_s0_t339,319,319,10.727,943.9,696.7,1001.4,718.7,57.6,22.0,1269,2.61,SMALL,0.8,0,452.9,25162.2,120.6,57.7,3.04,3.6,0.08,0.0,0.891,MP02FT6783,0.527,crnn
delhi_1080p_s0_t331,319,319,10.727,527.1,840.4,598.9,874.7,71.8,34.3,2465,2.09,MEDIUM,0.763,1,138.7,9001.1,102.2,57.5,2.24,0.0,0.045,0.003,0.837,UP14DM7400,1.0,awiros
delhi_1080p_s0_t342,319,319,10.727,1114.8,752.8,1181.4,767.0,66.6,14.2,947,4.68,MEDIUM,0.561,0,578.8,32502.8,119.6,67.9,2.23,0.0,0.003,0.001,0.954,AP14CQ6915,0.896,awiros
delhi_1080p_s0_t243,319,319,10.727,1384.2,677.9,1425.6,689.6,41.4,11.7,483,3.54,SMALL,0.472,0,30.8,6387.6,76.6,56.0,4.05,5.3,0.093,0.0,0.574,,0.0,
delhi_1080p_s0_t146,319,319,10.727,848.1,650.1,919.4,670.9,71.3,20.9,1490,3.41,MEDIUM,0.228,0,744.4,22689.3,138.6,61.3,1.69,0.0,0.0,0.0,0.982,CH883222,0.846,awiros
delhi_1080p_s0_t339,320,320,10.76,942.0,697.2,1001.1,718.9,59.1,21.8,1286,2.72,SMALL,0.8,0,535.7,27795.8,121.4,58.3,2.66,4.1,0.075,0.002,0.901,,0.0,
delhi_1080p_s0_t331,320,320,10.76,492.1,848.7,566.0,883.6,73.9,34.9,2577,2.12,MEDIUM,0.771,1,130.8,8378.6,103.9,55.9,2.89,0.0,0.045,0.001,0.83,DL5BQ3166,0.982,awiros
delhi_1080p_s0_t243,320,320,10.76,1384.7,678.7,1426.0,690.3,41.3,11.7,481,3.54,SMALL,0.52,0,31.6,6318.1,73.3,62.9,3.46,5.0,0.129,0.0,0.576,,0.0,
delhi_1080p_s0_t342,320,320,10.76,1115.8,756.0,1169.6,771.1,53.8,15.1,814,3.56,SMALL,0.494,0,189.6,18209.0,117.2,66.3,2.37,4.9,0.004,0.0,0.791,RJ14CQ6915,0.956,awiros
delhi_1080p_s0_t339,321,321,10.794,941.5,697.7,1000.7,719.2,59.3,21.5,1273,2.76,SMALL,0.804,0,458.5,25323.3,122.4,57.2,3.13,3.1,0.076,0.0,0.896,,0.0,
delhi_1080p_s0_t331,321,321,10.794,453.8,855.6,531.1,892.3,77.3,36.7,2837,2.11,MEDIUM,0.769,1,144.3,8597.8,106.3,53.4,2.65,0.0,0.04,0.001,0.844,DL5SBD3166,0.957,awiros
delhi_1080p_s0_t243,321,321,10.794,1384.3,679.0,1426.2,690.9,41.9,11.9,499,3.52,SMALL,0.47,0,32.3,6448.3,72.7,60.0,3.9,5.0,0.134,0.0,0.577,DL11AT9587,0.637,crnn_reader_crnn_v6
delhi_1080p_s0_t339,322,322,10.828,943.4,697.6,1001.6,719.7,58.2,22.1,1285,2.63,SMALL,0.806,0,491.7,25712.3,120.7,57.9,2.71,3.6,0.082,0.0,0.894,,0.0,
delhi_1080p_s0_t243,322,322,10.828,1384.2,679.4,1426.4,691.1,42.2,11.7,492,3.62,SMALL,0.636,0,37.3,6728.1,75.3,55.5,4.2,4.8,0.112,0.0,0.581,DL11CT9587,0.584,crnn_reader_crnn_v6
delhi_1080p_s0_t331,322,322,10.828,415.3,863.1,494.7,900.7,79.4,37.6,2984,2.11,MEDIUM,0.601,1,168.1,8683.7,107.0,51.8,2.05,0.0,0.033,0.0,0.87,DL5SBD3166,0.98,awiros
delhi_1080p_s0_t342,322,322,10.828,1069.8,762.1,1142.0,779.1,72.2,17.0,1225,4.25,MEDIUM,0.52,0,682.5,35133.9,108.3,70.4,1.42,0.0,0.05,0.002,0.979,DL01EE635,0.663,crnn
delhi_1080p_s0_t339,323,323,10.861,944.1,698.1,1001.8,719.7,57.7,21.6,1248,2.67,SMALL,0.808,0,451.7,25293.4,121.4,57.4,2.74,3.6,0.074,0.0,0.891,,0.0,
delhi_1080p_s0_t331,323,323,10.861,372.4,872.7,451.0,910.8,78.6,38.2,3002,2.06,MEDIUM,0.663,1,152.9,8963.6,102.2,53.4,2.11,0.0,0.025,0.0,0.857,DL1LT1087,0.976,awiros
delhi_1080p_s0_t243,323,323,10.861,1384.4,679.4,1426.8,691.6,42.4,12.2,516,3.49,SMALL,0.645,0,31.8,6206.0,72.7,60.8,3.2,5.1,0.127,0.0,0.582,GJ11AX9587,0.595,crnn_reader_crnn_v6
delhi_1080p_s0_t342,323,323,10.861,1055.9,765.4,1127.2,781.5,71.4,16.1,1149,4.43,MEDIUM,0.449,0,633.2,33796.3,110.8,69.0,1.93,0.0,0.04,0.003,0.971,UP14CQ6915,0.949,awiros
delhi_1080p_s0_t339,324,324,10.895,943.3,698.3,1001.1,720.1,57.9,21.8,1261,2.65,SMALL,0.8,0,416.2,24572.0,122.7,56.6,2.64,4.1,0.073,0.0,0.895,,0.0,
delhi_1080p_s0_t243,324,324,10.895,1383.5,680.2,1426.0,692.3,42.5,12.1,514,3.51,SMALL,0.584,0,34.0,6432.1,72.3,57.9,2.75,5.3,0.113,0.0,0.593,DL1CX5587,0.668,awiros
delhi_1080p_s0_t342,324,324,10.895,1055.6,768.9,1113.3,785.2,57.7,16.3,940,3.54,SMALL,0.359,0,202.3,17498.6,112.6,67.3,2.8,0.0,0.006,0.0,0.825,RJ14CG6915,0.833,awiros
delhi_1080p_s0_t146,324,324,10.895,828.3,652.1,900.9,671.4,72.6,19.3,1402,3.76,MEDIUM,0.284,0,785.8,23193.6,138.2,61.2,1.27,0.0,0.0,0.0,0.989,CH88D3222,0.857,awiros
delhi_1080p_s0_t276,324,324,10.895,273.6,879.7,404.7,926.7,131.1,47.0,6162,2.79,LARGE,0.263,0,573.1,17528.1,94.6,65.4,2.66,0.0,0.019,0.002,0.975,DL1SX4468,0.856,awiros
delhi_1080p_s0_t339,325,325,10.928,941.7,698.7,1000.2,720.4,58.5,21.7,1270,2.7,SMALL,0.8,0,495.8,26285.4,123.1,57.4,2.76,3.3,0.074,0.0,0.899,,0.0,
delhi_1080p_s0_t243,325,325,10.928,1382.4,680.5,1425.0,692.6,42.7,12.0,514,3.54,SMALL,0.673,0,37.7,6651.6,71.6,57.3,2.77,4.9,0.117,0.0,0.596,DL11AX8587,0.625,crnn_reader_crnn_v6
delhi_1080p_s0_t331,325,325,10.928,270.3,893.5,356.4,936.8,86.1,43.2,3719,1.99,MEDIUM,0.581,1,303.6,12764.2,97.1,60.5,0.95,0.0,0.019,0.0,0.99,AR50MH0138,0.533,crnn
delhi_1080p_s0_t342,325,325,10.928,1005.2,864.3,1074.5,929.6,69.3,65.3,4524,1.06,MEDIUM,0.253,1,175.9,12137.0,65.2,69.8,3.31,0.0,0.273,0.001,0.826,,0.0,
delhi_1080p_s0_t146,325,325,10.928,863.6,669.3,897.0,694.3,33.4,25.0,835,1.33,VERY_SMALL,0.248,1,48.8,7062.2,136.1,56.5,0.73,0.0,0.0,0.0,0.596,MH30JH860,0.511,awiros
delhi_1080p_s0_t339,326,326,10.962,940.4,697.8,998.7,721.1,58.3,23.3,1355,2.51,SMALL,0.792,1,442.4,25325.2,111.9,61.7,2.55,6.2,0.077,0.0,0.892,,0.0,
delhi_1080p_s0_t331,326,326,10.962,222.0,903.6,305.1,948.0,83.1,44.4,3689,1.87,MEDIUM,0.754,1,192.5,11113.3,79.8,68.3,1.72,0.0,0.124,0.0,0.884,BR02BBG2166,0.731,crnn
delhi_1080p_s0_t243,326,326,10.962,1382.0,680.5,1424.7,692.7,42.7,12.2,522,3.49,SMALL,0.529,0,34.4,6445.7,72.2,58.3,2.82,4.9,0.126,0.0,0.592,DL11AX8087,0.659,crnn_reader_crnn_v6
delhi_1080p_s0_t146,326,326,10.962,815.9,669.8,854.6,696.9,38.7,27.1,1049,1.43,VERY_SMALL,0.524,1,70.1,7908.3,128.7,58.3,0.9,0.0,0.0,0.0,0.639,,0.0,
delhi_1080p_s0_t276,327,327,10.996,167.9,915.2,250.9,961.7,83.0,46.4,3852,1.79,MEDIUM,0.761,1,209.2,11585.1,78.8,69.1,1.46,0.0,0.137,0.0,0.899,UP14DM7400,1.0,awiros
delhi_1080p_s0_t243,327,327,10.996,1381.9,680.6,1425.0,693.0,43.1,12.4,534,3.48,SMALL,0.571,0,33.4,6277.6,69.1,63.9,2.85,5.0,0.135,0.0,0.594,DL11AX8567,0.641,crnn_reader_crnn_v6
delhi_1080p_s0_t339,327,327,10.996,939.1,697.0,1003.6,721.5,64.4,24.5,1578,2.63,MEDIUM,0.569,0,538.6,26545.0,107.7,66.4,2.55,2.3,0.075,0.0,0.929,DL13CA2247,0.905,awiros
delhi_1080p_s0_t342,327,327,10.996,980.8,778.4,1054.5,797.6,73.7,19.2,1413,3.84,MEDIUM,0.4,0,606.1,26475.6,115.3,63.3,1.86,0.8,0.007,0.001,0.982,UP14CQ6915,0.995,awiros
delhi_1080p_s0_t146,327,327,10.996,819.0,652.4,891.6,672.1,72.6,19.7,1431,3.69,MEDIUM,0.246,0,812.5,23724.4,139.1,59.3,0.9,0.0,0.0,0.0,0.992,CH88D3222,0.768,awiros
delhi_1080p_s0_t276,328,328,11.029,109.0,928.4,191.3,975.6,82.3,47.3,3889,1.74,MEDIUM,0.763,1,211.8,11375.0,78.1,67.7,1.58,0.0,0.146,0.0,0.899,DL5SBD3166,0.96,awiros
delhi_1080p_s0_t243,328,328,11.029,1382.0,680.8,1425.0,693.3,43.0,12.6,540,3.42,SMALL,0.572,0,31.6,6056.0,68.8,63.9,2.71,5.0,0.138,0.0,0.593,DL11AX9547,0.605,crnn_reader_crnn_v6
delhi_1080p_s0_t339,328,328,11.029,939.5,698.2,999.5,720.3,59.9,22.1,1327,2.71,SMALL,0.518,0,433.7,23566.2,111.4,64.7,1.94,4.7,0.059,0.0,0.908,DL1CC9271,0.691,crnn_reader_crnn_v6
delhi_1080p_s0_t331,329,329,11.063,50.0,940.3,128.8,990.2,78.8,49.9,3934,1.58,MEDIUM,0.729,1,252.6,11976.4,80.2,67.9,1.02,0.0,0.136,0.0,0.938,DL5SBD3166,0.976,awiros
delhi_1080p_s0_t339,329,329,11.063,949.3,697.6,998.0,721.1,48.7,23.4,1142,2.08,SMALL,0.666,1,246.0,20126.8,111.4,62.3,1.69,6.2,0.039,0.0,0.811,,0.0,
delhi_1080p_s0_t243,329,329,11.063,1381.8,681.0,1425.2,693.7,43.4,12.7,552,3.41,SMALL,0.61,0,36.3,6398.9,68.2,63.0,3.32,5.1,0.156,0.0,0.59,DL11X9587,0.662,crnn_reader_crnn_v6
delhi_1080p_s0_t339,330,330,11.097,939.3,699.4,996.8,719.9,57.5,20.4,1174,2.81,SMALL,0.756,0,487.6,25623.0,129.2,56.7,1.98,0.0,0.021,0.0,0.908,DL13CA2927,0.999,awiros
delhi_1080p_s0_t243,330,330,11.097,1381.2,681.4,1424.5,693.9,43.3,12.5,541,3.47,SMALL,0.659,0,32.5,6122.2,69.1,63.6,3.37,4.7,0.132,0.0,0.59,DL1AT8067,0.501,crnn_reader_crnn_v6
delhi_1080p_s0_t331,330,330,11.097,27.1,966.2,59.7,1007.0,32.7,40.8,1334,0.8,VERY_SMALL,0.544,1,13.5,3150.2,84.7,64.4,3.63,0.0,0.061,0.0,0.533,MH012052,0.529,crnn
delhi_1080p_s0_t339,331,331,11.13,936.4,698.8,987.1,720.1,50.6,21.3,1077,2.38,SMALL,0.741,1,322.0,21187.9,128.6,59.5,1.92,0.0,0.025,0.0,0.878,,0.0,
delhi_1080p_s0_t243,331,331,11.13,1380.3,682.0,1423.3,694.1,43.0,12.1,520,3.55,SMALL,0.665,0,31.1,6094.2,69.2,60.9,3.05,4.9,0.138,0.0,0.586,DL14T9087,0.82,crnn
delhi_1080p_s0_t146,331,331,11.13,800.2,670.5,840.6,698.1,40.4,27.6,1116,1.46,SMALL,0.277,1,86.8,8852.3,129.4,59.4,0.82,0.0,0.0,0.0,0.662,MP013019,0.602,crnn
delhi_1080p_s0_t243,332,332,11.164,1379.7,681.9,1422.6,694.7,42.9,12.8,548,3.36,SMALL,0.499,0,30.9,6061.0,68.7,60.0,3.78,4.8,0.151,0.0,0.579,DL1RTA5056,1.0,awiros
delhi_1080p_s0_t339,332,332,11.164,935.2,699.3,968.6,718.3,33.4,19.0,635,1.76,VERY_SMALL,0.477,1,72.4,10783.9,134.8,55.1,2.53,4.2,0.015,0.0,0.592,,0.0,
delhi_1080p_s0_t331,332,332,11.164,257.2,967.1,344.2,1016.2,87.0,49.1,4269,1.77,MEDIUM,0.311,1,101.5,4569.4,44.4,54.9,1.87,14.9,0.372,0.0,0.757,MH40HU5244,0.696,crnn
delhi_1080p_s0_t243,333,333,11.197,1379.4,682.2,1422.6,695.1,43.2,12.9,557,3.36,SMALL,0.597,0,34.6,6184.9,66.5,60.0,2.83,5.0,0.176,0.0,0.587,DL14T3087,0.853,crnn
delhi_1080p_s0_t339,333,333,11.197,973.0,721.2,1038.3,761.1,65.3,39.9,2609,1.64,MEDIUM,0.429,1,132.6,6723.1,72.4,57.9,0.0,21.2,0.115,0.0,0.779,,0.0,
delhi_1080p_s0_t331,333,333,11.197,198.2,982.5,295.2,1032.9,97.0,50.4,4889,1.92,MEDIUM,0.301,1,175.3,5786.6,45.2,58.8,1.85,14.7,0.357,0.0,0.82,MH200249,0.552,crnn
delhi_1080p_s0_t342,333,333,11.197,836.0,804.0,919.1,827.2,83.0,23.2,1926,3.58,MEDIUM,0.266,0,631.4,23228.1,110.2,62.7,2.17,0.0,0.002,0.001,0.981,DL8CAP4175,1.0,awiros
delhi_1080p_s0_t243,334,334,11.231,1379.6,682.6,1422.9,695.2,43.4,12.6,548,3.43,SMALL,0.615,0,31.1,6034.0,68.8,62.5,3.15,5.1,0.14,0.0,0.589,DL16T8587,0.635,crnn_reader_crnn_v6
delhi_1080p_s0_t331,334,334,11.231,135.4,998.8,236.5,1047.8,101.1,49.0,4953,2.06,MEDIUM,0.593,1,187.0,5463.6,42.8,53.5,1.55,14.7,0.317,0.0,0.837,MH02F0589,0.519,crnn
delhi_1080p_s0_t146,334,334,11.231,796.2,652.8,873.1,673.4,76.9,20.6,1581,3.74,MEDIUM,0.313,0,953.1,24091.4,137.6,57.7,1.05,0.0,0.001,0.0,0.991,CH88D3222,0.893,awiros
delhi_1080p_s0_t342,334,334,11.231,950.5,724.8,1019.4,765.9,69.0,41.1,2836,1.68,MEDIUM,0.259,1,130.3,7151.4,72.5,58.8,0.28,20.4,0.114,0.0,0.792,KL44RL376,0.6,crnn
delhi_1080p_s0_t243,335,335,11.265,1380.3,682.7,1423.4,695.7,43.1,13.0,560,3.32,SMALL,0.622,0,32.4,6358.1,69.0,60.5,3.79,4.9,0.154,0.0,0.58,DL14T8087,0.656,crnn_reader_crnn_v6
delhi_1080p_s0_t146,335,335,11.265,795.4,669.8,874.9,699.1,79.5,29.3,2334,2.71,MEDIUM,0.349,0,906.3,21753.4,126.8,63.4,1.36,0.0,0.002,0.0,0.988,BR04A2054,0.57,crnn
delhi_1080p_s0_t342,335,335,11.265,772.5,798.9,946.9,936.6,174.4,137.8,24033,1.27,LARGE,0.242,1,1618.5,23947.5,73.2,71.5,1.19,0.0,0.228,0.002,0.966,KL076077,0.53,crnn
delhi_1080p_s0_t331,335,335,11.265,68.3,1015.0,179.2,1065.8,111.0,50.8,5632,2.19,MEDIUM,0.24,1,184.5,5405.0,43.3,54.0,1.08,15.3,0.315,0.0,0.838,MH400457,0.657,crnn
delhi_1080p_s0_t243,336,336,11.298,1380.5,682.9,1424.0,696.2,43.5,13.3,579,3.27,SMALL,0.582,0,32.6,6089.0,66.5,63.9,2.88,5.0,0.165,0.0,0.59,DL16T9087,0.721,crnn_reader_crnn_v6
delhi_1080p_s0_t146,336,336,11.298,835.5,670.3,872.1,696.0,36.6,25.6,939,1.43,VERY_SMALL,0.279,1,61.5,7519.5,134.8,56.3,0.64,0.0,0.0,0.0,0.623,GJ04B1860,0.525,crnn_reader_crnn_v6
delhi_1080p_s0_t339,336,336,11.298,912.0,725.8,977.4,777.1,65.3,51.2,3347,1.27,MEDIUM,0.276,1,133.7,7451.8,75.4,57.9,1.93,0.0,0.095,0.0,0.801,,0.0,
delhi_1080p_s0_t243,337,337,11.332,1380.7,683.2,1424.1,696.6,43.4,13.4,583,3.24,SMALL,0.68,0,36.8,6352.0,65.7,63.8,3.41,5.0,0.174,0.0,0.588,DL14T9087,0.933,crnn+crnn_reader_crnn_v6
delhi_1080p_s0_t146,337,337,11.332,790.3,667.6,872.0,700.0,81.8,32.3,2644,2.53,MEDIUM,0.451,1,971.0,19778.7,123.1,59.8,1.21,0.0,0.001,0.0,0.99,PB022244,0.501,crnn
delhi_1080p_s0_t342,337,337,11.332,737.0,819.8,810.2,849.9,73.2,30.1,2200,2.44,MEDIUM,0.308,1,365.1,18687.1,106.9,70.2,2.88,0.0,0.072,0.0,0.969,MH06CMH95,0.539,awiros
delhi_1080p_s0_t243,338,338,11.366,1380.2,683.7,1423.6,697.1,43.4,13.4,581,3.24,SMALL,0.683,0,33.5,6294.5,66.7,60.8,3.69,4.9,0.169,0.0,0.58,DL14T1087,0.576,crnn_reader_crnn_v6
delhi_1080p_s0_t339,339,339,11.399,944.8,702.6,993.0,723.6,48.2,21.0,1012,2.3,SMALL,0.757,1,235.3,19245.2,130.2,54.3,2.36,0.0,0.048,0.002,0.801,,0.0,
delhi_1080p_s0_t243,339,339,11.399,1380.3,684.0,1423.5,697.2,43.2,13.3,573,3.26,SMALL,0.734,0,31.4,6039.3,66.4,60.9,2.89,4.6,0.173,0.0,0.585,DL11A7087,0.706,crnn_reader_crnn_v6
delhi_1080p_s0_t331,339,339,11.399,0.0,945.0,108.0,1013.0,108.0,68.0,7345,1.59,MEDIUM,0.564,1,192.1,7060.7,51.0,61.5,1.19,0.0,0.283,0.0,0.872,DL9CTC3167,0.534,crnn
delhi_1080p_s0_t342,339,339,11.399,671.7,834.6,746.3,862.9,74.7,28.3,2114,2.64,MEDIUM,0.502,0,298.8,16595.1,113.4,67.9,3.36,0.0,0.001,0.0,0.971,UP14CQ6915,0.994,awiros
delhi_1080p_s0_t146,339,339,11.399,783.7,670.3,825.9,698.7,42.2,28.3,1195,1.49,SMALL,0.29,1,100.0,8970.3,129.6,59.8,0.79,0.0,0.0,0.0,0.681,MH01JF5969,0.654,crnn
delhi_1080p_s0_t339,340,340,11.433,932.5,700.5,993.3,724.6,60.8,24.1,1468,2.52,MEDIUM,0.769,1,512.6,27568.9,120.4,58.9,2.69,5.1,0.08,0.003,0.902,GJ03M179,0.675,crnn
delhi_1080p_s0_t243,340,340,11.433,1380.9,684.5,1424.1,697.4,43.2,12.9,556,3.35,SMALL,0.698,0,36.7,6718.5,68.7,63.9,3.37,5.2,0.153,0.0,0.59,DL14T9087,0.942,crnn+crnn_reader_crnn_v6
delhi_1080p_s0_t339,341,341,11.466,932.8,700.9,993.4,725.2,60.6,24.3,1473,2.49,MEDIUM,0.783,1,521.1,27307.1,118.6,59.6,2.58,5.6,0.081,0.0,0.903,,0.0,
delhi_1080p_s0_t243,341,341,11.466,1381.8,684.8,1424.9,698.1,43.1,13.3,572,3.24,SMALL,0.708,0,37.9,6472.9,65.9,63.8,3.19,5.3,0.17,0.0,0.591,DL11A1582,0.51,awiros
delhi_1080p_s0_t342,341,341,11.466,600.9,844.2,677.6,877.7,76.7,33.5,2573,2.29,MEDIUM,0.283,1,285.2,14326.8,112.3,67.7,2.81,0.0,0.001,0.0,0.964,UP14CQ6915,0.89,awiros
delhi_1080p_s0_t339,342,342,11.5,932.9,701.7,993.4,725.7,60.5,24.0,1450,2.52,MEDIUM,0.77,1,432.2,25969.2,120.7,57.8,2.48,5.1,0.079,0.0,0.905,,0.0,
delhi_1080p_s0_t243,342,342,11.5,1381.9,685.4,1425.3,698.9,43.4,13.5,586,3.22,SMALL,0.632,0,32.8,6215.7,66.5,63.3,3.78,5.6,0.162,0.0,0.582,DL1AT9087,0.642,crnn_reader_crnn_v6
delhi_1080p_s0_t339,343,343,11.534,932.5,702.4,993.4,726.3,60.9,23.9,1455,2.55,MEDIUM,0.767,1,381.1,24298.9,120.0,57.4,2.09,4.6,0.086,0.0,0.909,DL13CA2927,0.999,awiros
delhi_1080p_s0_t243,343,343,11.534,1382.2,686.0,1425.2,699.3,43.1,13.2,570,3.26,SMALL,0.641,0,34.5,6215.0,66.0,64.3,3.27,5.0,0.17,0.0,0.588,DL14E9087,0.777,crnn+crnn_reader_crnn_v6
delhi_1080p_s0_t146,343,343,11.534,828.3,672.4,865.0,696.9,36.7,24.4,897,1.5,VERY_SMALL,0.208,1,61.4,6981.9,138.5,54.2,0.98,0.0,0.0,0.0,0.624,MH03Z1840,0.51,crnn_reader_crnn_v6
delhi_1080p_s0_t339,344,344,11.567,932.0,703.0,992.7,726.0,60.7,23.1,1402,2.63,MEDIUM,0.76,0,379.2,24759.6,123.6,57.2,2.16,4.1,0.079,0.0,0.913,DL13CA2927,0.999,awiros
delhi_1080p_s0_t243,344,344,11.567,1381.8,686.3,1425.5,699.3,43.7,13.0,567,3.37,SMALL,0.693,0,35.9,6622.2,68.8,63.5,3.6,5.1,0.148,0.0,0.588,DL14T9087,0.612,crnn_reader_crnn_v6
delhi_1080p_s0_t342,344,344,11.567,480.3,868.0,557.5,908.8,77.3,40.8,3150,1.89,MEDIUM,0.426,1,169.9,9442.4,117.6,62.0,2.73,0.0,0.0,0.0,0.869,UP14CQ675,0.75,awiros
delhi_1080p_s0_t146,344,344,11.567,793.3,654.1,862.8,674.4,69.5,20.3,1410,3.43,MEDIUM,0.405,0,694.9,21759.2,136.1,67.3,1.17,0.0,0.001,0.0,0.979,DL8BDQ0032,0.885,crnn_reader_crnn_v6
delhi_1080p_s0_t339,345,345,11.601,931.7,703.1,992.8,726.8,61.1,23.8,1451,2.57,MEDIUM,0.757,1,415.0,24706.6,121.4,57.9,2.17,4.6,0.083,0.0,0.912,DL13CA2927,1.0,awiros
delhi_1080p_s0_t243,345,345,11.601,1382.0,687.0,1425.5,699.7,43.5,12.7,552,3.43,SMALL,0.712,0,39.4,6676.9,68.1,64.0,3.63,5.0,0.173,0.0,0.588,DL11T9087,0.689,crnn_reader_crnn_v6
delhi_1080p_s0_t339,346,346,11.635,931.6,703.4,992.7,726.5,61.1,23.1,1413,2.64,MEDIUM,0.756,0,378.9,23860.8,121.4,57.7,2.17,4.6,0.085,0.0,0.908,,0.0,
delhi_1080p_s0_t243,346,346,11.635,1382.1,687.1,1425.5,699.7,43.4,12.6,548,3.44,SMALL,0.736,0,39.4,6680.5,68.1,63.9,3.63,5.2,0.173,0.0,0.588,DL14T9087,0.632,crnn_reader_crnn_v6
delhi_1080p_s0_t342,346,346,11.635,390.7,884.0,464.7,933.3,74.0,49.3,3649,1.5,MEDIUM,0.331,1,120.7,7759.0,118.0,62.4,2.5,0.0,0.0,0.0,0.83,MH40ZF5449,0.535,crnn
delhi_1080p_s0_t339,347,347,11.668,931.2,703.3,991.7,726.9,60.5,23.6,1426,2.56,MEDIUM,0.759,1,359.9,23277.7,120.8,58.3,2.61,4.6,0.088,0.0,0.904,,0.0,
delhi_1080p_s0_t243,347,347,11.668,1382.2,687.1,1425.3,699.6,43.2,12.6,543,3.44,SMALL,0.75,0,36.6,6458.6,68.6,63.7,3.35,5.2,0.157,0.0,0.59,DL14T9587,0.612,crnn_reader_crnn_v6
delhi_1080p_s0_t339,348,348,11.702,929.9,702.5,991.5,726.2,61.6,23.7,1461,2.6,MEDIUM,0.764,1,384.5,25000.6,119.4,58.7,2.54,4.6,0.09,0.003,0.907,,0.0,
delhi_1080p_s0_t243,348,348,11.702,1381.8,686.4,1425.0,699.0,43.2,12.6,546,3.42,SMALL,0.695,0,34.7,6481.1,69.5,64.0,3.44,5.2,0.135,0.0,0.59,DL14T1087,0.879,crnn+crnn_reader_crnn_v6
delhi_1080p_s0_t342,348,348,11.702,310.0,902.3,362.2,949.3,52.2,47.0,2455,1.11,SMALL,0.248,1,41.1,5092.9,115.8,64.3,2.32,0.0,0.001,0.0,0.669,MP273049,0.594,crnn
delhi_1080p_s0_t339,349,349,11.736,930.0,701.9,990.5,726.1,60.5,24.2,1466,2.5,MEDIUM,0.764,1,428.2,25239.6,117.1,59.6,2.53,5.1,0.099,0.0,0.903,,0.0,
delhi_1080p_s0_t243,349,349,11.736,1381.6,685.8,1425.0,698.7,43.4,12.9,561,3.35,SMALL,0.722,0,37.2,6462.7,68.7,63.5,3.13,5.3,0.143,0.0,0.593,DL1LT1087,0.685,crnn
delhi_1080p_s0_t276,349,349,11.736,222.7,908.2,305.8,965.4,83.1,57.2,4755,1.45,MEDIUM,0.364,1,208.9,10299.9,103.0,67.4,1.22,0.0,0.058,0.0,0.908,MP04CQ4624,0.758,crnn
delhi_1080p_s0_t339,350,350,11.769,928.0,701.1,989.9,725.7,61.9,24.6,1522,2.51,MEDIUM,0.765,1,452.9,26470.3,118.9,58.7,2.49,5.6,0.087,0.0,0.911,DL13CA2927,1.0,awiros
delhi_1080p_s0_t243,350,350,11.769,1380.7,685.7,1424.0,698.3,43.3,12.6,546,3.43,SMALL,0.736,0,35.1,6421.8,69.3,63.9,3.75,5.5,0.141,0.0,0.586,HR26CC2083,1.0,awiros
delhi_1080p_s0_t342,350,350,11.769,153.0,911.1,357.6,1079.9,204.6,168.8,34526,1.21,LARGE,0.356,1,1508.8,20618.2,83.8,67.5,1.72,0.0,0.152,0.002,0.97,MP09C6647,0.551,crnn
delhi_1080p_s0_t276,350,350,11.769,158.9,910.8,244.6,982.2,85.7,71.4,6120,1.2,MEDIUM,0.226,1,220.1,10052.0,95.6,66.1,1.65,0.0,0.074,0.0,0.912,PB02CA4240,0.654,crnn
delhi_1080p_s0_t339,351,351,11.803,927.4,701.3,988.6,726.0,61.2,24.7,1513,2.48,MEDIUM,0.766,1,466.9,26526.7,116.9,59.9,2.5,5.1,0.102,0.0,0.903,,0.0,
delhi_1080p_s0_t243,351,351,11.803,1379.5,686.1,1423.1,699.0,43.6,12.9,562,3.39,SMALL,0.709,0,32.6,6116.2,66.9,64.7,3.1,5.5,0.169,0.0,0.587,DL14T3087,0.695,crnn
delhi_1080p_s0_t342,351,351,11.803,94.0,910.5,309.5,1080.1,215.5,169.5,36530,1.27,LARGE,0.319,1,1474.3,20928.7,83.9,66.8,0.95,0.0,0.14,0.002,0.977,CG072702,0.643,crnn
delhi_1080p_s0_t339,352,352,11.836,926.5,701.2,988.0,726.1,61.6,24.9,1532,2.47,MEDIUM,0.763,1,500.1,27069.4,117.2,58.7,2.59,5.1,0.099,0.0,0.906,,0.0,
delhi_1080p_s0_t243,352,352,11.836,1379.4,686.2,1422.7,699.1,43.3,12.9,560,3.35,SMALL,0.742,0,30.1,5895.6,67.7,61.3,3.28,5.3,0.168,0.0,0.58,DL14T7087,0.719,crnn_reader_crnn_v6
delhi_1080p_s0_t342,352,352,11.836,43.4,951.9,110.0,1009.9,66.6,58.0,3865,1.15,MEDIUM,0.284,1,99.1,7633.3,109.8,66.6,1.69,0.0,0.019,0.0,0.786,OR223067,0.562,crnn
delhi_1080p_s0_t339,353,353,11.87,926.9,701.4,987.7,726.2,60.8,24.9,1514,2.44,MEDIUM,0.761,1,477.2,26564.2,116.6,59.9,2.48,5.1,0.103,0.0,0.903,,0.0,
delhi_1080p_s0_t243,353,353,11.87,1379.5,686.4,1422.9,699.3,43.4,13.0,563,3.35,SMALL,0.746,0,36.6,6514.9,69.5,63.8,3.54,5.4,0.136,0.0,0.59,DL14T9087,0.763,crnn
delhi_1080p_s0_t339,354,354,11.904,926.5,700.5,988.1,725.5,61.5,25.0,1537,2.46,MEDIUM,0.75,1,427.4,25848.1,118.2,58.1,2.43,5.6,0.091,0.0,0.907,,0.0,
delhi_1080p_s0_t243,354,354,11.904,1380.0,685.9,1423.5,699.7,43.5,13.8,599,3.16,SMALL,0.744,0,33.1,6013.8,64.6,60.9,3.85,5.2,0.186,0.0,0.58,DL14T3087,0.697,crnn
delhi_1080p_s0_t339,355,355,11.937,925.4,700.8,987.3,725.8,61.9,25.0,1548,2.48,MEDIUM,0.765,1,423.0,25604.4,116.1,60.0,2.21,5.6,0.098,0.0,0.912,DL13CA2927,1.0,awiros
delhi_1080p_s0_t243,355,355,11.937,1379.5,685.8,1423.0,699.7,43.5,13.9,606,3.13,SMALL,0.735,0,33.0,5994.6,64.7,60.6,3.8,5.3,0.188,0.0,0.58,KL11JL117,0.684,crnn_reader_crnn_v6
delhi_1080p_s0_t276,355,355,11.937,165.9,766.9,402.8,916.3,237.0,149.4,35395,1.59,LARGE,0.294,1,639.5,7075.4,79.1,56.2,1.64,11.8,0.049,0.0,0.962,,0.0,
delhi_1080p_s0_t339,356,356,11.971,925.1,700.8,986.4,725.9,61.3,25.1,1539,2.44,MEDIUM,0.76,1,401.0,25025.7,115.9,60.4,2.14,5.6,0.1,0.001,0.909,DL13CA2927,1.0,awiros
delhi_1080p_s0_t243,356,356,11.971,1379.1,685.8,1423.0,699.8,43.8,14.0,612,3.14,SMALL,0.73,0,34.4,6082.8,64.3,63.6,3.64,5.2,0.186,0.0,0.587,DL1LT9087,0.617,crnn
delhi_1080p_s0_t339,357,357,12.005,925.0,700.9,986.5,725.8,61.5,24.9,1530,2.47,MEDIUM,0.762,1,435.3,25725.5,115.2,60.6,1.99,5.6,0.105,0.001,0.909,GA06AB6620,0.653,crnn
delhi_1080p_s0_t243,357,357,12.005,1379.4,685.6,1423.2,700.0,43.8,14.3,627,3.06,SMALL,0.735,0,33.8,6029.6,64.5,60.5,3.6,5.2,0.19,0.0,0.582,DL11LT9087,0.773,crnn
delhi_1080p_s0_t339,358,358,12.038,926.5,700.6,986.8,725.8,60.3,25.2,1520,2.39,MEDIUM,0.759,1,362.3,24312.4,114.9,60.9,2.49,5.4,0.105,0.0,0.902,,0.0,
delhi_1080p_s0_t243,358,358,12.038,1380.4,685.4,1424.3,699.3,43.9,13.9,610,3.16,SMALL,0.718,0,30.0,5758.7,64.9,60.9,3.8,5.3,0.194,0.0,0.577,DL11AT9087,0.755,crnn_reader_crnn_v6
delhi_1080p_s0_t276,358,358,12.038,0.0,751.5,247.1,948.9,247.1,197.4,48779,1.25,LARGE,0.302,1,959.0,8376.5,75.1,57.0,0.66,8.4,0.077,0.0,0.973,,0.0,
delhi_1080p_s0_t339,359,359,12.072,926.6,700.1,987.5,725.1,60.9,25.0,1525,2.43,MEDIUM,0.76,1,395.0,24645.8,115.4,60.3,1.96,5.6,0.099,0.0,0.907,,0.0,
delhi_1080p_s0_t243,359,359,12.072,1381.2,684.8,1425.4,698.6,44.2,13.8,612,3.19,SMALL,0.66,0,32.4,5900.6,64.0,62.7,3.86,5.3,0.179,0.0,0.583,DL1AT9087,0.633,crnn_reader_crnn_v6
delhi_1080p_s0_t339,360,360,12.105,926.9,699.7,987.4,724.1,60.5,24.4,1477,2.48,MEDIUM,0.74,1,389.1,25567.2,116.8,60.4,2.13,5.1,0.096,0.001,0.906,,0.0,
delhi_1080p_s0_t243,360,360,12.105,1381.7,684.4,1425.7,698.0,44.0,13.7,601,3.22,SMALL,0.718,0,29.9,5730.2,64.1,60.6,3.62,5.0,0.197,0.0,0.578,DL14T9087,0.607,crnn_reader_crnn_v6
delhi_1080p_s0_t339,361,361,12.139,926.2,699.2,987.0,724.0,60.8,24.8,1510,2.45,MEDIUM,0.75,1,443.1,25373.2,116.0,58.7,2.2,4.6,0.102,0.0,0.91,DL13CA2927,1.0,awiros
delhi_1080p_s0_t243,361,361,12.139,1381.0,684.0,1425.3,697.9,44.3,13.9,616,3.18,SMALL,0.719,0,36.3,6143.0,63.5,62.9,3.77,5.3,0.188,0.0,0.587,DL1AT9587,0.569,crnn_reader_crnn_v6
delhi_1080p_s0_t339,362,362,12.173,924.4,699.2,985.8,724.5,61.4,25.3,1555,2.43,MEDIUM,0.756,1,416.4,24948.2,115.8,59.8,2.18,5.6,0.096,0.0,0.909,DL13CA2927,0.999,awiros
delhi_1080p_s0_t243,362,362,12.173,1380.3,684.7,1424.6,698.4,44.2,13.6,604,3.24,SMALL,0.734,0,33.2,6177.1,66.5,63.7,3.4,5.3,0.172,0.0,0.585,DL14T9087,0.67,crnn_reader_crnn_v6
delhi_1080p_s0_t339,363,363,12.206,924.7,698.6,986.1,724.1,61.4,25.5,1565,2.41,MEDIUM,0.755,1,437.4,25586.1,115.5,60.2,1.8,5.6,0.098,0.0,0.912,DL13CA2927,0.998,awiros
delhi_1080p_s0_t243,363,363,12.206,1380.6,684.9,1424.8,698.1,44.2,13.2,584,3.34,SMALL,0.749,0,32.7,6009.2,66.0,63.0,3.36,5.3,0.169,0.0,0.589,DL1CT9087,0.62,crnn_reader_crnn_v6
delhi_1080p_s0_t339,364,364,12.24,925.5,699.1,986.5,723.9,60.9,24.8,1510,2.46,MEDIUM,0.76,1,415.8,25174.1,114.6,60.7,1.88,5.6,0.099,0.0,0.907,,0.0,
delhi_1080p_s0_t243,364,364,12.24,1381.7,684.4,1425.4,698.1,43.6,13.7,597,3.19,SMALL,0.686,0,31.7,5773.1,64.2,60.2,3.98,5.3,0.182,0.0,0.578,DL14T9587,0.592,crnn_reader_crnn_v6
delhi_1080p_s0_t339,365,365,12.274,924.1,698.9,986.0,723.8,61.9,24.9,1541,2.48,MEDIUM,0.749,1,463.5,26081.6,115.0,59.8,2.04,5.1,0.099,0.0,0.915,DL13CA2927,1.0,awiros
delhi_1080p_s0_t243,365,365,12.274,1381.2,684.9,1425.3,698.1,44.1,13.2,582,3.34,SMALL,0.726,0,35.5,6126.0,65.7,63.2,3.66,5.3,0.157,0.0,0.59,DL1CT9087,0.632,crnn_reader_crnn_v6
delhi_1080p_s0_t339,366,366,12.307,923.3,698.8,984.9,723.3,61.6,24.5,1511,2.51,MEDIUM,0.743,1,439.8,25729.1,117.3,58.6,2.31,5.6,0.088,0.0,0.913,DL13CA2927,1.0,awiros
delhi_1080p_s0_t243,366,366,12.307,1380.3,684.6,1425.2,698.0,44.9,13.5,604,3.34,SMALL,0.657,0,37.2,6292.7,65.5,60.3,3.69,5.4,0.153,0.0,0.595,DL1CT9087,0.722,crnn+crnn_reader_crnn_v6
delhi_1080p_s0_t339,367,367,12.341,922.8,698.4,984.4,723.7,61.7,25.2,1557,2.44,MEDIUM,0.745,1,405.8,24663.9,114.7,59.1,2.32,5.1,0.097,0.0,0.909,DL13CA2927,1.0,awiros
delhi_1080p_s0_t243,367,367,12.341,1379.9,684.2,1424.5,697.2,44.6,13.0,580,3.43,SMALL,0.371,0,32.6,6090.0,65.7,63.4,3.38,5.2,0.168,0.0,0.589,DL7LT9087,0.571,crnn_reader_crnn_v6
delhi_1080p_s0_t339,368,368,12.374,922.9,698.0,983.6,723.1,60.7,25.1,1525,2.42,MEDIUM,0.74,1,392.6,24806.5,115.1,60.3,2.12,5.6,0.093,0.0,0.906,,0.0,
delhi_1080p_s0_t243,368,368,12.374,1379.7,683.7,1424.3,696.8,44.7,13.1,586,3.4,SMALL,0.641,0,31.9,5928.1,66.1,62.5,3.5,5.4,0.15,0.0,0.589,DL14T9067,0.644,crnn_reader_crnn_v6
delhi_1080p_s0_t339,369,369,12.408,922.9,697.9,983.4,722.8,60.5,24.9,1504,2.43,MEDIUM,0.741,1,448.2,26022.9,116.5,59.9,2.18,5.6,0.09,0.0,0.906,,0.0,
delhi_1080p_s0_t243,369,369,12.408,1379.9,683.1,1424.2,696.8,44.3,13.7,608,3.23,SMALL,0.675,0,34.3,6035.6,63.3,62.0,3.39,5.4,0.183,0.0,0.588,DL14T9567,0.617,crnn_reader_crnn_v6
delhi_1080p_s0_t339,370,370,12.442,922.3,697.6,983.0,722.5,60.7,25.0,1515,2.43,MEDIUM,0.74,1,405.4,25320.4,116.4,59.4,2.47,5.6,0.089,0.0,0.903,,0.0,
delhi_1080p_s0_t243,370,370,12.442,1379.4,683.1,1424.1,696.5,44.7,13.5,601,3.32,SMALL,0.631,0,30.3,5897.0,65.6,62.5,3.29,5.5,0.164,0.0,0.588,DL1CT3583,0.505,awiros
delhi_1080p_s0_t339,371,371,12.475,921.3,697.9,982.5,723.1,61.2,25.1,1538,2.43,MEDIUM,0.741,1,432.1,25589.5,114.7,59.3,2.24,5.6,0.097,0.0,0.908,DL11SX468,0.849,awiros
delhi_1080p_s0_t243,371,371,12.475,1378.8,683.9,1423.7,697.1,44.9,13.2,593,3.4,SMALL,0.572,0,34.4,6148.8,64.8,60.4,3.12,5.2,0.169,0.0,0.596,DL1AT9387,0.637,crnn_reader_crnn_v6
delhi_1080p_s0_t339,372,372,12.509,920.2,698.9,981.7,724.6,61.5,25.7,1584,2.39,MEDIUM,0.749,1,426.6,25493.6,112.8,61.7,2.26,5.6,0.105,0.0,0.911,DL13CA2927,1.0,awiros
delhi_1080p_s0_t243,372,372,12.509,1377.6,684.4,1423.2,698.2,45.6,13.8,630,3.3,SMALL,0.573,0,34.7,5936.2,61.9,60.4,3.05,5.5,0.191,0.0,0.594,DL1AT9087,0.667,crnn_reader_crnn_v6
delhi_1080p_s0_t339,373,373,12.543,919.4,699.6,981.0,725.3,61.6,25.7,1584,2.39,MEDIUM,0.758,1,474.9,26537.8,113.9,60.0,1.99,5.6,0.099,0.0,0.91,DL13CA2927,0.969,awiros
delhi_1080p_s0_t243,373,373,12.543,1377.6,685.2,1422.8,699.3,45.2,14.1,638,3.21,SMALL,0.623,0,36.6,6038.8,61.5,60.3,2.98,5.6,0.192,0.0,0.596,DL14T9087,0.678,crnn+crnn_reader_crnn_v6
delhi_1080p_s0_t339,374,374,12.576,919.3,700.7,981.0,726.3,61.7,25.6,1577,2.41,MEDIUM,0.754,1,467.4,26386.2,114.2,60.7,2.23,5.1,0.1,0.0,0.913,DL13CA2927,1.0,awiros
delhi_1080p_s0_t243,374,374,12.576,1378.1,686.3,1422.2,700.0,44.1,13.7,605,3.22,SMALL,0.616,0,31.1,5600.5,62.5,61.3,3.02,5.4,0.177,0.0,0.589,DL1LT9087,0.618,crnn_reader_crnn_v6
delhi_1080p_s0_t339,375,375,12.61,919.2,701.3,981.0,727.2,61.9,25.9,1602,2.39,MEDIUM,0.759,1,476.4,27015.8,113.0,61.5,2.1,5.9,0.1,0.0,0.913,DL13CA2927,1.0,awiros
delhi_1080p_s0_t243,375,375,12.61,1378.2,686.9,1422.5,700.6,44.3,13.6,604,3.25,SMALL,0.546,0,32.2,5798.6,64.3,61.8,3.34,5.4,0.163,0.0,0.589,DL1AT1087,0.657,crnn_reader_crnn_v6
delhi_1080p_s0_t449,375,375,12.61,370.3,674.5,458.9,751.7,88.5,77.1,6829,1.15,MEDIUM,0.331,1,356.0,14353.7,93.0,66.2,0.55,0.0,0.024,0.0,0.993,,0.0,
delhi_1080p_s0_t339,376,376,12.643,918.7,701.9,980.0,727.0,61.4,25.1,1539,2.45,MEDIUM,0.744,1,420.6,26267.2,114.2,59.9,2.23,5.6,0.096,0.0,0.909,DL13CA2927,0.998,awiros
delhi_1080p_s0_t243,376,376,12.643,1377.7,687.2,1421.7,700.3,44.0,13.1,574,3.37,SMALL,0.49,0,33.1,5694.2,64.0,60.3,4.29,5.3,0.159,0.0,0.582,DL14T1087,0.595,crnn_reader_crnn_v6
delhi_1080p_s0_t449,376,376,12.643,366.2,676.3,460.8,754.1,94.6,77.9,7367,1.21,MEDIUM,0.251,1,425.7,15161.7,86.5,64.3,0.25,0.0,0.027,0.0,0.995,,0.0,
delhi_1080p_s0_t339,377,377,12.677,916.9,702.3,978.2,727.8,61.3,25.6,1567,2.4,MEDIUM,0.751,1,475.8,26777.0,111.6,62.0,2.16,5.6,0.106,0.0,0.908,,0.0,
delhi_1080p_s0_t243,377,377,12.677,1376.1,687.4,1413.1,699.9,37.0,12.5,463,2.96,VERY_SMALL,0.581,0,21.0,4436.7,65.7,57.7,3.01,5.0,0.137,0.0,0.551,,0.0,
delhi_1080p_s0_t339,378,378,12.711,916.7,703.0,977.5,728.1,60.8,25.1,1529,2.42,MEDIUM,0.754,1,414.0,25384.4,113.0,61.3,2.22,5.1,0.099,0.0,0.905,,0.0,
delhi_1080p_s0_t243,378,378,12.711,1375.4,688.1,1409.3,699.9,33.9,11.9,404,2.85,VERY_SMALL,0.404,0,16.4,4126.2,69.5,55.5,2.98,4.8,0.112,0.0,0.535,,0.0,
delhi_1080p_s0_t339,379,379,12.744,915.4,703.7,976.6,728.6,61.2,24.8,1521,2.47,MEDIUM,0.759,1,445.3,26042.1,114.6,60.2,2.42,5.1,0.099,0.0,0.904,DL13CA2927,0.999,awiros
delhi_1080p_s0_t339,380,380,12.778,913.6,703.6,975.2,728.8,61.6,25.2,1554,2.45,MEDIUM,0.771,1,453.6,26113.9,113.1,60.1,2.54,5.1,0.1,0.0,0.906,,0.0,
delhi_1080p_s0_t339,381,381,12.812,912.4,703.4,974.5,728.4,62.2,25.0,1553,2.49,MEDIUM,0.767,1,481.3,26598.6,115.1,59.7,2.76,5.1,0.093,0.0,0.909,DL13CA2927,1.0,awiros
delhi_1080p_s0_t339,382,382,12.845,912.4,702.6,974.5,727.8,62.1,25.1,1559,2.47,MEDIUM,0.785,1,473.7,26750.8,113.4,61.3,2.59,5.1,0.095,0.0,0.91,AP582207,0.553,crnn_reader_crnn_v6
delhi_1080p_s0_t339,383,383,12.879,912.4,702.2,974.5,727.2,62.1,25.0,1554,2.48,MEDIUM,0.787,1,485.5,26982.1,114.1,61.4,2.44,5.6,0.092,0.0,0.911,DL13CA2927,1.0,awiros
delhi_1080p_s0_t339,384,384,12.912,912.0,703.2,973.8,727.5,61.8,24.3,1504,2.54,MEDIUM,0.779,1,494.5,27590.9,115.9,60.5,2.71,4.6,0.092,0.0,0.91,DL13CA2927,1.0,awiros
delhi_1080p_s0_t339,385,385,12.946,910.6,703.6,972.5,727.9,62.0,24.4,1510,2.54,MEDIUM,0.785,1,516.2,27292.9,113.9,59.8,2.54,4.9,0.097,0.0,0.907,,0.0,
delhi_1080p_s0_t339,386,386,12.98,909.8,703.7,972.0,728.6,62.2,24.9,1548,2.5,MEDIUM,0.789,1,475.1,27022.5,115.3,59.6,2.72,5.1,0.089,0.0,0.91,DL13CA2927,1.0,awiros
delhi_1080p_s0_t339,387,387,13.013,909.6,703.6,971.9,728.4,62.3,24.9,1547,2.5,MEDIUM,0.792,1,485.7,27156.9,115.0,59.8,2.59,5.1,0.09,0.0,0.911,DL13CA2927,1.0,awiros
delhi_1080p_s0_t339,388,388,13.047,909.6,703.6,971.9,728.4,62.3,24.9,1550,2.51,MEDIUM,0.792,1,490.9,27304.2,115.0,59.7,2.58,5.1,0.09,0.0,0.911,DL13CA2927,1.0,awiros
delhi_1080p_s0_t339,389,389,13.081,909.1,703.6,971.3,729.3,62.3,25.7,1598,2.43,MEDIUM,0.778,1,509.0,27076.4,113.4,61.0,2.31,5.1,0.097,0.0,0.913,DL13CA2927,1.0,awiros
delhi_1080p_s0_t339,390,390,13.114,908.1,703.7,970.7,729.5,62.5,25.9,1617,2.42,MEDIUM,0.779,1,466.6,25990.9,111.8,60.5,2.42,5.1,0.1,0.0,0.915,DL13CA2927,1.0,awiros
delhi_1080p_s0_t339,391,391,13.148,908.3,703.8,970.2,729.1,61.9,25.3,1568,2.44,MEDIUM,0.791,1,481.7,26404.2,113.3,60.4,2.32,5.1,0.095,0.0,0.913,DL13CA2927,1.0,awiros
delhi_1080p_s0_t339,392,392,13.181,908.2,703.6,970.2,729.2,62.0,25.5,1583,2.43,MEDIUM,0.777,1,488.2,26540.0,113.0,60.6,2.3,5.1,0.097,0.0,0.913,DL13CA2927,1.0,awiros
delhi_1080p_s0_t339,393,393,13.215,908.2,703.5,970.3,729.2,62.1,25.6,1592,2.42,MEDIUM,0.78,1,488.2,26504.6,112.7,60.5,2.34,5.1,0.1,0.0,0.912,DL13CA2927,1.0,awiros
delhi_1080p_s0_t339,394,394,13.249,907.5,703.9,969.7,729.2,62.2,25.3,1570,2.46,MEDIUM,0.784,1,474.4,26565.6,113.1,60.8,2.42,5.1,0.096,0.0,0.912,DL13CA2927,1.0,awiros
delhi_1080p_s0_t339,395,395,13.282,906.3,703.7,968.7,729.4,62.4,25.7,1606,2.42,MEDIUM,0.774,1,469.0,26177.1,113.3,59.4,2.16,5.1,0.098,0.0,0.918,DL13CA2927,0.999,awiros
delhi_1080p_s0_t339,396,396,13.316,906.0,703.5,968.3,729.2,62.3,25.7,1602,2.42,MEDIUM,0.774,1,396.0,24437.0,113.2,60.1,2.35,5.1,0.097,0.0,0.912,DL13CA2927,1.0,awiros
delhi_1080p_s0_t339,397,397,13.35,906.1,702.9,968.4,728.9,62.3,26.1,1622,2.39,MEDIUM,0.778,1,402.9,24421.2,111.8,60.8,1.82,5.6,0.101,0.0,0.915,DL13CA2927,1.0,awiros
delhi_1080p_s0_t339,398,398,13.383,905.5,703.0,968.0,728.9,62.5,25.9,1620,2.41,MEDIUM,0.765,1,415.5,24960.1,112.1,59.9,2.01,5.6,0.1,0.0,0.918,DL13CA2927,1.0,awiros
delhi_1080p_s0_t339,399,399,13.417,904.9,703.0,967.3,729.1,62.4,26.1,1632,2.39,MEDIUM,0.766,1,372.2,23572.4,112.5,60.7,1.97,6.2,0.094,0.0,0.914,DL13CA2927,1.0,awiros
delhi_1080p_s0_t339,400,400,13.45,904.2,703.5,966.8,728.7,62.5,25.2,1577,2.48,MEDIUM,0.777,1,433.0,24907.0,113.4,58.7,2.11,5.1,0.099,0.0,0.918,DL13CA2927,1.0,awiros
delhi_1080p_s0_t339,401,401,13.484,903.3,703.5,965.8,728.7,62.5,25.2,1575,2.48,MEDIUM,0.774,1,431.3,24813.1,113.4,58.4,2.07,5.1,0.098,0.0,0.918,DL1LT1087,0.976,awiros
delhi_1080p_s0_t339,402,402,13.518,902.0,703.5,964.6,729.6,62.5,26.1,1633,2.39,MEDIUM,0.767,1,387.6,24041.8,111.5,61.0,2.02,6.1,0.1,0.0,0.917,DL13CA2927,1.0,awiros
delhi_1080p_s0_t339,403,403,13.551,901.4,704.0,963.8,728.9,62.4,24.9,1557,2.5,MEDIUM,0.782,1,408.0,24533.7,113.9,58.3,2.19,5.1,0.095,0.0,0.918,DL13CA2927,1.0,awiros
delhi_1080p_s0_t339,404,404,13.585,900.8,703.3,963.7,728.3,62.9,25.0,1577,2.51,MEDIUM,0.778,1,409.2,25398.7,115.4,58.9,2.3,5.1,0.092,0.0,0.917,DL13CA2927,1.0,awiros
delhi_1080p_s0_t339,405,405,13.619,900.5,702.8,963.5,728.1,63.0,25.3,1591,2.49,MEDIUM,0.768,1,438.7,25237.5,114.1,58.1,2.2,5.4,0.094,0.0,0.921,DL13CA2927,1.0,awiros
delhi_1080p_s0_t146,405,405,13.619,899.6,702.8,925.8,724.0,26.3,21.2,558,1.24,VERY_SMALL,0.38,1,18.5,5271.4,122.6,56.3,3.03,0.0,0.083,0.0,0.509,AP40E7139,0.55,crnn_reader_crnn_v6
delhi_1080p_s0_t339,406,406,13.652,899.6,702.7,962.6,727.8,63.0,25.1,1580,2.51,MEDIUM,0.776,1,410.7,24543.4,113.9,58.3,2.23,5.4,0.093,0.0,0.917,DL13CA2927,1.0,awiros
delhi_1080p_s0_t339,407,407,13.686,898.8,703.8,961.7,728.5,62.8,24.7,1555,2.54,MEDIUM,0.777,1,437.5,25094.9,115.4,58.4,2.42,5.1,0.09,0.0,0.916,DL13CA2927,0.999,awiros
delhi_1080p_s0_t339,408,408,13.719,898.3,703.7,961.0,730.3,62.7,26.5,1665,2.36,MEDIUM,0.76,1,480.5,26389.0,111.9,60.5,2.28,5.6,0.096,0.0,0.916,DL13CA2927,1.0,awiros
delhi_1080p_s0_t339,409,409,13.753,897.7,704.1,960.9,730.0,63.2,25.9,1639,2.44,MEDIUM,0.77,1,517.5,27165.7,112.5,60.3,2.02,5.6,0.097,0.0,0.918,DL11SY468,0.972,awiros
delhi_1080p_s0_t146,409,409,13.753,897.5,703.9,922.4,723.8,24.8,19.9,495,1.25,VERY_SMALL,0.391,1,20.4,5862.5,130.0,54.2,3.49,0.0,0.056,0.0,0.505,DL11DC72,0.526,crnn_reader_crnn_v6
delhi_1080p_s0_t339,410,410,13.787,898.0,703.7,960.5,729.9,62.5,26.2,1640,2.38,MEDIUM,0.75,1,475.8,26537.6,112.7,60.2,2.11,5.9,0.097,0.0,0.917,DL13CA2927,1.0,awiros
delhi_1080p_s0_t339,411,411,13.82,898.1,703.8,960.7,730.5,62.6,26.7,1674,2.34,MEDIUM,0.744,1,433.8,25093.9,110.9,61.3,2.1,6.1,0.103,0.0,0.916,DL13CA2927,0.996,awiros
delhi_1080p_s0_t339,412,412,13.854,897.8,704.6,960.7,730.7,62.8,26.1,1639,2.41,MEDIUM,0.778,1,404.8,24171.0,112.1,59.7,2.2,5.1,0.101,0.0,0.917,DL13CA2927,0.996,awiros
delhi_1080p_s0_t339,413,413,13.888,898.8,704.6,960.8,731.3,62.0,26.7,1654,2.33,MEDIUM,0.762,1,477.2,26306.5,111.1,61.8,1.79,6.1,0.102,0.0,0.915,DL13CA2927,0.991,awiros
delhi_1080p_s0_t339,414,414,13.921,898.0,705.1,960.7,731.1,62.7,26.0,1634,2.41,MEDIUM,0.777,1,454.9,25494.8,112.9,59.7,2.37,5.6,0.094,0.0,0.915,DL13CA2927,1.0,awiros
delhi_1080p_s0_t339,415,415,13.955,898.9,705.5,961.1,731.9,62.1,26.4,1640,2.36,MEDIUM,0.774,1,446.2,25546.5,111.1,61.2,2.05,6.1,0.101,0.0,0.913,DL13CA2927,1.0,awiros
delhi_1080p_s0_t339,416,416,13.988,897.9,705.7,961.4,731.9,63.5,26.2,1664,2.42,MEDIUM,0.77,1,450.5,25544.9,112.8,59.4,2.38,5.6,0.094,0.0,0.915,DL13CA2927,1.0,awiros
delhi_1080p_s0_t339,417,417,14.022,899.4,705.8,961.1,732.0,61.7,26.2,1616,2.36,MEDIUM,0.773,1,450.4,25129.6,112.3,60.5,2.1,5.6,0.098,0.0,0.913,DL13CA2927,0.999,awiros
delhi_1080p_s0_t339,418,418,14.056,898.3,705.8,960.5,731.9,62.2,26.1,1622,2.39,MEDIUM,0.778,1,423.3,24677.2,113.0,59.8,2.27,5.6,0.096,0.0,0.912,DL13CA2927,1.0,awiros
delhi_1080p_s0_t339,419,419,14.089,898.5,705.5,960.5,731.1,62.0,25.6,1585,2.42,MEDIUM,0.793,1,447.9,25417.1,114.3,59.4,1.89,5.6,0.091,0.0,0.912,DL13CA2927,1.0,awiros
delhi_1080p_s0_t339,420,420,14.123,898.3,706.2,961.4,731.2,63.1,24.9,1575,2.53,MEDIUM,0.799,1,471.3,25790.7,115.5,58.2,2.18,5.6,0.086,0.0,0.918,DL13CA2927,1.0,awiros
delhi_1080p_s0_t339,421,421,14.157,898.0,706.0,960.9,730.7,62.9,24.7,1555,2.55,MEDIUM,0.792,1,485.4,26208.1,117.8,57.9,2.49,5.6,0.078,0.0,0.916,DL13CA2927,1.0,awiros
delhi_1080p_s0_t339,422,422,14.19,898.4,706.2,960.1,730.5,61.7,24.2,1495,2.55,MEDIUM,0.807,1,480.6,25972.7,118.2,59.0,2.75,4.6,0.078,0.0,0.912,DL13CA2927,1.0,awiros
delhi_1080p_s0_t339,423,423,14.224,897.9,706.7,959.9,730.2,62.0,23.5,1458,2.64,MEDIUM,0.803,0,464.1,25382.6,118.4,58.5,2.39,4.6,0.082,0.0,0.914,DL13CA2927,1.0,awiros
delhi_1080p_s0_t339,424,424,14.257,897.4,706.8,958.9,729.6,61.5,22.8,1404,2.69,MEDIUM,0.809,0,463.4,25748.1,122.3,57.9,2.95,4.1,0.073,0.0,0.907,,0.0,
delhi_1080p_s0_t339,425,425,14.291,897.7,707.5,957.8,729.8,60.1,22.3,1341,2.69,MEDIUM,0.798,0,472.9,26027.7,121.8,58.5,2.57,4.6,0.066,0.0,0.903,AR50MH0138,0.533,crnn
delhi_1080p_s0_t339,426,426,14.325,898.1,707.0,951.6,727.3,53.5,20.3,1085,2.63,SMALL,0.778,0,341.5,21942.1,127.1,57.7,2.38,0.0,0.042,0.0,0.888,,0.0,
delhi_1080p_s0_t339,427,427,14.358,898.7,705.2,949.3,724.2,50.5,19.0,962,2.66,SMALL,0.298,0,217.9,13682.6,136.9,51.4,2.55,0.0,0.022,0.0,0.804,,0.0,
delhi_1080p_s0_t406,433,433,14.56,731.0,669.1,789.0,698.7,58.0,29.6,1718,1.96,SMALL,0.623,1,390.9,17565.0,128.8,60.0,0.79,0.0,0.0,0.0,0.92,UP04KMH801,0.572,awiros
delhi_1080p_s0_t470,433,433,14.56,1636.7,700.2,1661.8,713.0,25.0,12.8,320,1.96,VERY_SMALL,0.472,1,6.8,2367.6,127.4,49.3,2.15,0.0,0.005,0.0,0.51,,0.0,
delhi_1080p_s0_t470,434,434,14.594,1635.9,700.6,1661.0,714.1,25.1,13.4,337,1.87,VERY_SMALL,0.358,1,5.6,1886.7,127.1,47.6,2.31,0.0,0.008,0.0,0.508,,0.0,
delhi_1080p_s0_t470,435,435,14.627,1636.2,701.6,1659.9,715.1,23.7,13.4,318,1.76,VERY_SMALL,0.25,1,5.0,1795.8,127.0,45.2,2.88,0.0,0.009,0.0,0.495,WB43CZ7264,0.537,crnn
delhi_1080p_s0_t470,436,436,14.661,1632.8,703.1,1658.0,716.8,25.2,13.7,346,1.84,VERY_SMALL,0.441,1,6.5,2250.1,129.9,47.2,1.92,0.0,0.01,0.0,0.515,,0.0,
delhi_1080p_s0_t406,437,437,14.695,672.8,767.9,724.3,803.0,51.5,35.1,1808,1.47,SMALL,0.366,1,53.4,5085.0,114.5,55.8,1.88,0.0,0.0,0.0,0.679,KL61S0888,0.504,crnn_reader_crnn_v6
delhi_1080p_s0_t470,437,437,14.695,1629.4,704.2,1656.2,718.0,26.8,13.8,371,1.94,VERY_SMALL,0.286,1,7.4,2500.2,129.5,48.3,1.45,0.0,0.01,0.0,0.524,,0.0,
delhi_1080p_s0_t470,438,438,14.728,1631.3,705.0,1654.1,718.2,22.8,13.2,301,1.73,VERY_SMALL,0.518,1,4.3,1655.1,127.2,47.9,3.24,0.0,0.005,0.0,0.488,,0.0,
delhi_1080p_s0_t470,439,439,14.762,1626.3,705.6,1652.5,719.6,26.2,14.0,367,1.87,VERY_SMALL,0.359,1,5.9,1915.5,129.4,45.2,2.46,0.0,0.004,0.0,0.511,,0.0,
delhi_1080p_s0_t470,441,441,14.829,1622.1,706.8,1649.4,721.7,27.3,14.9,406,1.84,VERY_SMALL,0.431,1,7.4,2487.0,130.9,47.8,2.65,0.0,0.001,0.0,0.519,,0.0,
delhi_1080p_s0_t470,442,442,14.863,1619.0,707.4,1647.2,722.8,28.3,15.4,435,1.84,VERY_SMALL,0.366,1,7.3,2629.5,134.1,49.7,2.09,0.0,0.0,0.006,0.525,,0.0,
delhi_1080p_s0_t470,443,443,14.896,1616.8,708.4,1645.1,723.6,28.3,15.2,429,1.86,VERY_SMALL,0.497,1,7.5,2601.8,134.3,49.3,2.15,0.0,0.0,0.002,0.526,,0.0,
delhi_1080p_s0_t470,444,444,14.93,1614.0,709.3,1643.7,725.3,29.7,16.0,476,1.86,VERY_SMALL,0.469,1,8.4,2753.0,136.4,50.0,3.33,0.0,0.0,0.003,0.524,HR26CC2083,0.981,awiros
delhi_1080p_s0_t470,445,445,14.964,1613.7,710.8,1641.9,726.4,28.2,15.6,440,1.81,VERY_SMALL,0.484,1,8.0,2698.2,136.5,49.4,2.98,0.0,0.0,0.005,0.518,,0.0,
delhi_1080p_s0_t470,446,446,14.997,1611.6,712.0,1640.6,727.6,29.0,15.6,453,1.85,VERY_SMALL,0.376,1,7.6,2441.5,135.7,50.0,3.23,0.0,0.0,0.0,0.522,,0.0,
delhi_1080p_s0_t276,447,447,15.031,75.2,705.6,136.9,776.3,61.6,70.7,4361,0.87,MEDIUM,0.296,1,65.4,4959.5,88.7,54.4,2.06,0.0,0.013,0.0,0.736,MP06D3740,0.511,crnn
delhi_1080p_s0_t470,448,448,15.064,1606.3,714.1,1635.5,730.0,29.2,15.8,462,1.85,VERY_SMALL,0.451,1,7.5,2292.8,137.4,48.9,3.54,0.0,0.0,0.0,0.519,,0.0,
delhi_1080p_s0_t470,449,449,15.098,1604.1,713.2,1633.1,730.0,29.0,16.9,489,1.72,VERY_SMALL,0.4,1,8.4,2748.1,141.7,52.1,3.52,0.0,0.001,0.007,0.517,,0.0,
delhi_1080p_s0_t470,450,450,15.132,1600.7,713.8,1630.1,729.4,29.3,15.5,456,1.89,VERY_SMALL,0.567,1,7.9,2522.4,140.2,51.1,4.78,0.0,0.0,0.0,0.509,JK24TYN2292,0.591,crnn
delhi_1080p_s0_t491,450,450,15.132,914.3,713.3,943.4,734.8,29.2,21.5,626,1.36,VERY_SMALL,0.472,1,42.1,9521.2,137.4,59.5,1.58,0.0,0.05,0.003,0.558,KA229237,0.635,crnn_reader_crnn_v6
delhi_1080p_s0_t406,450,450,15.132,650.5,665.5,693.1,693.6,42.5,28.1,1197,1.51,SMALL,0.438,1,43.1,4346.8,65.4,57.0,1.0,0.0,0.298,0.0,0.606,DL03T2399,0.539,crnn
delhi_1080p_s0_t491,451,451,15.165,901.0,712.5,941.6,734.1,40.6,21.6,878,1.88,SMALL,0.739,1,158.5,17816.9,136.9,58.9,1.81,2.2,0.059,0.004,0.702,GJ13CA2927,0.903,awiros
delhi_1080p_s0_t470,451,451,15.165,1597.2,713.8,1628.0,730.7,30.8,16.8,518,1.83,VERY_SMALL,0.576,1,9.6,2942.6,140.8,52.3,3.95,0.0,0.0,0.002,0.524,,0.0,
delhi_1080p_s0_t491,452,452,15.199,891.6,711.9,940.4,734.4,48.8,22.5,1099,2.17,SMALL,0.782,1,319.0,23880.6,130.9,60.7,2.45,3.2,0.072,0.001,0.855,DL13CA2927,1.0,awiros
delhi_1080p_s0_t470,452,452,15.199,1593.4,714.6,1624.9,731.4,31.5,16.8,531,1.87,VERY_SMALL,0.575,1,10.1,3141.6,141.1,53.8,4.29,0.0,0.0,0.001,0.526,,0.0,
delhi_1080p_s0_t406,452,452,15.199,545.0,927.1,623.4,1029.4,78.4,102.3,8024,0.77,MEDIUM,0.412,1,43.8,2535.5,52.1,34.3,0.74,0.0,0.0,0.0,0.745,DL16XS3661,0.615,crnn_reader_crnn_v6
delhi_1080p_s0_t491,453,453,15.233,881.0,711.4,938.6,734.7,57.6,23.3,1344,2.47,SMALL,0.789,1,554.7,29450.2,128.3,58.3,2.13,3.6,0.075,0.002,0.895,DL13CA2927,1.0,awiros
delhi_1080p_s0_t470,453,453,15.233,1590.4,715.6,1621.1,732.3,30.7,16.7,512,1.84,VERY_SMALL,0.518,1,10.2,3172.2,140.9,54.2,4.27,0.0,0.0,0.0,0.523,UP16R3166,0.546,crnn
delhi_1080p_s0_t406,453,453,15.233,474.1,945.6,562.6,1056.0,88.6,110.4,9780,0.8,MEDIUM,0.393,1,67.3,2927.3,52.1,34.8,0.38,0.0,0.0,0.0,0.769,,0.0,
delhi_1080p_s0_t491,454,454,15.266,874.1,710.5,935.9,734.1,61.8,23.7,1462,2.61,MEDIUM,0.813,0,632.3,31091.3,127.1,60.6,2.82,4.6,0.082,0.001,0.91,DL13CA2927,1.0,awiros
delhi_1080p_s0_t470,454,454,15.266,1586.2,716.9,1617.5,733.6,31.3,16.7,522,1.87,VERY_SMALL,0.436,1,10.7,3283.0,142.0,54.5,4.09,0.0,0.0,0.0,0.529,,0.0,
delhi_1080p_s0_t491,455,455,15.3,871.1,710.2,934.1,734.2,63.0,24.0,1515,2.62,MEDIUM,0.805,0,697.3,32601.1,126.4,60.7,2.76,4.1,0.082,0.002,0.915,DL13CA2927,1.0,awiros
delhi_1080p_s0_t503,455,455,15.3,1186.7,749.6,1228.3,762.1,41.5,12.5,521,3.31,SMALL,0.663,0,42.3,7423.8,97.4,63.9,3.23,0.0,0.074,0.0,0.605,,0.0,
delhi_1080p_s0_t470,455,455,15.3,1582.2,717.4,1614.6,734.6,32.4,17.2,558,1.88,VERY_SMALL,0.213,1,12.0,3492.9,142.0,56.3,4.38,0.0,0.0,0.0,0.531,,0.0,
delhi_1080p_s0_t491,456,456,15.334,870.3,710.5,932.8,734.4,62.5,23.8,1489,2.62,MEDIUM,0.803,0,681.9,32010.3,125.6,60.8,2.55,4.2,0.088,0.002,0.916,DL13CA2927,1.0,awiros
delhi_1080p_s0_t503,456,456,15.334,1171.6,750.9,1219.1,764.2,47.5,13.3,633,3.56,SMALL,0.64,0,59.3,8910.8,95.3,64.8,3.12,0.0,0.073,0.0,0.647,,0.0,
delhi_1080p_s0_t470,456,456,15.334,1578.1,718.1,1609.4,735.5,31.3,17.3,542,1.8,VERY_SMALL,0.328,1,10.6,3407.6,143.7,57.0,4.8,0.0,0.001,0.001,0.522,DL07T8087,0.687,crnn_reader_crnn_v6
delhi_1080p_s0_t491,457,457,15.367,868.3,710.3,931.5,734.8,63.2,24.5,1550,2.58,MEDIUM,0.808,1,767.8,33552.9,125.6,59.5,2.55,4.2,0.088,0.002,0.92,DL13CA2927,1.0,awiros
delhi_1080p_s0_t503,457,457,15.367,1154.2,752.1,1207.3,766.0,53.1,13.9,737,3.82,SMALL,0.599,0,97.9,11374.2,90.5,68.2,3.35,1.3,0.068,0.0,0.702,DL1LT1087,0.994,awiros
delhi_1080p_s0_t470,457,457,15.367,1573.6,719.1,1605.7,736.7,32.1,17.5,562,1.83,VERY_SMALL,0.265,1,12.5,3600.6,144.8,55.5,4.59,0.0,0.004,0.0,0.53,OD24DL0001,0.528,crnn
delhi_1080p_s0_t491,458,458,15.401,866.4,710.2,930.1,735.1,63.7,24.9,1582,2.56,MEDIUM,0.8,1,657.9,32038.7,123.3,59.8,2.49,5.2,0.087,0.002,0.919,DL13CA2927,1.0,awiros
delhi_1080p_s0_t503,458,458,15.401,1149.8,755.1,1191.5,768.0,41.7,13.0,541,3.21,SMALL,0.629,0,42.9,8497.8,88.1,65.7,5.19,7.2,0.1,0.0,0.574,DL1EP0333,0.593,crnn_reader_crnn_v6
delhi_1080p_s0_t470,458,458,15.401,1567.7,719.7,1601.4,737.8,33.8,18.1,611,1.87,VERY_SMALL,0.223,1,12.4,3616.4,144.8,55.5,5.08,0.0,0.002,0.0,0.533,,0.0,
delhi_1080p_s0_t491,459,459,15.434,863.8,710.3,928.4,735.9,64.6,25.6,1650,2.53,MEDIUM,0.796,1,697.2,32546.9,122.0,59.6,2.13,5.1,0.091,0.0,0.926,DL13CA2927,0.999,awiros
delhi_1080p_s0_t503,459,459,15.434,1119.3,755.4,1174.7,771.1,55.4,15.7,868,3.53,SMALL,0.604,0,106.8,12183.4,82.4,73.2,3.14,2.8,0.112,0.0,0.716,DL1LT1087,0.999,awiros
delhi_1080p_s0_t470,459,459,15.434,1564.3,720.5,1597.0,738.7,32.8,18.2,597,1.8,VERY_SMALL,0.442,1,10.9,3418.5,147.0,57.7,5.01,0.0,0.002,0.0,0.525,,0.0,
delhi_1080p_s0_t491,460,460,15.468,861.3,710.8,926.3,736.1,65.0,25.4,1649,2.56,MEDIUM,0.803,1,727.9,32616.3,123.6,60.8,2.23,4.6,0.09,0.001,0.93,DL13CA2927,1.0,awiros
delhi_1080p_s0_t503,460,460,15.468,1099.9,756.7,1157.1,774.4,57.3,17.7,1011,3.24,SMALL,0.674,0,110.4,12610.4,76.7,73.5,3.12,3.5,0.174,0.0,0.724,DL13EP7233,0.605,crnn_reader_crnn_v6
delhi_1080p_s0_t470,460,460,15.468,1558.4,721.3,1590.9,739.4,32.5,18.1,589,1.8,VERY_SMALL,0.505,1,11.8,3614.7,146.6,57.1,4.72,0.0,0.003,0.0,0.528,,0.0,
delhi_1080p_s0_t491,461,461,15.502,858.8,710.3,923.6,736.1,64.8,25.8,1674,2.51,MEDIUM,0.805,1,758.6,33403.2,122.5,60.1,2.32,5.7,0.089,0.001,0.928,DL13CA2927,1.0,awiros
delhi_1080p_s0_t503,461,461,15.502,1081.3,757.7,1139.6,777.0,58.3,19.3,1125,3.02,SMALL,0.671,0,117.1,12168.1,75.8,72.9,2.9,0.0,0.175,0.0,0.737,DL9SAE5652,0.645,awiros
delhi_1080p_s0_t470,461,461,15.502,1552.4,721.4,1586.7,740.2,34.3,18.9,647,1.82,VERY_SMALL,0.373,1,15.2,4142.7,148.6,59.1,4.62,0.0,0.005,0.0,0.539,,0.0,
delhi_1080p_s0_t491,462,462,15.535,857.0,710.5,922.7,736.3,65.7,25.8,1695,2.55,MEDIUM,0.796,1,731.0,32385.3,123.6,60.7,2.19,4.6,0.089,0.001,0.93,DL13CA2927,1.0,awiros
delhi_1080p_s0_t503,462,462,15.535,1065.8,759.6,1121.5,780.1,55.7,20.5,1145,2.71,SMALL,0.621,0,89.1,10326.1,78.2,71.9,2.84,0.0,0.155,0.0,0.704,ML54CB9273,0.691,crnn
delhi_1080p_s0_t470,462,462,15.535,1547.4,721.6,1581.0,740.5,33.6,18.9,634,1.78,VERY_SMALL,0.522,1,13.3,3893.3,152.3,58.0,4.51,0.0,0.0,0.001,0.539,,0.0,
delhi_1080p_s0_t491,463,463,15.569,854.6,709.9,920.3,736.3,65.8,26.4,1736,2.49,MEDIUM,0.801,1,764.0,33037.6,123.1,60.7,2.29,5.1,0.089,0.0,0.933,DL13CA2927,1.0,awiros
delhi_1080p_s0_t470,463,463,15.569,1541.3,722.1,1576.0,741.4,34.7,19.3,671,1.79,VERY_SMALL,0.324,1,14.4,3873.8,153.4,57.8,4.68,0.0,0.0,0.0,0.542,,0.0,
delhi_1080p_s0_t503,463,463,15.569,1031.8,760.1,1102.2,784.0,70.4,23.9,1683,2.94,MEDIUM,0.287,0,244.2,14458.1,78.0,68.0,1.78,0.0,0.099,0.0,0.917,,0.0,
delhi_1080p_s0_t491,464,464,15.603,852.4,710.3,917.9,736.1,65.4,25.8,1690,2.53,MEDIUM,0.805,1,705.8,32191.7,123.2,59.4,2.43,5.1,0.086,0.0,0.928,DL13CA2927,1.0,awiros
delhi_1080p_s0_t470,464,464,15.603,1535.1,723.4,1569.5,742.4,34.4,19.0,656,1.81,VERY_SMALL,0.285,1,14.5,3938.2,154.9,57.9,4.08,0.0,0.0,0.0,0.547,DL11Z7943,0.512,crnn_reader_crnn_v6
delhi_1080p_s0_t491,465,465,15.636,849.4,709.7,914.6,735.8,65.2,26.1,1699,2.5,MEDIUM,0.802,1,747.5,32714.5,122.6,59.7,2.28,5.2,0.085,0.0,0.929,DL13CA2927,1.0,awiros
delhi_1080p_s0_t503,465,465,15.636,1000.7,764.4,1059.8,788.6,59.0,24.2,1429,2.44,SMALL,0.613,1,102.7,10382.8,81.0,70.4,2.33,0.0,0.177,0.0,0.733,MH18D7577,0.553,crnn
delhi_1080p_s0_t512,465,465,15.636,1325.8,708.9,1358.1,725.2,32.2,16.3,525,1.98,VERY_SMALL,0.606,1,14.6,3323.9,67.3,60.4,3.97,5.5,0.126,0.0,0.515,DL2AE3109,0.632,crnn
delhi_1080p_s0_t470,465,465,15.636,1527.7,723.9,1563.5,744.5,35.9,20.6,738,1.74,VERY_SMALL,0.418,1,16.8,4262.5,157.5,61.8,3.64,0.0,0.0,0.001,0.556,DL11Z796,0.532,crnn_reader_crnn_v6
delhi_1080p_s0_t491,466,466,15.67,847.0,709.6,912.3,735.9,65.3,26.3,1716,2.48,MEDIUM,0.801,1,687.8,31763.2,122.6,59.4,2.31,5.2,0.086,0.0,0.929,DL13CA2927,1.0,awiros
delhi_1080p_s0_t512,466,466,15.67,1321.9,708.9,1356.8,724.9,34.9,16.0,558,2.18,VERY_SMALL,0.739,1,20.5,4096.8,67.6,59.9,4.06,6.3,0.136,0.0,0.528,DL2AK3109,0.761,crnn
delhi_1080p_s0_t503,466,466,15.67,977.9,768.3,1036.8,790.6,59.0,22.3,1316,2.64,SMALL,0.556,0,90.2,10026.8,81.7,71.0,2.7,1.5,0.199,0.0,0.715,ML13TT1785,0.538,crnn
delhi_1080p_s0_t470,466,466,15.67,1521.7,724.9,1556.9,745.4,35.2,20.5,722,1.72,VERY_SMALL,0.445,1,15.9,4159.4,158.3,62.1,3.68,0.0,0.0,0.001,0.555,,0.0,
delhi_1080p_s0_t491,467,467,15.703,845.0,708.9,910.6,735.4,65.6,26.4,1734,2.48,MEDIUM,0.802,1,756.5,33201.7,123.3,59.1,2.17,5.2,0.083,0.0,0.93,DL13CA2927,1.0,awiros
delhi_1080p_s0_t512,467,467,15.703,1317.8,708.1,1355.0,724.3,37.2,16.2,604,2.3,VERY_SMALL,0.748,1,23.0,4448.9,68.1,56.8,4.63,5.8,0.11,0.0,0.541,,0.0,
delhi_1080p_s0_t503,467,467,15.703,952.8,770.2,1014.5,792.7,61.7,22.5,1388,2.74,MEDIUM,0.644,0,108.8,10498.1,79.6,72.8,3.3,1.7,0.205,0.0,0.736,,0.0,
delhi_1080p_s0_t470,467,467,15.703,1514.4,724.8,1553.5,745.4,39.0,20.6,803,1.89,VERY_SMALL,0.365,1,22.8,5078.8,157.7,63.3,4.12,0.0,0.004,0.0,0.577,,0.0,
delhi_1080p_s0_t491,468,468,15.737,842.6,708.7,908.5,735.1,65.9,26.4,1740,2.5,MEDIUM,0.804,1,740.2,33319.8,123.2,60.2,2.3,4.6,0.086,0.002,0.933,DL13CA2927,1.0,awiros
delhi_1080p_s0_t512,468,468,15.737,1314.2,708.2,1354.1,724.2,39.9,16.1,641,2.48,VERY_SMALL,0.774,1,27.6,4936.8,68.4,58.9,4.98,6.1,0.114,0.0,0.552,,0.0,
delhi_1080p_s0_t503,468,468,15.737,927.0,770.9,989.6,798.4,62.6,27.5,1721,2.28,MEDIUM,0.462,1,105.1,9938.8,80.1,68.8,2.66,0.0,0.169,0.001,0.752,DL9CTC3167,0.534,crnn
delhi_1080p_s0_t470,468,468,15.737,1507.5,725.5,1569.7,745.9,62.2,20.4,1270,3.05,MEDIUM,0.27,0,111.9,11651.1,137.2,68.5,5.04,0.0,0.016,0.0,0.75,,0.0,
delhi_1080p_s0_t491,469,469,15.771,840.5,708.4,905.5,734.0,65.1,25.7,1671,2.53,MEDIUM,0.802,1,799.1,35330.7,122.8,60.3,2.04,5.2,0.082,0.001,0.931,DL13CA2927,1.0,awiros
delhi_1080p_s0_t512,469,469,15.771,1310.5,707.6,1352.9,723.9,42.4,16.3,693,2.6,SMALL,0.787,1,41.3,5945.3,69.0,60.1,5.17,5.9,0.122,0.0,0.573,,0.0,
delhi_1080p_s0_t503,469,469,15.771,898.3,772.5,963.9,801.7,65.6,29.2,1913,2.25,MEDIUM,0.567,1,127.6,10180.3,82.7,69.4,2.1,0.0,0.148,0.001,0.789,DL2CCF5555,0.697,awiros
delhi_1080p_s0_t470,469,469,15.771,1501.9,726.3,1537.1,745.3,35.2,19.0,668,1.85,VERY_SMALL,0.524,1,19.6,4636.9,156.0,62.0,3.94,0.0,0.003,0.0,0.556,DL11SN7763,0.503,crnn_reader_crnn_v6
delhi_1080p_s0_t491,470,470,15.804,838.1,707.7,894.1,730.8,56.0,23.1,1293,2.43,SMALL,0.777,1,520.3,32499.1,127.1,61.2,1.84,5.7,0.062,0.003,0.887,DL13CA29,0.985,awiros
delhi_1080p_s0_t512,470,470,15.804,1306.0,707.2,1351.8,723.5,45.8,16.2,743,2.82,SMALL,0.771,0,45.8,6238.5,68.9,56.4,5.23,4.4,0.104,0.0,0.6,,0.0,
delhi_1080p_s0_t503,470,470,15.804,869.1,774.7,938.8,805.4,69.7,30.7,2138,2.27,MEDIUM,0.66,1,147.6,11110.2,82.5,70.0,2.37,0.0,0.162,0.001,0.825,MH02C966,0.56,crnn
delhi_1080p_s0_t470,470,470,15.804,1494.7,725.1,1562.4,751.1,67.7,26.0,1760,2.6,MEDIUM,0.466,0,146.8,13374.5,137.3,73.8,4.43,0.0,0.021,0.0,0.81,GJ29A4001,0.606,crnn_reader_crnn_v6
delhi_1080p_s0_t512,471,471,15.838,1301.7,706.5,1350.3,723.3,48.6,16.8,818,2.89,SMALL,0.787,0,61.3,7234.3,67.4,57.8,4.84,4.3,0.115,0.0,0.63,,0.0,
delhi_1080p_s0_t503,471,471,15.838,841.9,778.1,910.8,810.2,68.9,32.1,2208,2.15,MEDIUM,0.714,1,158.9,11529.7,85.0,67.9,1.91,0.0,0.175,0.001,0.833,DL1LT1087,0.999,awiros
delhi_1080p_s0_t521,471,471,15.838,835.5,706.7,867.0,728.0,31.5,21.2,669,1.48,VERY_SMALL,0.452,1,63.7,11315.5,133.1,58.0,3.29,0.0,0.059,0.002,0.573,DL011300,0.541,crnn_reader_crnn_v6
delhi_1080p_s0_t470,471,471,15.838,1486.9,726.7,1554.4,747.4,67.5,20.7,1400,3.26,MEDIUM,0.273,0,168.8,13948.6,137.1,71.0,4.98,0.0,0.025,0.0,0.824,GJ29AF20,0.788,crnn_reader_crnn_v6
delhi_1080p_s0_t512,472,472,15.872,1297.7,706.5,1349.0,723.8,51.2,17.2,884,2.97,SMALL,0.794,0,74.3,7777.6,66.4,59.2,4.75,0.0,0.126,0.0,0.66,,0.0,
delhi_1080p_s0_t503,472,472,15.872,810.2,783.2,880.0,815.9,69.8,32.7,2282,2.14,MEDIUM,0.715,1,153.2,10678.3,93.0,64.2,1.78,0.0,0.142,0.001,0.837,,0.0,
delhi_1080p_s0_t491,472,472,15.872,869.5,711.9,899.9,734.9,30.3,23.0,699,1.32,VERY_SMALL,0.449,1,57.3,11808.3,123.9,64.4,1.43,0.0,0.008,0.009,0.581,KL192207,0.652,crnn_reader_crnn_v6
delhi_1080p_s0_t512,473,473,15.905,1293.0,707.0,1347.5,724.9,54.5,17.9,976,3.05,SMALL,0.781,0,87.9,8345.5,65.3,60.8,4.23,0.0,0.145,0.0,0.689,,0.0,
delhi_1080p_s0_t491,473,473,15.905,840.1,711.2,897.0,734.5,56.9,23.3,1327,2.44,SMALL,0.762,1,491.0,30336.8,122.5,63.8,2.04,0.0,0.028,0.009,0.9,DL13CA2927,0.998,awiros
delhi_1080p_s0_t503,473,473,15.905,780.1,788.3,848.8,821.3,68.7,33.0,2271,2.08,MEDIUM,0.672,1,163.0,10798.2,96.3,63.5,1.78,0.0,0.151,0.001,0.84,GA19MH7805,0.521,crnn
delhi_1080p_s0_t470,473,473,15.905,1471.8,728.8,1540.7,752.3,68.9,23.5,1617,2.94,MEDIUM,0.465,0,179.3,13625.8,141.8,73.5,4.64,0.0,0.025,0.0,0.839,,0.0,
delhi_1080p_s0_t512,474,474,15.939,1292.1,708.6,1345.8,725.9,53.7,17.3,927,3.11,SMALL,0.79,0,72.2,8097.1,66.7,60.0,4.2,6.0,0.12,0.0,0.665,,0.0,
delhi_1080p_s0_t503,474,474,15.939,746.3,795.1,816.4,827.6,70.1,32.5,2279,2.16,MEDIUM,0.613,1,146.5,10586.1,96.7,62.4,1.96,0.0,0.156,0.0,0.828,GJ19MHP0358,0.659,crnn
delhi_1080p_s0_t470,474,474,15.939,1461.7,731.0,1532.2,754.5,70.5,23.6,1663,2.99,MEDIUM,0.448,0,178.1,13783.2,144.3,72.2,4.76,0.0,0.018,0.0,0.845,UP14DM7400,1.0,awiros
delhi_1080p_s0_t512,475,475,15.972,1289.8,708.7,1344.0,726.7,54.2,18.0,978,3.01,SMALL,0.792,0,70.2,7721.5,64.2,60.7,4.25,6.2,0.128,0.0,0.662,DL13CA2927,1.0,awiros
delhi_1080p_s0_t503,475,475,15.972,707.7,800.0,779.6,835.2,71.9,35.2,2532,2.04,MEDIUM,0.721,1,159.9,10577.8,97.4,62.6,1.59,0.0,0.155,0.0,0.851,MH12R0666,0.518,crnn
delhi_1080p_s0_t470,475,475,15.972,1452.0,732.5,1525.0,758.3,72.9,25.7,1877,2.83,MEDIUM,0.556,0,221.3,14878.4,145.0,71.5,4.76,0.0,0.017,0.0,0.893,,0.0,
delhi_1080p_s0_t512,476,476,16.006,1288.0,709.2,1342.9,727.4,54.9,18.2,1000,3.02,SMALL,0.797,0,75.4,8170.1,63.9,61.5,4.3,6.0,0.146,0.0,0.668,,0.0,
delhi_1080p_s0_t503,476,476,16.006,669.9,803.8,740.9,842.5,71.0,38.8,2753,1.83,MEDIUM,0.682,1,143.0,10186.0,99.9,62.5,1.63,0.0,0.155,0.0,0.832,GJ12HP4738,0.601,crnn
delhi_1080p_s0_t512,477,477,16.04,1285.8,709.6,1341.5,728.0,55.7,18.3,1022,3.04,SMALL,0.797,0,95.8,8657.1,64.3,60.7,4.09,6.5,0.125,0.0,0.692,,0.0,
delhi_1080p_s0_t503,477,477,16.04,628.2,812.1,701.1,850.0,72.9,38.0,2768,1.92,MEDIUM,0.696,1,162.2,10136.7,100.6,62.2,1.29,0.0,0.143,0.0,0.86,DL13CA2927,1.0,awiros
delhi_1080p_s0_t470,477,477,16.04,1434.5,735.7,1509.0,759.6,74.5,23.9,1782,3.11,MEDIUM,0.266,0,305.0,17132.1,142.1,72.9,4.68,0.0,0.04,0.0,0.957,DL13S468,0.932,awiros
delhi_1080p_s0_t512,478,478,16.073,1284.3,710.4,1340.3,728.9,56.0,18.5,1036,3.03,SMALL,0.797,0,87.5,8486.3,63.1,61.8,4.34,6.1,0.141,0.0,0.685,,0.0,
delhi_1080p_s0_t503,478,478,16.073,582.4,817.5,657.2,858.9,74.8,41.4,3094,1.81,MEDIUM,0.712,1,142.6,9663.2,102.6,61.5,1.15,0.0,0.133,0.0,0.846,UP14DM7400,1.0,awiros
delhi_1080p_s0_t470,478,478,16.073,1421.6,737.3,1500.9,761.6,79.3,24.2,1919,3.27,MEDIUM,0.373,0,326.3,19367.7,138.6,74.4,4.66,0.0,0.044,0.0,0.957,DL11SX468,0.849,awiros
delhi_1080p_s0_t512,479,479,16.107,1282.9,711.5,1338.5,729.1,55.6,17.6,979,3.15,SMALL,0.787,0,88.6,8906.0,67.9,61.3,4.41,6.5,0.099,0.0,0.686,,0.0,
delhi_1080p_s0_t503,479,479,16.107,534.3,824.3,610.9,868.0,76.6,43.6,3343,1.76,MEDIUM,0.748,1,131.4,8930.3,103.6,62.3,1.57,0.0,0.119,0.0,0.834,,0.0,
delhi_1080p_s0_t491,479,479,16.107,853.9,716.3,882.7,738.1,28.8,21.7,626,1.33,VERY_SMALL,0.742,1,36.6,7886.5,120.2,66.9,2.44,0.0,0.112,0.002,0.541,AP582207,0.553,crnn_reader_crnn_v6
delhi_1080p_s0_t491,480,480,16.141,823.6,712.6,880.2,737.2,56.6,24.6,1391,2.3,SMALL,0.808,1,437.3,25999.7,119.5,65.7,2.18,4.9,0.095,0.001,0.887,DL13CA2927,1.0,awiros
delhi_1080p_s0_t512,480,480,16.141,1281.4,711.5,1337.6,729.2,56.3,17.7,996,3.18,SMALL,0.791,0,87.1,8790.0,68.2,60.9,4.15,6.3,0.097,0.0,0.691,UP14DM7400,1.0,awiros
delhi_1080p_s0_t503,480,480,16.141,486.3,831.2,559.9,874.7,73.5,43.5,3200,1.69,MEDIUM,0.711,1,103.1,7936.4,105.2,61.7,1.61,0.0,0.097,0.0,0.813,DL7CCF0445,0.55,awiros
delhi_1080p_s0_t470,480,480,16.141,1404.2,740.2,1482.1,767.9,78.0,27.7,2156,2.82,MEDIUM,0.594,0,354.2,19864.8,141.7,72.7,4.65,0.0,0.024,0.0,0.959,DL11SY468,0.842,awiros
delhi_1080p_s0_t310,480,480,16.141,957.0,588.1,1021.1,657.1,64.1,69.1,4426,0.93,MEDIUM,0.278,1,218.1,13337.9,131.0,61.8,0.91,0.0,0.0,0.0,0.882,GJ27V0754,0.515,crnn
delhi_1080p_s0_t491,481,481,16.174,811.5,711.8,877.6,736.9,66.1,25.2,1663,2.63,MEDIUM,0.8,0,834.6,32560.4,130.8,59.1,2.05,4.2,0.048,0.001,0.94,DL13CA2927,0.996,awiros
delhi_1080p_s0_t512,481,481,16.174,1280.0,711.6,1336.3,729.5,56.3,18.0,1012,3.13,SMALL,0.789,0,108.5,9295.3,66.9,63.5,3.56,6.3,0.111,0.0,0.712,,0.0,
delhi_1080p_s0_t470,481,481,16.174,1394.0,740.3,1473.1,768.5,79.0,28.3,2233,2.8,MEDIUM,0.62,0,425.8,20728.9,140.0,73.9,4.14,0.0,0.035,0.001,0.962,DL11SY468,0.942,awiros
delhi_1080p_s0_t503,481,481,16.174,429.7,840.6,506.2,886.5,76.4,45.9,3513,1.66,MEDIUM,0.562,1,118.2,7870.6,102.5,62.0,1.22,0.0,0.093,0.0,0.829,MH49B4796,0.531,crnn
delhi_1080p_s0_t491,482,482,16.208,809.5,712.1,876.3,737.9,66.8,25.7,1720,2.6,MEDIUM,0.802,1,767.9,31952.9,129.8,59.7,2.29,4.2,0.05,0.001,0.942,DL13CA2927,1.0,awiros
delhi_1080p_s0_t512,482,482,16.208,1278.6,712.4,1334.6,729.8,56.0,17.4,976,3.21,SMALL,0.78,0,88.9,8952.7,69.7,60.2,3.84,6.5,0.077,0.0,0.696,,0.0,
delhi_1080p_s0_t503,482,482,16.208,669.4,980.4,757.0,1046.5,87.6,66.0,5786,1.33,MEDIUM,0.595,1,229.5,7802.0,62.0,55.9,1.3,0.0,0.085,0.0,0.922,PB64CA1400,0.566,crnn
delhi_1080p_s0_t470,482,482,16.208,1383.3,742.6,1461.9,768.8,78.5,26.2,2057,3.0,MEDIUM,0.523,0,427.4,21112.8,140.4,72.9,4.4,0.0,0.042,0.0,0.959,DL11SY468,0.972,awiros
delhi_1080p_s0_t491,483,483,16.241,806.6,712.2,873.3,737.3,66.6,25.0,1669,2.66,MEDIUM,0.796,0,856.7,33624.9,132.5,59.1,2.24,4.7,0.046,0.004,0.94,DL13CA2927,1.0,awiros
delhi_1080p_s0_t512,483,483,16.241,1276.3,712.1,1333.6,730.6,57.3,18.5,1060,3.1,SMALL,0.787,0,110.2,9247.8,66.1,60.8,3.26,6.6,0.119,0.0,0.719,,0.0,
delhi_1080p_s0_t503,483,483,16.241,306.8,862.8,383.5,911.4,76.7,48.6,3729,1.58,MEDIUM,0.698,1,110.2,7396.7,98.3,65.2,0.88,0.0,0.077,0.0,0.827,DL7CCE3553,0.733,awiros
delhi_1080p_s0_t470,483,483,16.241,1370.3,743.4,1439.2,769.3,68.9,25.9,1784,2.66,MEDIUM,0.506,0,328.8,18711.9,152.6,72.5,4.11,0.0,0.028,0.001,0.947,UP14DM7400,1.0,awiros
delhi_1080p_s0_t491,484,484,16.275,804.7,712.7,870.9,738.0,66.3,25.3,1677,2.62,MEDIUM,0.793,0,851.0,33441.3,131.3,59.9,2.05,4.2,0.048,0.001,0.94,DL13CA2927,1.0,awiros
delhi_1080p_s0_t512,484,484,16.275,1275.1,712.9,1332.5,731.2,57.3,18.3,1047,3.14,SMALL,0.772,0,112.3,9414.2,68.2,63.2,3.03,6.6,0.097,0.0,0.725,,0.0,
delhi_1080p_s0_t503,484,484,16.275,233.6,872.0,314.3,927.1,80.7,55.1,4443,1.47,MEDIUM,0.527,1,113.9,7430.2,98.3,63.0,0.47,0.0,0.076,0.0,0.833,MH42F3361,0.66,crnn
delhi_1080p_s0_t470,484,484,16.275,1356.4,743.9,1405.4,771.0,48.9,27.1,1326,1.8,SMALL,0.341,1,111.1,11504.0,154.7,71.4,3.16,0.0,0.049,0.001,0.699,DL11SX468,0.869,awiros
delhi_1080p_s0_t491,485,485,16.309,802.0,711.9,857.1,735.5,55.1,23.5,1297,2.34,SMALL,0.803,1,486.5,27997.0,137.0,58.5,2.16,4.4,0.037,0.001,0.886,DL13CA297,0.922,awiros
delhi_1080p_s0_t512,485,485,16.309,1273.9,713.3,1331.0,731.3,57.0,18.0,1024,3.17,SMALL,0.772,0,110.9,9719.5,69.6,63.8,3.04,6.3,0.101,0.0,0.72,,0.0,
delhi_1080p_s0_t470,485,485,16.309,1346.9,746.7,1429.9,773.6,83.0,26.9,2232,3.09,MEDIUM,0.576,0,574.7,24577.5,136.0,73.8,4.52,0.0,0.087,0.001,0.953,DL11SX468,0.982,awiros
delhi_1080p_s0_t503,485,485,16.309,157.3,883.9,239.3,940.6,82.0,56.8,4656,1.44,MEDIUM,0.437,1,104.6,6931.6,100.5,59.9,0.21,0.0,0.076,0.0,0.828,DL14TMH7313,0.543,crnn
delhi_1080p_s0_t512,486,486,16.342,1272.3,713.2,1323.6,731.3,51.3,18.0,925,2.84,SMALL,0.787,0,78.3,7820.3,73.6,58.0,4.11,6.8,0.099,0.0,0.656,,0.0,
delhi_1080p_s0_t491,486,486,16.342,798.5,711.3,841.7,734.5,43.2,23.3,1006,1.86,SMALL,0.774,1,181.1,17928.6,139.4,57.1,1.99,0.0,0.039,0.0,0.738,DL13CA81,0.743,awiros
delhi_1080p_s0_t521,486,486,16.342,1272.1,713.0,1298.9,730.2,26.8,17.1,460,1.57,VERY_SMALL,0.627,1,8.9,2683.3,73.9,61.4,3.12,7.6,0.1,0.0,0.493,,0.0,
delhi_1080p_s0_t503,486,486,16.342,74.8,897.1,156.8,959.2,82.0,62.0,5086,1.32,MEDIUM,0.544,1,125.4,7104.5,100.0,58.9,0.0,0.0,0.083,0.0,0.846,DL7WMP7033,0.596,crnn
delhi_1080p_s0_t470,486,486,16.342,1333.9,747.8,1419.5,775.2,85.5,27.3,2338,3.13,MEDIUM,0.448,0,658.6,25373.9,132.9,73.9,4.24,0.0,0.092,0.002,0.955,DL11SX468,0.988,awiros
delhi_1080p_s0_t512,487,487,16.376,1271.3,713.3,1314.2,731.7,42.9,18.5,793,2.32,SMALL,0.691,1,37.1,5366.9,74.1,60.9,4.61,7.0,0.098,0.0,0.579,,0.0,
delhi_1080p_s0_t503,487,487,16.376,210.3,902.9,264.2,939.5,53.9,36.6,1971,1.47,SMALL,0.362,1,8.6,685.1,60.5,36.9,0.42,0.0,0.004,0.0,0.638,DL1LT1087,0.994,awiros
delhi_1080p_s0_t470,487,487,16.376,1320.8,748.7,1376.6,776.9,55.7,28.2,1570,1.98,SMALL,0.333,1,162.7,13580.3,155.5,69.9,3.46,0.0,0.053,0.001,0.77,DL11S468,0.956,awiros
delhi_1080p_s0_t521,487,487,16.376,795.2,711.0,820.2,730.8,25.0,19.8,496,1.26,VERY_SMALL,0.212,1,25.3,6197.1,151.3,51.9,3.41,0.0,0.023,0.0,0.513,,0.0,
delhi_1080p_s0_t532,488,488,16.41,1270.0,714.5,1301.2,730.3,31.2,15.7,492,1.98,VERY_SMALL,0.716,1,14.9,3546.0,80.5,59.6,3.82,7.3,0.06,0.0,0.512,,0.0,
delhi_1080p_s0_t503,488,488,16.41,124.1,917.4,181.6,956.7,57.5,39.3,2261,1.46,SMALL,0.397,1,15.8,1018.3,61.2,37.4,0.0,0.0,0.007,0.0,0.664,KA423282,0.536,crnn
delhi_1080p_s0_t470,488,488,16.41,1309.7,750.3,1365.6,777.7,56.0,27.5,1538,2.04,SMALL,0.3,1,193.2,14091.4,156.1,68.2,3.3,0.0,0.026,0.001,0.804,DL11SY4468,0.926,awiros
delhi_1080p_s0_t521,489,489,16.443,1268.0,712.8,1287.8,730.4,19.8,17.6,349,1.12,EXTREMELY_TINY,0.408,1,3.9,1449.9,75.0,60.3,2.67,8.4,0.092,0.0,0.458,,0.0,
delhi_1080p_s0_t470,489,489,16.443,1295.0,751.2,1341.8,780.2,46.7,29.0,1354,1.61,SMALL,0.248,1,102.5,11183.4,154.3,69.5,3.17,0.0,0.014,0.001,0.684,DL11SXL468,0.906,awiros
delhi_1080p_s0_t470,490,490,16.477,1279.7,753.8,1329.8,783.3,50.1,29.5,1481,1.7,SMALL,0.268,1,143.0,12810.5,154.2,69.4,2.66,0.0,0.016,0.002,0.737,UP11S468,0.773,awiros
delhi_1080p_s0_t532,490,490,16.477,1265.3,712.4,1303.5,740.8,38.1,28.4,1083,1.34,VERY_SMALL,0.21,1,49.9,8016.2,104.4,64.0,3.79,0.0,0.054,0.007,0.59,,0.0,
delhi_1080p_s0_t503,491,491,16.51,47.7,862.4,241.2,1005.2,193.6,142.9,27658,1.35,LARGE,0.278,1,311.1,4981.5,46.2,56.3,0.0,0.0,0.435,0.0,0.956,KL77D7060,0.644,crnn
delhi_1080p_s0_t470,491,491,16.51,1264.6,755.6,1314.1,786.0,49.4,30.4,1502,1.63,SMALL,0.251,1,143.3,12822.8,154.5,68.7,2.49,0.0,0.022,0.002,0.738,DL13CA2927,1.0,awiros
delhi_1080p_s0_t470,492,492,16.544,1240.2,755.8,1299.4,788.6,59.2,32.8,1944,1.8,SMALL,0.495,1,240.0,15033.6,149.2,64.5,2.42,0.0,0.034,0.001,0.86,,0.0,
delhi_1080p_s0_t470,493,493,16.578,1229.1,756.7,1284.4,789.7,55.3,33.0,1826,1.68,SMALL,0.404,1,191.3,13721.1,154.2,64.8,2.34,0.0,0.014,0.001,0.807,,0.0,
delhi_1080p_s0_t470,494,494,16.611,1210.1,758.3,1267.4,791.4,57.3,33.0,1892,1.74,SMALL,0.429,1,210.6,13698.2,157.6,61.0,2.17,0.0,0.0,0.001,0.834,CG415306,0.591,crnn
delhi_1080p_s0_t470,495,495,16.645,1195.9,759.6,1254.7,796.3,58.9,36.7,2160,1.61,SMALL,0.406,1,205.2,12931.7,163.9,60.9,2.11,0.0,0.0,0.002,0.837,KA44U1592,0.635,crnn
delhi_1080p_s0_t521,496,496,16.679,1164.1,759.6,1244.3,803.9,80.2,44.3,3553,1.81,MEDIUM,0.277,1,451.8,15002.6,159.9,55.8,1.83,0.0,0.0,0.003,0.984,DL11SY468,0.938,awiros
delhi_1080p_s0_t521,497,497,16.712,1146.0,762.0,1226.2,807.2,80.1,45.1,3617,1.78,MEDIUM,0.499,1,391.8,14284.8,160.6,54.8,2.12,0.0,0.0,0.004,0.981,UP14DM7400,1.0,awiros
delhi_1080p_s0_t470,497,497,16.712,1150.5,764.0,1270.0,816.8,119.6,52.8,6315,2.26,MEDIUM,0.225,1,811.3,18723.4,133.2,65.9,2.78,0.0,0.076,0.002,0.968,GJ21SF426,0.542,crnn
delhi_1080p_s0_t521,498,498,16.746,1128.1,765.3,1205.6,810.6,77.5,45.4,3519,1.71,MEDIUM,0.382,1,368.8,13926.5,161.7,55.4,2.11,0.0,0.0,0.004,0.981,DL11SX468,0.919,awiros
delhi_1080p_s0_t521,499,499,16.779,1106.7,768.4,1181.1,815.0,74.4,46.6,3467,1.6,MEDIUM,0.35,1,368.5,14356.3,159.7,55.5,1.78,0.0,0.0,0.004,0.984,DL11SX68,0.865,awiros
delhi_1080p_s0_t470,500,500,16.813,1098.1,777.5,1157.9,815.7,59.9,38.2,2289,1.57,SMALL,0.267,1,206.1,12732.3,162.0,58.4,1.99,0.0,0.0,0.002,0.847,KL61S0888,0.504,crnn_reader_crnn_v6
delhi_1080p_s0_t512,501,501,16.847,1270.0,722.3,1308.5,741.7,38.5,19.4,746,1.99,VERY_SMALL,0.422,1,39.0,5598.2,80.4,59.8,2.65,0.0,0.064,0.0,0.592,,0.0,
delhi_1080p_s0_t470,501,501,16.847,1074.5,780.3,1137.6,821.4,63.1,41.1,2589,1.54,MEDIUM,0.373,1,217.9,13654.0,157.3,59.6,2.2,0.0,0.017,0.004,0.868,KL41S808,0.567,crnn_reader_crnn_v6
delhi_1080p_s0_t512,502,502,16.88,1254.8,721.9,1306.7,742.2,51.9,20.3,1052,2.56,SMALL,0.76,1,103.0,8929.7,77.9,61.0,3.11,0.0,0.097,0.0,0.7,,0.0,
delhi_1080p_s0_t512,503,503,16.914,1245.7,722.2,1305.2,742.8,59.5,20.6,1223,2.89,SMALL,0.783,0,157.0,11094.0,73.7,62.4,3.18,6.8,0.093,0.0,0.772,,0.0,
delhi_1080p_s0_t512,504,504,16.948,1242.7,722.8,1303.8,743.7,61.1,20.8,1275,2.93,MEDIUM,0.788,0,166.5,10664.2,70.9,61.8,2.6,6.8,0.109,0.0,0.791,,0.0,
delhi_1080p_s0_t470,504,504,16.948,988.1,792.0,1071.2,838.0,83.1,45.9,3818,1.81,MEDIUM,0.422,1,462.4,16907.4,143.2,64.7,2.64,0.0,0.0,0.005,0.976,KL11SX468,0.906,awiros
delhi_1080p_s0_t512,505,505,16.981,1240.6,723.4,1302.2,744.2,61.7,20.8,1283,2.96,MEDIUM,0.787,0,127.6,10143.9,71.9,62.4,2.94,6.8,0.096,0.0,0.757,UP14DM7400,1.0,awiros
delhi_1080p_s0_t470,505,505,16.981,968.1,799.1,1043.2,844.1,75.0,45.0,3379,1.67,MEDIUM,0.236,1,316.5,15843.8,147.6,65.9,2.56,0.0,0.0,0.007,0.976,KL11SX68,0.897,awiros
delhi_1080p_s0_t512,506,506,17.015,1238.5,724.3,1299.7,745.3,61.3,21.0,1286,2.92,MEDIUM,0.788,0,149.8,10687.2,72.5,62.4,2.63,6.9,0.087,0.0,0.779,,0.0,
delhi_1080p_s0_t470,506,506,17.015,933.9,785.4,958.3,819.2,24.5,33.8,827,0.72,VERY_SMALL,0.377,1,7.0,1900.9,83.9,44.5,1.36,0.0,0.0,0.0,0.516,,0.0,
delhi_1080p_s0_t512,507,507,17.048,1236.6,724.7,1298.2,745.8,61.6,21.1,1300,2.92,MEDIUM,0.788,0,136.0,10269.9,71.9,62.4,3.3,7.0,0.095,0.0,0.761,,0.0,
delhi_1080p_s0_t470,507,507,17.048,917.9,811.2,986.8,856.4,69.0,45.2,3118,1.53,MEDIUM,0.221,1,287.5,16860.6,152.2,66.8,2.2,0.0,0.0,0.007,0.953,MH02A0434,0.559,crnn_reader_crnn_v6
delhi_1080p_s0_t512,508,508,17.082,1234.4,725.5,1297.1,746.9,62.7,21.3,1336,2.94,MEDIUM,0.785,0,176.8,11063.2,71.6,63.2,2.92,7.0,0.086,0.0,0.807,,0.0,
delhi_1080p_s0_t521,508,508,17.082,871.6,810.4,964.3,869.7,92.7,59.3,5500,1.56,MEDIUM,0.236,1,699.6,20723.0,138.1,74.0,1.79,0.0,0.068,0.006,0.976,KL11S4468,0.806,awiros
delhi_1080p_s0_t470,508,508,17.082,902.4,871.9,967.3,934.5,64.9,62.6,4060,1.04,MEDIUM,0.205,1,92.5,6912.3,172.3,58.9,3.27,0.0,0.0,0.003,0.764,,0.0,
delhi_1080p_s0_t512,509,509,17.116,1232.1,726.6,1295.3,747.7,63.3,21.1,1336,3.0,MEDIUM,0.782,0,161.9,10821.9,72.1,63.4,3.07,7.0,0.085,0.0,0.793,,0.0,
delhi_1080p_s0_t512,510,510,17.149,1230.2,727.6,1293.2,748.7,63.0,21.1,1329,2.99,MEDIUM,0.783,0,168.1,11350.6,72.9,63.6,3.07,7.1,0.09,0.0,0.798,DL14T9087,0.942,crnn+crnn_reader_crnn_v6
delhi_1080p_s0_t470,510,510,17.149,820.3,821.9,962.5,892.8,142.2,71.0,10095,2.0,LARGE,0.273,1,1270.9,25344.0,127.9,74.9,2.23,0.0,0.076,0.005,0.972,DL1SX4468,0.856,awiros
delhi_1080p_s0_t512,511,511,17.183,1228.2,728.6,1290.9,749.8,62.8,21.2,1330,2.96,MEDIUM,0.787,0,149.8,10822.5,71.9,64.1,3.11,7.1,0.087,0.0,0.782,,0.0,
delhi_1080p_s0_t470,511,511,17.183,771.8,833.4,933.7,899.9,161.9,66.6,10777,2.43,LARGE,0.264,1,1396.9,23721.8,116.2,75.3,2.97,0.0,0.123,0.005,0.961,KA05F429,0.662,crnn_reader_crnn_v6
delhi_1080p_s0_t521,511,511,17.183,761.6,832.9,850.9,893.4,89.3,60.5,5402,1.48,MEDIUM,0.238,1,480.8,19287.5,126.7,76.3,2.41,0.0,0.136,0.009,0.963,MH424665,0.634,crnn
delhi_1080p_s0_t512,512,512,17.217,1226.0,729.8,1288.9,750.8,62.9,21.0,1320,2.99,MEDIUM,0.783,0,179.9,11725.3,71.1,64.4,2.82,7.1,0.102,0.0,0.808,,0.0,
delhi_1080p_s0_t512,513,513,17.25,1224.4,730.3,1287.9,752.0,63.5,21.7,1377,2.93,MEDIUM,0.787,0,163.7,11435.5,69.2,64.1,2.82,7.3,0.114,0.0,0.797,,0.0,
delhi_1080p_s0_t512,514,514,17.284,1224.1,730.4,1287.1,752.5,63.0,22.1,1394,2.85,MEDIUM,0.792,0,164.7,11512.9,69.5,65.9,3.4,7.3,0.117,0.0,0.789,,0.0,
delhi_1080p_s0_t512,515,515,17.317,1223.3,731.0,1287.5,753.2,64.2,22.2,1425,2.89,MEDIUM,0.785,0,202.6,12358.9,74.1,63.5,2.64,0.0,0.078,0.0,0.851,,0.0,
delhi_1080p_s0_t470,515,515,17.317,585.0,871.3,762.8,950.2,177.8,79.0,14043,2.25,LARGE,0.289,1,1348.3,19173.1,121.8,74.2,3.02,0.0,0.042,0.004,0.969,,0.0,
delhi_1080p_s0_t517,515,515,17.317,1260.0,733.7,1287.9,754.2,27.9,20.5,571,1.36,VERY_SMALL,0.285,1,14.5,3667.0,78.4,63.1,2.83,0.0,0.045,0.0,0.522,TN030827,0.543,crnn_reader_crnn_v6
delhi_1080p_s0_t532,515,515,17.317,1060.3,636.0,1115.4,658.7,55.1,22.8,1253,2.42,SMALL,0.228,1,727.2,47506.8,154.5,75.8,2.66,0.0,0.01,0.017,0.885,ML44J7707,0.541,crnn_reader_crnn_v6
delhi_1080p_s0_t512,516,516,17.351,1221.8,731.1,1286.7,752.9,64.9,21.8,1415,2.97,MEDIUM,0.757,0,230.9,13734.4,84.0,67.3,2.03,0.0,0.059,0.0,0.881,DL1LT1087,0.996,awiros
delhi_1080p_s0_t521,516,516,17.351,502.5,885.9,707.4,962.6,204.9,76.8,15731,2.67,LARGE,0.345,0,1327.3,18095.5,109.0,76.0,3.39,0.0,0.14,0.001,0.957,KA45F4229,0.578,crnn_reader_crnn_v6
delhi_1080p_s0_t549,516,516,17.351,856.6,791.2,911.8,839.7,55.2,48.5,2680,1.14,SMALL,0.278,1,67.3,5196.5,81.0,55.9,1.03,0.0,0.053,0.0,0.711,KL27GJ23,0.501,crnn
delhi_1080p_s0_t532,517,517,17.385,1053.7,636.0,1113.8,658.6,60.1,22.5,1355,2.67,MEDIUM,0.627,0,1071.8,57036.9,153.7,76.2,1.78,0.0,0.013,0.015,0.92,KL11JL117,0.684,crnn_reader_crnn_v6
delhi_1080p_s0_t512,517,517,17.385,1219.6,730.5,1276.2,751.5,56.6,21.0,1190,2.69,SMALL,0.445,0,141.8,11861.6,89.7,68.1,0.96,0.0,0.075,0.0,0.776,,0.0,
delhi_1080p_s0_t532,518,518,17.418,1049.1,637.2,1114.2,659.7,65.1,22.6,1469,2.89,MEDIUM,0.399,0,1299.9,59578.9,154.6,75.7,1.59,0.0,0.012,0.015,0.945,,0.0,
delhi_1080p_s0_t532,519,519,17.452,1046.0,637.9,1111.3,660.2,65.2,22.3,1457,2.92,MEDIUM,0.427,0,1323.4,61162.6,152.5,76.2,1.72,0.0,0.013,0.018,0.943,DL01JL17,0.676,crnn_reader_crnn_v6
delhi_1080p_s0_t532,520,520,17.486,1043.9,637.3,1108.4,660.4,64.5,23.1,1489,2.79,MEDIUM,0.405,0,1301.1,59931.2,153.0,75.9,1.63,0.0,0.014,0.01,0.943,KL01JL1171,0.504,crnn_reader_crnn_v6
delhi_1080p_s0_t532,521,521,17.519,1038.2,637.7,1108.9,660.9,70.7,23.2,1640,3.05,MEDIUM,0.363,0,1623.4,62558.5,156.5,74.8,1.82,0.0,0.013,0.014,0.97,DL1LJL1171,0.588,crnn_reader_crnn_v6
delhi_1080p_s0_t532,524,524,17.62,1046.5,673.4,1069.2,688.3,22.7,14.8,336,1.53,VERY_SMALL,0.513,1,22.8,7730.4,106.3,67.6,3.81,3.3,0.114,0.0,0.482,,0.0,
delhi_1080p_s0_t532,525,525,17.654,1020.8,639.0,1099.7,663.5,78.9,24.5,1933,3.22,MEDIUM,0.203,0,2303.9,69706.9,155.3,75.2,1.61,0.0,0.015,0.011,0.981,,0.0,
delhi_1080p_s0_t532,527,527,17.721,1013.8,638.9,1094.7,664.7,80.9,25.7,2083,3.14,MEDIUM,0.608,0,2390.0,69850.9,154.2,74.9,1.38,0.0,0.017,0.008,0.983,KL71L117,0.603,crnn_reader_crnn_v6
delhi_1080p_s0_t521,527,527,17.721,590.1,757.1,630.4,788.3,40.3,31.2,1257,1.29,SMALL,0.377,1,58.8,8079.6,127.4,56.7,1.16,0.0,0.026,0.0,0.633,MH292277,0.606,crnn_reader_crnn_v6
delhi_1080p_s0_t521,528,528,17.755,556.7,753.0,621.1,790.8,64.4,37.8,2436,1.7,MEDIUM,0.735,1,288.0,16318.9,116.8,57.0,1.71,8.7,0.041,0.0,0.919,MH08A0662,0.567,crnn
delhi_1080p_s0_t532,528,528,17.755,1029.9,675.2,1058.7,690.4,28.8,15.3,439,1.89,VERY_SMALL,0.608,1,48.1,11066.7,102.9,68.7,3.23,0.0,0.14,0.0,0.541,,0.0,
delhi_1080p_s0_t521,529,529,17.788,526.0,752.1,611.0,792.5,85.0,40.4,3435,2.1,MEDIUM,0.748,1,637.1,21960.0,115.8,57.5,2.44,7.7,0.041,0.0,0.963,DL13CA2927,1.0,awiros
delhi_1080p_s0_t549,529,529,17.788,580.0,756.6,610.4,793.0,30.4,36.4,1108,0.84,VERY_SMALL,0.545,1,23.1,5401.8,121.0,54.0,1.47,0.0,0.046,0.0,0.552,OD024220,0.537,crnn
delhi_1080p_s0_t532,529,529,17.788,1026.9,676.2,1056.2,690.8,29.3,14.6,428,2.01,VERY_SMALL,0.527,1,46.8,10471.5,104.1,68.8,3.61,0.0,0.133,0.0,0.538,,0.0,
delhi_1080p_s0_t549,530,530,17.822,552.3,754.3,598.9,794.9,46.6,40.6,1890,1.15,SMALL,0.737,1,97.9,10863.8,114.3,57.9,0.86,9.2,0.054,0.0,0.681,HR406626,0.612,crnn
delhi_1080p_s0_t521,530,530,17.822,513.9,752.5,591.0,793.5,77.1,40.9,3155,1.88,MEDIUM,0.702,1,490.9,20308.8,119.0,59.2,2.73,0.0,0.041,0.0,0.973,DL13CA2927,1.0,awiros
delhi_1080p_s0_t532,530,530,17.822,1021.9,675.6,1054.2,691.5,32.4,15.9,516,2.03,VERY_SMALL,0.452,1,73.9,13483.4,102.9,69.3,2.73,0.0,0.154,0.0,0.585,,0.0,
delhi_1080p_s0_t549,531,531,17.855,530.2,758.0,589.1,795.9,58.9,37.9,2234,1.56,SMALL,0.741,1,193.1,14702.0,120.4,55.0,1.72,8.4,0.051,0.0,0.812,GA06AB6620,0.653,crnn
delhi_1080p_s0_t521,531,531,17.855,502.9,754.4,567.0,792.4,64.1,38.0,2433,1.69,MEDIUM,0.622,1,250.0,16031.5,123.3,57.1,2.95,0.0,0.03,0.0,0.888,DL13CA292,0.975,awiros
delhi_1080p_s0_t532,531,531,17.855,992.9,638.3,1085.9,664.8,93.0,26.5,2463,3.51,MEDIUM,0.603,0,3945.7,76645.3,158.3,73.9,1.73,0.0,0.019,0.006,0.981,,0.0,
delhi_1080p_s0_t549,532,532,17.889,511.1,758.7,577.9,798.5,66.8,39.8,2661,1.68,MEDIUM,0.729,1,317.3,17623.3,116.5,56.5,2.03,9.2,0.06,0.0,0.931,DL13CA2927,1.0,awiros
delhi_1080p_s0_t532,532,532,17.889,988.9,638.0,1084.1,665.2,95.2,27.2,2587,3.5,MEDIUM,0.709,0,4300.0,78189.6,142.5,74.8,2.05,0.0,0.048,0.004,0.977,KL41J717,0.595,crnn_reader_crnn_v6
delhi_1080p_s0_t549,533,533,17.923,493.1,758.3,565.5,801.0,72.4,42.6,3088,1.7,MEDIUM,0.75,1,355.1,18404.8,114.0,59.4,2.3,9.8,0.059,0.0,0.959,DL13CA2927,1.0,awiros
delhi_1080p_s0_t532,533,533,17.923,984.9,638.4,1062.7,663.8,77.8,25.4,1977,3.06,MEDIUM,0.664,0,2288.0,67803.1,136.9,73.8,1.58,0.0,0.047,0.002,0.981,KL11LJL707,0.592,crnn_reader_crnn_v6
delhi_1080p_s0_t512,533,533,17.923,1205.5,747.2,1254.8,770.8,49.2,23.7,1167,2.08,SMALL,0.247,1,67.1,6888.8,86.0,59.5,3.11,0.0,0.052,0.0,0.663,,0.0,
delhi_1080p_s0_t521,533,533,17.923,72.1,923.0,282.2,1029.0,210.1,105.9,22255,1.98,LARGE,0.211,1,443.1,6591.3,50.4,35.1,0.96,0.0,0.008,0.0,0.958,,0.0,
delhi_1080p_s0_t549,534,534,17.956,480.0,760.7,552.1,803.1,72.1,42.4,3055,1.7,MEDIUM,0.753,1,344.7,18109.4,114.5,58.9,2.36,9.1,0.063,0.0,0.955,DL13CA2927,1.0,awiros
delhi_1080p_s0_t532,534,534,17.956,1005.9,677.2,1040.7,692.1,34.8,14.9,519,2.33,VERY_SMALL,0.601,1,99.8,15103.9,111.0,64.4,1.99,0.0,0.108,0.0,0.625,,0.0,
delhi_1080p_s0_t512,534,534,17.956,1199.4,745.7,1251.4,771.4,52.0,25.7,1336,2.03,SMALL,0.51,1,75.7,7055.5,79.3,60.9,2.66,0.0,0.095,0.0,0.681,,0.0,
delhi_1080p_s0_t549,535,535,17.99,457.2,761.0,539.5,805.9,82.3,44.9,3698,1.83,MEDIUM,0.787,1,492.2,20239.4,112.0,60.2,2.48,8.2,0.07,0.0,0.959,DL13CA2927,1.0,awiros
delhi_1080p_s0_t512,535,535,17.99,1185.6,746.0,1249.2,770.8,63.6,24.9,1582,2.56,MEDIUM,0.76,1,153.1,9868.2,75.4,59.9,3.17,0.0,0.107,0.0,0.798,DL13CA2927,1.0,awiros
delhi_1080p_s0_t521,535,535,17.99,153.8,925.5,231.8,979.1,78.0,53.5,4174,1.46,MEDIUM,0.455,1,58.4,3381.3,49.4,44.5,0.42,14.7,0.0,0.0,0.769,MH14D6495,0.537,crnn
delhi_1080p_s0_t532,535,535,17.99,977.4,636.3,1014.6,661.1,37.3,24.9,927,1.5,VERY_SMALL,0.3,1,206.7,26192.4,136.0,71.8,3.63,0.0,0.016,0.005,0.723,DL1LT1087,0.996,awiros
delhi_1080p_s0_t549,536,536,18.024,441.1,762.5,526.9,808.2,85.8,45.7,3920,1.88,MEDIUM,0.795,1,587.2,21054.6,113.9,60.3,2.58,0.0,0.071,0.0,0.971,DL13CA2927,1.0,awiros
delhi_1080p_s0_t512,536,536,18.024,1179.3,746.0,1246.2,771.3,66.8,25.3,1692,2.64,MEDIUM,0.776,0,177.2,10043.5,66.8,62.8,2.85,7.6,0.128,0.0,0.822,,0.0,
delhi_1080p_s0_t521,536,536,18.024,95.5,937.0,176.4,994.1,80.9,57.1,4618,1.42,MEDIUM,0.743,1,82.4,3782.7,49.1,45.5,0.26,14.4,0.0,0.0,0.793,MH03HJH1,0.551,awiros
delhi_1080p_s0_t512,537,537,18.057,1175.9,746.6,1244.0,771.3,68.1,24.7,1683,2.76,MEDIUM,0.784,0,167.6,10209.8,67.8,62.3,3.01,7.6,0.118,0.0,0.821,,0.0,
delhi_1080p_s0_t549,537,537,18.057,426.9,764.6,514.3,810.4,87.4,45.8,3997,1.91,MEDIUM,0.764,1,530.7,20401.7,114.7,59.9,2.85,0.0,0.068,0.0,0.969,DL13CA2927,1.0,awiros
delhi_1080p_s0_t512,538,538,18.091,1172.3,746.5,1241.6,771.9,69.4,25.3,1758,2.74,MEDIUM,0.785,0,191.1,10637.7,66.5,63.9,2.61,7.5,0.129,0.0,0.847,,0.0,
delhi_1080p_s0_t549,538,538,18.091,411.4,765.8,501.0,813.1,89.7,47.2,4233,1.9,MEDIUM,0.777,1,560.3,20426.1,114.9,60.5,2.72,0.0,0.071,0.0,0.97,DL13CA2927,0.999,awiros
delhi_1080p_s0_t512,539,539,18.124,1168.1,747.5,1237.8,773.2,69.7,25.7,1788,2.72,MEDIUM,0.782,0,201.9,10946.0,66.8,62.3,2.64,7.5,0.13,0.0,0.859,,0.0,
delhi_1080p_s0_t532,539,539,18.124,975.7,675.9,1022.8,694.3,47.1,18.4,866,2.56,SMALL,0.765,1,273.6,24387.8,110.2,67.6,1.71,0.0,0.089,0.0,0.832,,0.0,
delhi_1080p_s0_t549,539,539,18.124,395.5,767.3,486.9,815.5,91.5,48.2,4411,1.9,MEDIUM,0.761,1,560.4,20358.1,114.6,59.4,2.7,0.0,0.071,0.0,0.97,DL13CA2927,1.0,awiros
delhi_1080p_s0_t512,540,540,18.158,1159.9,749.2,1231.1,775.4,71.2,26.3,1870,2.71,MEDIUM,0.786,0,214.5,10964.8,64.4,62.8,2.5,7.6,0.149,0.0,0.873,DL1LT1087,0.99,awiros
delhi_1080p_s0_t532,540,540,18.158,967.4,677.2,1014.6,696.4,47.3,19.2,907,2.46,SMALL,0.771,1,292.9,24130.7,97.3,71.5,1.37,0.0,0.174,0.0,0.846,DL13CA2927,1.0,awiros
delhi_1080p_s0_t549,540,540,18.158,368.6,770.6,457.5,821.7,88.9,51.1,4544,1.74,MEDIUM,0.744,1,547.0,20170.6,111.0,61.2,2.24,0.0,0.081,0.0,0.973,DL13CA2927,1.0,awiros
delhi_1080p_s0_t512,541,541,18.192,1157.5,749.8,1228.5,776.2,71.0,26.4,1874,2.69,MEDIUM,0.789,0,189.7,11002.2,65.7,65.1,2.58,7.6,0.147,0.0,0.851,,0.0,
delhi_1080p_s0_t532,541,541,18.192,962.4,677.2,1011.1,697.0,48.7,19.8,964,2.46,SMALL,0.782,1,283.2,25027.3,98.0,70.5,1.44,0.0,0.17,0.0,0.842,,0.0,
delhi_1080p_s0_t549,541,541,18.192,349.3,773.4,442.8,823.4,93.5,50.1,4682,1.87,MEDIUM,0.752,1,548.4,20107.7,114.7,61.1,2.91,0.0,0.069,0.0,0.969,DL13CA2927,1.0,awiros
delhi_1080p_s0_t512,542,542,18.225,1155.8,750.0,1225.4,776.8,69.6,26.8,1864,2.6,MEDIUM,0.792,1,182.1,10633.7,65.3,64.1,2.72,7.5,0.149,0.0,0.836,DL13CA2927,1.0,awiros
delhi_1080p_s0_t549,542,542,18.225,341.0,774.2,427.3,825.2,86.3,51.0,4403,1.69,MEDIUM,0.773,1,442.1,18772.3,110.0,59.6,2.68,8.3,0.076,0.0,0.956,DL13CA2927,1.0,awiros
delhi_1080p_s0_t532,542,542,18.225,958.6,678.0,1007.5,696.5,48.8,18.4,901,2.65,SMALL,0.767,0,312.0,25303.3,97.1,73.8,1.79,0.0,0.181,0.0,0.855,UP14DM7400,1.0,awiros
delhi_1080p_s0_t512,543,543,18.259,1151.9,750.7,1223.0,776.9,71.1,26.3,1867,2.71,MEDIUM,0.79,0,189.9,11120.9,65.8,64.7,2.26,7.6,0.141,0.0,0.855,GJ19MHP0358,0.659,crnn
delhi_1080p_s0_t549,543,543,18.259,326.0,776.4,411.3,827.3,85.3,50.8,4338,1.68,MEDIUM,0.782,1,417.8,18454.1,111.2,59.2,2.87,8.4,0.069,0.0,0.955,DL13CA2927,1.0,awiros
delhi_1080p_s0_t532,543,543,18.259,954.0,677.6,1003.6,696.6,49.6,19.0,941,2.62,SMALL,0.763,0,318.5,26277.7,96.7,73.6,1.65,0.0,0.174,0.0,0.857,UP14DM7400,1.0,awiros
delhi_1080p_s0_t512,544,544,18.293,1148.2,751.0,1219.9,777.4,71.7,26.4,1896,2.71,MEDIUM,0.79,0,219.4,11298.6,63.9,63.1,2.27,7.7,0.155,0.0,0.882,DL1LT1087,0.999,awiros
delhi_1080p_s0_t549,544,544,18.293,303.2,778.1,395.6,830.9,92.4,52.8,4874,1.75,MEDIUM,0.782,1,537.2,20013.3,111.8,61.2,2.52,0.0,0.076,0.0,0.971,DL13CA2927,0.999,awiros
delhi_1080p_s0_t532,544,544,18.293,950.1,678.1,999.2,697.0,49.1,18.8,923,2.61,SMALL,0.76,0,325.5,25765.1,95.6,75.8,1.35,0.0,0.177,0.0,0.859,UP14DM7400,1.0,awiros
delhi_1080p_s0_t517,544,544,18.293,812.0,879.0,866.5,942.0,54.5,63.1,3436,0.86,SMALL,0.284,1,20.9,2005.0,41.1,52.8,1.22,0.0,0.364,0.0,0.632,,0.0,
delhi_1080p_s0_t549,545,545,18.326,282.3,781.3,377.7,834.0,95.3,52.7,5029,1.81,MEDIUM,0.793,1,558.5,20179.3,113.6,61.5,3.02,0.0,0.072,0.0,0.968,DL13CA2927,1.0,awiros
delhi_1080p_s0_t512,545,545,18.326,1144.9,751.0,1216.7,777.9,71.8,27.0,1937,2.66,MEDIUM,0.792,0,197.9,11100.8,64.0,62.8,2.83,7.6,0.154,0.0,0.859,DL1LT1087,0.989,awiros
delhi_1080p_s0_t532,545,545,18.326,945.5,677.9,995.0,696.9,49.5,19.0,941,2.61,SMALL,0.781,0,312.3,25037.1,94.0,75.8,1.25,5.1,0.181,0.0,0.851,,0.0,
delhi_1080p_s0_t512,546,546,18.36,1141.4,751.3,1213.8,778.1,72.4,26.8,1939,2.7,MEDIUM,0.789,0,223.1,11643.4,63.4,65.2,2.99,7.6,0.16,0.0,0.882,DL1LT1087,0.99,awiros
delhi_1080p_s0_t549,546,546,18.36,263.7,782.6,361.3,837.0,97.6,54.4,5308,1.79,MEDIUM,0.789,1,613.3,20653.4,113.3,60.9,2.82,0.0,0.077,0.0,0.969,DL13CA2927,1.0,awiros
delhi_1080p_s0_t532,546,546,18.36,941.4,677.9,991.1,697.0,49.7,19.2,952,2.59,SMALL,0.781,1,324.8,25489.7,93.5,74.8,1.22,5.0,0.181,0.0,0.856,UP14DM7400,1.0,awiros
delhi_1080p_s0_t512,547,547,18.393,1138.6,752.6,1210.3,779.0,71.7,26.5,1898,2.71,MEDIUM,0.787,0,214.2,11561.0,63.7,63.1,3.12,7.8,0.158,0.0,0.87,DL1LT1087,0.998,awiros
delhi_1080p_s0_t549,547,547,18.393,244.0,785.0,342.0,840.0,98.0,55.0,5392,1.78,MEDIUM,0.784,1,620.0,20995.7,113.7,61.3,2.75,0.0,0.069,0.0,0.97,DL13CA2927,1.0,awiros
delhi_1080p_s0_t532,547,547,18.393,936.4,678.6,986.4,697.5,50.0,19.0,950,2.63,SMALL,0.775,0,328.9,25922.4,92.4,76.5,1.17,5.5,0.198,0.0,0.854,,0.0,
delhi_1080p_s0_t512,548,548,18.427,1134.5,753.8,1206.0,780.6,71.5,26.8,1916,2.67,MEDIUM,0.786,0,230.9,11722.6,64.2,63.8,2.79,7.9,0.143,0.0,0.888,DL1LT1087,0.997,awiros
delhi_1080p_s0_t532,548,548,18.427,931.2,679.3,981.7,698.3,50.5,19.0,961,2.65,SMALL,0.776,0,348.0,26117.3,91.4,76.3,1.12,5.0,0.2,0.0,0.855,,0.0,
delhi_1080p_s0_t549,548,548,18.427,235.3,785.1,288.8,835.0,53.5,49.9,2673,1.07,SMALL,0.411,1,105.8,10933.5,111.6,61.1,1.24,0.0,0.042,0.0,0.735,UP14DM7400,1.0,awiros
delhi_1080p_s0_t512,549,549,18.461,1130.1,754.7,1201.9,781.7,71.8,27.0,1942,2.66,MEDIUM,0.786,0,199.2,11046.8,63.5,64.2,2.74,8.1,0.157,0.0,0.86,DL1LT1087,0.998,awiros
delhi_1080p_s0_t532,549,549,18.461,925.5,679.5,976.6,699.2,51.1,19.7,1008,2.59,SMALL,0.77,1,336.4,26186.6,91.1,75.7,1.48,5.6,0.197,0.0,0.855,UP14DM7400,1.0,awiros
delhi_1080p_s0_t549,549,549,18.461,233.2,798.3,300.4,847.5,67.3,49.2,3312,1.37,MEDIUM,0.75,1,183.5,13174.4,112.4,61.0,1.28,9.0,0.048,0.0,0.846,HR26CC2083,1.0,awiros
delhi_1080p_s0_t549,550,550,18.494,181.4,793.9,279.5,852.0,98.0,58.1,5697,1.69,MEDIUM,0.791,1,642.8,20211.1,119.2,61.6,2.28,0.0,0.022,0.0,0.979,DL13CA2927,1.0,awiros
delhi_1080p_s0_t512,550,550,18.494,1126.1,755.3,1198.3,782.8,72.1,27.6,1987,2.62,MEDIUM,0.79,0,205.7,11307.0,63.7,64.7,2.67,8.0,0.156,0.0,0.866,DL1LT1087,0.999,awiros
delhi_1080p_s0_t532,550,550,18.494,920.2,679.9,971.8,699.7,51.5,19.8,1022,2.6,SMALL,0.777,1,352.0,27211.5,92.9,74.7,1.8,6.1,0.192,0.0,0.852,,0.0,
delhi_1080p_s0_t569,550,550,18.494,906.1,638.3,1014.0,669.8,107.9,31.5,3396,3.43,MEDIUM,0.308,0,3477.4,63646.8,154.4,72.6,1.32,0.0,0.022,0.007,0.984,,0.0,
delhi_1080p_s0_t512,551,551,18.528,1121.4,756.0,1193.9,783.4,72.5,27.4,1989,2.64,MEDIUM,0.79,0,219.8,11541.8,63.7,63.3,2.34,8.1,0.151,0.0,0.885,DL1LT1087,0.98,awiros
delhi_1080p_s0_t549,551,551,18.528,158.4,796.3,253.7,851.8,95.3,55.4,5281,1.72,MEDIUM,0.78,1,563.7,19055.8,123.6,58.9,2.56,0.0,0.007,0.0,0.978,DL13CA2927,1.0,awiros
delhi_1080p_s0_t532,551,551,18.528,915.2,680.0,966.5,700.3,51.2,20.3,1040,2.53,SMALL,0.775,1,357.4,27313.9,91.4,75.9,1.59,6.5,0.189,0.0,0.853,,0.0,
delhi_1080p_s0_t569,551,551,18.528,900.5,638.8,1009.5,668.7,109.0,29.9,3253,3.65,MEDIUM,0.315,0,3592.8,64642.1,153.8,72.1,1.67,0.0,0.018,0.008,0.981,,0.0,
delhi_1080p_s0_t512,552,552,18.562,1117.3,757.0,1189.9,784.2,72.7,27.3,1981,2.67,MEDIUM,0.79,0,230.5,11706.0,63.8,63.4,2.75,8.4,0.151,0.0,0.89,DL1LT1087,0.994,awiros
delhi_1080p_s0_t532,552,552,18.562,909.8,680.8,961.6,701.1,51.8,20.4,1055,2.55,SMALL,0.777,1,408.3,27966.0,90.6,75.0,1.44,5.9,0.203,0.0,0.858,UP14DM7400,1.0,awiros
delhi_1080p_s0_t569,552,552,18.562,895.6,638.1,1003.2,669.5,107.6,31.4,3383,3.42,MEDIUM,0.437,0,3632.3,64088.4,155.1,72.9,1.43,0.0,0.02,0.007,0.983,KL077778,0.6,crnn_reader_crnn_v6
delhi_1080p_s0_t480,552,552,18.562,1432.7,803.2,1497.4,820.9,64.7,17.7,1142,3.66,MEDIUM,0.305,0,178.3,14516.7,61.9,74.4,3.05,0.0,0.213,0.0,0.817,DL5AA6810,0.652,crnn
delhi_1080p_s0_t512,553,553,18.595,1113.8,758.1,1185.9,785.2,72.1,27.1,1958,2.66,MEDIUM,0.789,0,203.7,11443.1,65.4,63.3,3.15,8.1,0.143,0.0,0.862,DL1LT1087,0.994,awiros
delhi_1080p_s0_t532,553,553,18.595,905.1,681.1,956.8,701.8,51.7,20.7,1071,2.49,SMALL,0.777,1,411.7,28771.3,92.2,75.3,1.44,6.1,0.185,0.0,0.863,UP14DM7400,1.0,awiros
delhi_1080p_s0_t512,554,554,18.629,1109.4,758.7,1182.4,786.8,73.1,28.1,2053,2.6,MEDIUM,0.79,1,210.6,11277.7,62.8,64.5,2.87,8.1,0.169,0.0,0.871,DL1LT1087,0.994,awiros
delhi_1080p_s0_t532,554,554,18.629,899.0,681.6,952.5,703.1,53.6,21.6,1156,2.48,SMALL,0.78,1,407.9,27524.6,89.7,74.7,2.13,6.1,0.194,0.0,0.86,UP14DM7400,1.0,awiros
delhi_1080p_s0_t569,554,554,18.629,884.5,638.1,995.1,672.1,110.6,34.1,3769,3.25,MEDIUM,0.608,0,3563.8,64724.2,156.0,73.5,1.02,0.0,0.023,0.008,0.986,,0.0,
delhi_1080p_s0_t480,554,554,18.629,1407.9,809.5,1476.0,828.0,68.0,18.5,1256,3.68,MEDIUM,0.579,0,203.8,14921.8,64.8,69.3,3.48,0.0,0.191,0.0,0.852,DL5CAE5109,0.915,awiros
delhi_1080p_s0_t512,555,555,18.662,1104.8,759.6,1178.0,788.0,73.2,28.4,2082,2.57,MEDIUM,0.789,1,201.8,11085.2,62.5,64.5,2.73,8.4,0.171,0.0,0.864,DL1LT1087,0.999,awiros
delhi_1080p_s0_t532,555,555,18.662,894.0,682.5,946.9,703.8,52.9,21.3,1126,2.48,SMALL,0.78,1,384.6,27131.7,89.7,74.1,1.96,6.0,0.192,0.0,0.862,UP14DM7400,1.0,awiros
delhi_1080p_s0_t569,555,555,18.662,879.6,638.7,989.8,672.1,110.2,33.4,3684,3.3,MEDIUM,0.525,0,3571.5,64199.1,156.7,72.0,1.03,0.0,0.021,0.008,0.986,,0.0,
delhi_1080p_s0_t480,555,555,18.662,1393.6,812.7,1464.3,832.5,70.7,19.7,1395,3.58,MEDIUM,0.459,0,174.3,13501.1,64.8,70.6,3.03,0.0,0.188,0.0,0.84,DL5AB5109,0.917,awiros
delhi_1080p_s0_t512,556,556,18.696,1099.3,760.6,1173.2,789.7,73.9,29.1,2149,2.54,MEDIUM,0.787,1,235.7,11549.1,62.1,64.2,2.59,8.4,0.177,0.0,0.893,DL1LT1087,0.993,awiros
delhi_1080p_s0_t532,556,556,18.696,887.6,683.5,940.7,704.7,53.1,21.2,1125,2.5,SMALL,0.78,1,443.7,29079.5,91.8,76.5,1.51,6.0,0.19,0.0,0.866,UP14DM7400,1.0,awiros
delhi_1080p_s0_t480,556,556,18.696,1380.7,817.2,1451.4,837.2,70.7,20.1,1418,3.53,MEDIUM,0.557,0,221.3,15146.8,64.0,74.1,3.38,0.0,0.215,0.0,0.873,DL1AAG3109,0.595,crnn
delhi_1080p_s0_t512,557,557,18.73,1094.4,761.4,1168.7,790.3,74.3,28.8,2144,2.58,MEDIUM,0.785,1,210.2,11255.6,62.8,64.4,2.87,8.5,0.168,0.0,0.87,DL1LT1087,0.976,awiros
delhi_1080p_s0_t532,557,557,18.73,881.3,684.0,934.7,705.0,53.4,21.0,1120,2.54,SMALL,0.774,1,419.2,28002.8,90.4,75.9,2.22,6.1,0.189,0.0,0.864,UP14DM7400,1.0,awiros
delhi_1080p_s0_t480,557,557,18.73,1367.5,819.9,1438.4,840.6,70.9,20.6,1463,3.43,MEDIUM,0.491,0,180.6,13557.9,69.5,66.7,3.24,0.0,0.195,0.0,0.846,DL2AE3109,0.632,crnn
delhi_1080p_s0_t512,558,558,18.763,1090.1,761.7,1164.8,791.3,74.6,29.6,2209,2.52,MEDIUM,0.782,1,214.4,11149.4,62.2,64.3,3.02,8.5,0.174,0.0,0.872,DL1LT1087,0.999,awiros
delhi_1080p_s0_t532,558,558,18.763,876.7,683.9,930.2,705.4,53.4,21.5,1150,2.48,SMALL,0.78,1,414.2,27974.2,90.9,74.7,2.24,5.9,0.188,0.0,0.86,UP14DM7400,1.0,awiros
delhi_1080p_s0_t480,558,558,18.763,1353.3,823.7,1425.7,845.1,72.4,21.5,1556,3.37,MEDIUM,0.566,0,213.5,13738.1,69.9,66.9,3.79,0.0,0.205,0.0,0.876,DL2AK3109,0.761,crnn
delhi_1080p_s0_t512,559,559,18.797,1085.6,761.9,1160.4,791.9,74.9,30.0,2247,2.49,MEDIUM,0.783,1,210.8,10949.3,61.4,63.2,2.72,8.4,0.179,0.0,0.871,DL1LT1087,0.998,awiros
delhi_1080p_s0_t532,559,559,18.797,871.5,683.4,925.3,705.7,53.9,22.3,1201,2.42,SMALL,0.779,1,419.8,28123.4,89.0,75.1,2.55,6.6,0.193,0.0,0.86,UP14DM7400,1.0,awiros
delhi_1080p_s0_t480,559,559,18.797,1337.4,826.8,1412.1,848.7,74.7,21.9,1638,3.4,MEDIUM,0.615,0,237.0,14229.0,71.0,68.1,3.44,0.0,0.199,0.0,0.899,DL0AM6319,0.611,crnn
delhi_1080p_s0_t512,560,560,18.831,1080.5,763.3,1154.9,793.3,74.4,30.0,2232,2.48,MEDIUM,0.78,1,235.6,11328.8,61.5,64.4,2.62,8.5,0.18,0.0,0.892,DL1LT1087,0.975,awiros
delhi_1080p_s0_t532,560,560,18.831,865.4,684.2,919.4,706.1,53.9,21.9,1181,2.46,SMALL,0.774,1,463.2,29062.7,90.0,75.7,1.93,6.4,0.191,0.0,0.866,UP14DM7400,1.0,awiros
delhi_1080p_s0_t480,560,560,18.831,1320.7,831.1,1397.0,854.1,76.3,23.0,1752,3.32,MEDIUM,0.664,0,282.6,14778.6,72.5,68.6,3.3,0.0,0.195,0.0,0.939,HR26CC2083,1.0,awiros
delhi_1080p_s0_t512,561,561,18.864,1074.9,764.5,1149.4,795.0,74.5,30.5,2272,2.44,MEDIUM,0.779,1,217.7,11202.7,60.9,64.5,2.94,8.7,0.187,0.0,0.874,DL1LT1087,0.998,awiros
delhi_1080p_s0_t569,561,561,18.864,859.1,685.0,913.4,707.6,54.3,22.7,1230,2.4,SMALL,0.778,1,422.0,27898.5,88.7,74.0,2.41,6.5,0.188,0.0,0.862,UP14DM7400,1.0,awiros
delhi_1080p_s0_t480,561,561,18.864,1304.2,837.0,1381.4,860.5,77.2,23.5,1815,3.29,MEDIUM,0.693,0,249.7,14602.3,74.2,66.0,3.51,0.0,0.192,0.0,0.91,DL0AKB3109,0.597,crnn
delhi_1080p_s0_t512,562,562,18.898,1069.9,765.6,1145.6,797.0,75.7,31.4,2380,2.41,MEDIUM,0.783,1,222.7,10899.2,60.3,63.7,2.58,8.7,0.192,0.0,0.88,DL1LT1087,0.993,awiros
delhi_1080p_s0_t532,562,562,18.898,854.0,685.9,908.5,708.7,54.4,22.8,1241,2.39,SMALL,0.779,1,451.1,28758.7,89.2,74.3,2.5,6.5,0.195,0.0,0.864,UP14DM7400,1.0,awiros
delhi_1080p_s0_t480,562,562,18.898,1285.8,842.5,1365.1,866.8,79.2,24.3,1929,3.25,MEDIUM,0.699,0,295.2,15084.1,75.4,69.2,3.68,0.0,0.195,0.0,0.946,DL7ARC3199,0.704,crnn_reader_crnn_v6
delhi_1080p_s0_t512,563,563,18.931,1060.3,766.9,1136.2,798.4,75.8,31.4,2384,2.41,MEDIUM,0.787,1,208.9,10840.3,61.2,63.5,2.87,9.0,0.179,0.0,0.867,DL1LT1087,0.993,awiros
delhi_1080p_s0_t532,563,563,18.931,844.0,686.8,898.3,709.2,54.3,22.4,1217,2.42,SMALL,0.777,1,459.6,28971.8,90.3,76.0,2.3,6.1,0.191,0.0,0.863,UP14DM7400,1.0,awiros
delhi_1080p_s0_t480,563,563,18.931,1257.9,854.6,1329.5,878.8,71.6,24.3,1736,2.95,MEDIUM,0.599,0,262.0,15029.0,75.3,67.5,3.48,0.0,0.201,0.0,0.915,DL4FAR5109,0.683,crnn_reader_crnn_v6
delhi_1080p_s0_t512,564,564,18.965,1055.2,767.3,1131.7,799.0,76.5,31.7,2424,2.41,MEDIUM,0.788,1,251.6,11470.2,60.8,64.2,2.53,8.9,0.189,0.0,0.905,DL1LT1087,0.999,awiros
delhi_1080p_s0_t532,564,564,18.965,838.5,686.5,893.6,709.6,55.1,23.1,1271,2.39,SMALL,0.783,1,515.1,30417.8,88.9,74.6,2.42,6.9,0.194,0.0,0.868,UP14DM7400,1.0,awiros
delhi_1080p_s0_t480,564,564,18.965,1229.0,859.8,1310.7,885.2,81.7,25.3,2067,3.23,MEDIUM,0.544,0,416.4,16906.7,79.7,68.0,3.33,0.0,0.184,0.0,0.954,DL1ARC3109,0.727,crnn
delhi_1080p_s0_t512,565,565,18.999,1049.7,768.5,1127.1,800.0,77.4,31.5,2438,2.46,MEDIUM,0.797,1,231.7,11144.4,61.2,63.7,2.55,8.9,0.19,0.0,0.888,DL1LT1087,1.0,awiros
delhi_1080p_s0_t569,565,565,18.999,833.6,686.7,888.3,710.3,54.7,23.6,1289,2.32,SMALL,0.788,1,443.1,29039.2,88.3,76.3,2.88,7.1,0.201,0.0,0.856,UP14DM7400,0.966,awiros
delhi_1080p_s0_t480,565,565,18.999,1222.2,867.3,1289.0,891.3,66.8,24.0,1603,2.79,MEDIUM,0.537,0,219.4,14074.4,74.6,70.1,3.64,0.0,0.187,0.0,0.857,AP48C5109,0.89,crnn_reader_crnn_v6
delhi_1080p_s0_t512,566,566,19.032,1044.1,770.3,1120.9,801.1,76.8,30.9,2370,2.49,MEDIUM,0.785,1,244.0,11548.8,62.5,63.8,2.85,8.9,0.175,0.0,0.897,DL1LT1087,0.999,awiros
delhi_1080p_s0_t569,566,566,19.032,827.4,687.5,883.0,710.2,55.5,22.7,1260,2.45,SMALL,0.783,1,515.3,31031.3,91.7,74.7,2.55,6.9,0.184,0.0,0.868,UP14DM7400,1.0,awiros
delhi_1080p_s0_t480,566,566,19.032,1181.5,871.6,1266.9,898.8,85.5,27.3,2330,3.13,MEDIUM,0.651,0,407.0,15182.7,83.8,65.6,2.62,0.0,0.17,0.0,0.961,DL5SAR5109,0.983,awiros
delhi_1080p_s0_t569,567,567,19.066,822.3,688.3,877.1,710.7,54.8,22.4,1229,2.44,SMALL,0.787,1,482.0,30132.0,90.6,73.0,2.41,6.5,0.186,0.0,0.866,UP14DM7400,0.997,awiros
delhi_1080p_s0_t512,567,567,19.066,1037.7,771.3,1116.0,803.0,78.3,31.7,2483,2.47,MEDIUM,0.782,1,233.4,11201.7,62.2,63.0,2.95,9.0,0.177,0.0,0.887,DL1LT1087,0.997,awiros
delhi_1080p_s0_t480,567,567,19.066,1154.2,879.3,1242.1,907.4,87.9,28.1,2472,3.13,MEDIUM,0.66,0,438.5,15520.6,87.3,67.7,2.66,0.0,0.163,0.0,0.962,DL5SAR5109,0.959,awiros
delhi_1080p_s0_t532,568,568,19.1,816.4,688.4,871.9,712.4,55.6,24.0,1334,2.31,SMALL,0.781,1,516.9,30170.4,88.1,74.5,2.27,6.9,0.202,0.0,0.869,UP14DM7400,1.0,awiros
delhi_1080p_s0_t512,568,568,19.1,1031.4,772.6,1109.9,804.3,78.5,31.7,2486,2.48,MEDIUM,0.781,1,265.4,11619.5,61.5,63.6,2.64,9.0,0.181,0.0,0.916,DL1LT1087,0.998,awiros
delhi_1080p_s0_t480,568,568,19.1,1124.9,885.7,1214.9,916.0,90.1,30.3,2727,2.98,MEDIUM,0.678,0,520.3,16198.5,89.4,63.5,2.21,0.0,0.155,0.0,0.966,GA10H5571,0.545,crnn_reader_crnn_v6
delhi_1080p_s0_t569,568,568,19.1,801.9,642.7,898.9,677.6,96.9,34.9,3384,2.78,MEDIUM,0.222,0,4339.8,83562.9,150.4,73.3,1.84,0.0,0.023,0.006,0.98,,0.0,
delhi_1080p_s0_t532,569,569,19.133,810.4,688.3,866.4,712.5,56.1,24.2,1355,2.32,SMALL,0.779,1,503.1,29886.0,88.5,75.1,2.57,6.9,0.196,0.0,0.871,UP14DM7400,0.999,awiros
delhi_1080p_s0_t512,569,569,19.133,1024.8,773.7,1103.7,804.8,78.9,31.1,2450,2.54,MEDIUM,0.778,1,295.9,12986.5,64.8,64.7,3.14,8.9,0.154,0.0,0.94,DL1LT1087,1.0,awiros
delhi_1080p_s0_t480,569,569,19.133,1095.4,895.6,1187.3,924.7,91.9,29.1,2679,3.15,MEDIUM,0.633,0,518.4,16742.2,90.0,65.8,2.58,0.0,0.153,0.0,0.963,DL5ARE3109,0.722,crnn_reader_crnn_v6
delhi_1080p_s0_t569,569,569,19.133,796.2,640.9,890.0,677.7,93.8,36.9,3460,2.54,MEDIUM,0.379,1,3633.6,78537.0,151.5,73.9,1.96,0.0,0.022,0.005,0.979,ML42A7700,0.514,crnn_reader_crnn_v6
delhi_1080p_s0_t532,570,570,19.167,804.0,688.4,860.7,712.8,56.7,24.4,1382,2.32,SMALL,0.774,1,530.0,30784.7,89.0,75.1,2.48,7.1,0.202,0.0,0.871,UP14DM7400,1.0,awiros
delhi_1080p_s0_t512,570,570,19.167,1018.9,774.3,1083.1,803.9,64.3,29.5,1897,2.18,MEDIUM,0.768,1,130.5,8647.2,69.4,61.9,3.3,9.5,0.117,0.0,0.761,,0.0,
delhi_1080p_s0_t480,570,570,19.167,1061.8,904.1,1156.1,935.9,94.3,31.8,3001,2.96,MEDIUM,0.708,0,575.6,17366.8,92.2,66.4,2.1,0.0,0.148,0.0,0.968,DL5SAR5109,0.932,awiros
delhi_1080p_s0_t569,570,570,19.167,789.9,641.7,882.0,678.5,92.1,36.8,3385,2.51,MEDIUM,0.507,1,3560.8,79902.7,148.7,72.8,2.17,0.0,0.028,0.006,0.977,OD02ADL0000,0.572,crnn
delhi_1080p_s0_t532,571,571,19.201,797.3,688.7,854.6,713.3,57.3,24.5,1406,2.34,SMALL,0.778,1,521.2,30828.3,88.6,74.7,2.37,7.1,0.194,0.0,0.876,UP14DM7400,1.0,awiros
delhi_1080p_s0_t512,571,571,19.201,1011.8,777.2,1085.3,801.9,73.4,24.7,1814,2.97,MEDIUM,0.739,0,243.8,13088.2,80.0,59.0,3.5,0.0,0.054,0.0,0.918,DL1LT7598,0.57,crnn
delhi_1080p_s0_t480,571,571,19.201,1030.4,916.5,1123.2,947.8,92.7,31.3,2906,2.96,MEDIUM,0.726,0,549.5,18126.4,92.7,65.4,2.86,0.0,0.138,0.0,0.962,DL5ZRC5109,0.771,crnn_reader_crnn_v6
delhi_1080p_s0_t569,571,571,19.201,782.8,640.9,873.0,678.3,90.2,37.4,3370,2.41,MEDIUM,0.532,1,3053.1,75304.2,150.1,73.6,2.29,0.0,0.024,0.006,0.976,OD24DL0001,0.528,crnn
delhi_1080p_s0_t532,572,572,19.234,790.6,689.6,848.4,714.0,57.9,24.4,1413,2.37,SMALL,0.767,1,576.3,30668.7,87.5,74.6,2.46,6.6,0.197,0.0,0.88,HR26CC2083,1.0,awiros
delhi_1080p_s0_t480,572,572,19.234,996.0,927.9,1085.8,958.6,89.8,30.7,2756,2.93,MEDIUM,0.626,0,563.1,18864.6,94.4,65.7,2.89,0.0,0.125,0.0,0.963,DL5SAR5109,0.92,awiros
delhi_1080p_s0_t512,572,572,19.234,1004.1,778.8,1043.9,801.9,39.8,23.1,921,1.72,VERY_SMALL,0.557,1,41.1,5686.8,81.1,63.5,3.85,0.0,0.035,0.0,0.591,CG017201,0.563,crnn
delhi_1080p_s0_t569,572,572,19.234,775.2,640.6,868.0,678.3,92.8,37.7,3498,2.46,MEDIUM,0.45,1,3495.7,76861.5,150.5,73.4,2.19,0.0,0.024,0.007,0.977,OD24DL0000,0.56,crnn
delhi_1080p_s0_t569,573,573,19.268,784.9,689.7,841.3,713.3,56.4,23.7,1334,2.38,SMALL,0.753,1,532.7,30823.2,90.5,74.7,2.47,7.1,0.185,0.0,0.872,UP14DM7400,1.0,awiros
delhi_1080p_s0_t480,573,573,19.268,948.6,937.7,1046.8,971.2,98.2,33.4,3284,2.94,MEDIUM,0.63,0,616.6,18066.9,97.5,62.6,2.8,0.0,0.112,0.0,0.965,DL5SAR5109,0.996,awiros
delhi_1080p_s0_t569,574,574,19.301,777.4,689.8,835.2,713.4,57.8,23.5,1360,2.45,SMALL,0.753,1,570.8,31497.3,90.9,72.0,2.72,7.0,0.179,0.0,0.879,UP14DM7400,1.0,awiros
delhi_1080p_s0_t480,574,574,19.301,908.6,951.0,1003.8,985.5,95.2,34.5,3282,2.76,MEDIUM,0.745,0,554.2,18015.3,98.8,64.1,2.82,0.0,0.096,0.0,0.967,DL5SAR5109,0.974,awiros
delhi_1080p_s0_t532,575,575,19.335,771.6,690.3,828.7,713.9,57.1,23.6,1345,2.42,SMALL,0.774,1,577.5,30753.2,90.7,74.5,2.55,6.0,0.177,0.0,0.878,UP78FH3291,0.768,crnn
delhi_1080p_s0_t480,575,575,19.335,868.9,965.3,956.2,1000.4,87.3,35.2,3068,2.48,MEDIUM,0.681,1,405.0,16630.0,99.8,66.2,2.4,0.0,0.078,0.0,0.972,DL5ARB5109,0.898,crnn
delhi_1080p_s0_t569,575,575,19.335,754.6,640.2,834.0,676.5,79.3,36.2,2874,2.19,MEDIUM,0.611,1,2152.7,66541.5,149.6,71.6,2.15,0.0,0.02,0.008,0.977,DL3CCN5712,0.997,awiros
delhi_1080p_s0_t480,576,576,19.369,822.0,978.3,904.1,1015.0,82.1,36.7,3010,2.24,MEDIUM,0.78,1,318.7,14454.9,97.6,64.6,2.2,0.0,0.081,0.0,0.974,TS55AR0511,0.76,crnn
delhi_1080p_s0_t532,576,576,19.369,764.3,690.0,821.8,713.8,57.5,23.9,1373,2.41,SMALL,0.771,1,580.1,30863.2,90.8,74.7,2.63,6.1,0.181,0.0,0.877,UP14DM7400,1.0,awiros
delhi_1080p_s0_t569,576,576,19.369,747.6,640.1,823.4,675.7,75.8,35.6,2702,2.13,MEDIUM,0.591,1,2069.1,66081.3,149.7,71.9,2.13,0.0,0.02,0.009,0.977,CG017201,0.563,crnn
delhi_1080p_s0_t532,577,577,19.402,756.4,690.9,814.2,715.2,57.8,24.4,1409,2.37,SMALL,0.782,1,538.2,29628.5,89.4,74.6,2.66,6.6,0.179,0.0,0.88,UP14DM7400,1.0,awiros
delhi_1080p_s0_t480,577,577,19.402,779.4,996.1,847.3,1034.6,67.9,38.4,2610,1.77,MEDIUM,0.782,1,130.3,9946.2,94.8,63.9,2.6,0.0,0.088,0.0,0.805,PB125510,0.597,crnn_reader_crnn_v6
delhi_1080p_s0_t569,577,577,19.402,741.8,640.8,811.9,674.0,70.0,33.3,2330,2.1,MEDIUM,0.297,1,1600.4,61806.4,150.8,72.4,2.48,0.0,0.012,0.01,0.962,KL14TC7771,0.619,crnn_reader_crnn_v6
delhi_1080p_s0_t532,578,578,19.436,748.6,691.2,806.4,716.1,57.8,24.9,1436,2.32,SMALL,0.767,1,553.0,29823.9,89.2,75.4,2.5,6.1,0.183,0.0,0.881,DL8CAP4175,0.999,awiros
delhi_1080p_s0_t569,578,578,19.436,735.5,640.4,802.0,675.8,66.5,35.4,2355,1.88,MEDIUM,0.677,1,1307.0,55606.4,151.5,72.9,2.46,0.0,0.016,0.008,0.944,MP040077,0.579,crnn_reader_crnn_v6
delhi_1080p_s0_t480,578,578,19.436,737.0,1010.6,784.4,1054.2,47.4,43.6,2066,1.09,SMALL,0.487,1,36.4,5124.6,88.1,69.3,1.84,0.0,0.134,0.0,0.632,MH04S7097,0.6,crnn_reader_crnn_v6
delhi_1080p_s0_t532,579,579,19.47,741.1,692.1,798.5,716.7,57.4,24.7,1414,2.33,SMALL,0.773,1,532.2,29873.4,90.7,73.8,2.6,6.6,0.183,0.0,0.876,UP14DM7400,1.0,awiros
delhi_1080p_s0_t569,579,579,19.47,726.6,640.1,791.0,677.4,64.4,37.2,2397,1.73,MEDIUM,0.564,1,1124.6,51970.7,151.3,72.0,2.19,0.0,0.021,0.009,0.938,KL17L7072,0.587,crnn_reader_crnn_v6
delhi_1080p_s0_t480,579,579,19.47,829.8,976.4,867.4,1005.7,37.7,29.4,1106,1.28,VERY_SMALL,0.522,1,5.5,1057.8,44.6,47.5,1.74,0.0,0.214,0.0,0.549,KL11SX68,0.897,awiros
delhi_1080p_s0_t532,580,580,19.503,732.6,691.5,790.6,716.9,58.1,25.4,1473,2.29,SMALL,0.795,1,548.6,29465.5,88.4,75.0,2.83,6.4,0.188,0.0,0.878,UP14DM7400,1.0,awiros
delhi_1080p_s0_t480,580,580,19.503,764.7,993.1,806.5,1024.6,41.8,31.4,1315,1.33,SMALL,0.588,1,8.6,1347.0,45.1,46.9,1.21,0.0,0.224,0.0,0.579,,0.0,
delhi_1080p_s0_t532,581,581,19.537,723.7,691.8,782.0,716.3,58.3,24.5,1431,2.38,SMALL,0.783,1,567.5,29365.0,91.5,72.4,2.84,6.2,0.166,0.0,0.884,UP14DM7400,1.0,awiros
delhi_1080p_s0_t480,581,581,19.537,695.1,1010.5,740.6,1046.3,45.6,35.8,1633,1.27,SMALL,0.378,1,9.2,1451.8,46.1,47.5,1.43,0.0,0.21,0.0,0.598,,0.0,
delhi_1080p_s0_t512,582,582,19.57,910.8,789.2,993.0,825.8,82.2,36.5,3000,2.25,MEDIUM,0.758,1,258.1,10273.2,70.2,61.0,2.92,9.9,0.086,0.0,0.916,DL1LT1087,1.0,awiros
delhi_1080p_s0_t480,582,582,19.57,612.0,1033.6,666.7,1070.0,54.7,36.4,1992,1.5,SMALL,0.28,1,15.7,1857.8,46.2,46.9,0.78,0.0,0.218,0.0,0.65,,0.0,
delhi_1080p_s0_t512,583,583,19.604,895.1,790.7,980.8,829.8,85.8,39.1,3352,2.19,MEDIUM,0.755,1,258.0,10071.7,62.3,63.2,3.05,9.9,0.198,0.0,0.903,DL1LT1087,1.0,awiros
delhi_1080p_s0_t512,584,584,19.638,883.2,793.4,969.2,832.5,86.0,39.2,3368,2.2,MEDIUM,0.761,1,292.4,10452.7,62.8,63.0,2.8,10.1,0.193,0.0,0.934,DL1LT1087,1.0,awiros
delhi_1080p_s0_t532,584,584,19.638,708.0,695.5,757.6,719.4,49.6,23.9,1187,2.07,SMALL,0.741,1,260.5,19581.1,98.0,66.7,3.08,0.0,0.037,0.0,0.826,,0.0,
delhi_1080p_s0_t590,584,584,19.638,191.7,1004.8,319.5,1077.4,127.8,72.6,9271,1.76,LARGE,0.242,1,274.4,11796.0,67.7,62.9,2.59,0.0,0.242,0.0,0.933,,0.0,
delhi_1080p_s0_t532,585,585,19.671,689.9,695.4,749.1,721.1,59.2,25.7,1520,2.3,SMALL,0.797,1,502.1,26769.0,93.7,70.4,2.89,6.6,0.07,0.0,0.896,UP14DM7400,1.0,awiros
delhi_1080p_s0_t512,585,585,19.671,870.2,795.2,956.3,835.5,86.2,40.3,3473,2.14,MEDIUM,0.767,1,264.6,10277.8,62.8,64.7,3.41,10.1,0.194,0.0,0.906,DL1LT1087,1.0,awiros
delhi_1080p_s0_t532,586,586,19.705,679.9,696.2,740.1,722.7,60.2,26.5,1596,2.27,MEDIUM,0.79,1,526.1,27036.5,92.3,71.1,2.9,6.6,0.072,0.0,0.9,UP14DM7400,1.0,awiros
delhi_1080p_s0_t512,586,586,19.705,857.2,798.9,943.5,838.7,86.3,39.7,3431,2.17,MEDIUM,0.765,1,286.1,10774.8,63.8,63.5,3.06,10.4,0.182,0.0,0.927,DL1LT1087,0.993,awiros
delhi_1080p_s0_t579,586,586,19.705,1476.6,692.3,1501.1,704.1,24.5,11.7,288,2.09,VERY_SMALL,0.252,1,11.3,3438.3,93.7,51.2,2.54,0.0,0.023,0.0,0.509,,0.0,
delhi_1080p_s0_t532,587,587,19.739,670.3,696.7,730.5,723.0,60.2,26.3,1585,2.29,MEDIUM,0.799,1,512.8,27140.7,93.5,71.0,2.69,6.6,0.092,0.0,0.896,UP14DM7400,1.0,awiros
delhi_1080p_s0_t512,587,587,19.739,843.1,801.6,930.5,840.7,87.5,39.1,3421,2.24,MEDIUM,0.766,1,299.1,11119.1,63.6,62.9,3.13,10.6,0.183,0.0,0.937,DL1LT1087,0.962,awiros
delhi_1080p_s0_t569,587,587,19.739,670.0,696.5,699.9,721.5,29.9,25.0,746,1.2,VERY_SMALL,0.441,1,43.2,8640.1,99.2,71.6,3.88,10.2,0.114,0.0,0.521,OD14DU1407,0.674,crnn_reader_crnn_v6
delhi_1080p_s0_t579,587,587,19.739,1476.2,691.6,1498.9,703.6,22.8,12.0,273,1.9,VERY_SMALL,0.297,1,7.9,2684.6,92.2,53.9,2.6,0.0,0.062,0.0,0.49,,0.0,
delhi_1080p_s0_t532,588,588,19.772,661.1,697.6,721.1,724.1,60.0,26.5,1592,2.26,SMALL,0.795,1,567.6,28530.1,93.0,71.1,2.83,7.0,0.099,0.0,0.897,UP14DM7400,1.0,awiros
delhi_1080p_s0_t512,588,588,19.772,828.6,803.2,916.7,845.3,88.1,42.1,3710,2.09,MEDIUM,0.764,1,317.0,10813.8,61.2,63.3,3.07,10.8,0.203,0.0,0.936,DL1LT1087,0.988,awiros
delhi_1080p_s0_t569,588,588,19.772,660.1,696.4,686.8,722.9,26.7,26.5,706,1.01,VERY_SMALL,0.645,1,27.5,6957.4,95.6,72.5,2.81,9.6,0.127,0.0,0.501,TR42U346,0.534,crnn
delhi_1080p_s0_t579,588,588,19.772,1474.2,691.4,1497.4,703.9,23.3,12.5,290,1.87,VERY_SMALL,0.316,1,9.1,2935.2,91.7,55.5,1.97,0.0,0.065,0.0,0.5,,0.0,
delhi_1080p_s0_t532,589,589,19.806,651.7,698.0,712.2,724.8,60.5,26.8,1622,2.26,MEDIUM,0.793,1,516.8,27399.6,92.6,71.6,2.9,6.6,0.096,0.0,0.898,UP14DM7400,1.0,awiros
delhi_1080p_s0_t512,589,589,19.806,813.3,805.0,903.1,847.9,89.8,42.8,3844,2.1,MEDIUM,0.763,1,296.6,10739.5,61.2,64.2,3.38,11.0,0.197,0.0,0.931,DL1LT1087,0.99,awiros
delhi_1080p_s0_t569,589,589,19.806,650.1,696.4,672.9,724.3,22.8,27.9,638,0.82,VERY_SMALL,0.499,1,12.9,4591.6,93.3,71.9,2.47,9.8,0.123,0.0,0.473,HR26CC2083,1.0,awiros
delhi_1080p_s0_t579,589,589,19.806,1474.1,691.7,1495.0,703.7,20.9,12.0,251,1.74,VERY_SMALL,0.314,1,6.5,2482.9,93.0,54.7,2.92,7.1,0.041,0.0,0.469,,0.0,
delhi_1080p_s0_t532,590,590,19.839,641.1,698.6,702.5,726.1,61.4,27.5,1689,2.24,MEDIUM,0.796,1,534.7,27965.1,92.9,73.1,2.86,7.1,0.1,0.0,0.9,UP14DM7400,1.0,awiros
delhi_1080p_s0_t512,590,590,19.839,797.8,807.0,889.2,851.9,91.5,45.0,4114,2.03,MEDIUM,0.774,1,313.4,10571.0,59.6,65.1,3.3,11.3,0.209,0.0,0.933,DL1LT1087,1.0,awiros
delhi_1080p_s0_t579,590,590,19.839,1472.2,692.0,1493.5,703.7,21.3,11.7,250,1.81,VERY_SMALL,0.471,1,7.6,2781.9,97.8,53.2,3.53,6.9,0.007,0.0,0.472,,0.0,
delhi_1080p_s0_t532,591,591,19.873,631.7,700.0,692.8,727.5,61.1,27.5,1681,2.22,MEDIUM,0.793,1,510.5,26849.0,92.4,73.2,3.1,6.5,0.091,0.0,0.9,UP14DM7400,1.0,awiros
delhi_1080p_s0_t512,591,591,19.873,783.1,811.1,874.2,855.1,91.1,44.0,4010,2.07,MEDIUM,0.769,1,315.0,10925.9,61.8,61.9,3.51,11.3,0.187,0.0,0.933,DL1LT1087,1.0,awiros
delhi_1080p_s0_t579,591,591,19.873,1469.4,692.3,1492.3,704.3,22.9,12.0,275,1.91,VERY_SMALL,0.483,1,10.0,3254.3,94.3,57.7,2.91,6.6,0.025,0.0,0.486,,0.0,
delhi_1080p_s0_t572,591,591,19.873,139.7,976.2,285.4,1040.9,145.7,64.7,9418,2.25,LARGE,0.306,1,281.7,7280.2,77.2,46.4,1.89,0.0,0.012,0.0,0.968,,0.0,
delhi_1080p_s0_t532,592,592,19.907,621.1,701.6,683.9,729.3,62.8,27.7,1741,2.27,MEDIUM,0.794,1,565.5,27418.1,91.4,72.9,2.99,6.7,0.096,0.0,0.908,UP14DM7400,1.0,awiros
delhi_1080p_s0_t512,592,592,19.907,769.0,814.0,860.0,859.2,91.0,45.2,4113,2.01,MEDIUM,0.774,1,322.9,10843.1,61.5,64.6,3.07,11.3,0.196,0.0,0.936,DL1LT1087,0.996,awiros
delhi_1080p_s0_t579,592,592,19.907,1468.2,692.6,1491.3,704.4,23.1,11.8,272,1.96,VERY_SMALL,0.586,1,11.3,3582.5,93.2,58.0,3.38,0.0,0.048,0.0,0.492,,0.0,
delhi_1080p_s0_t532,593,593,19.94,611.3,702.5,674.8,730.3,63.5,27.9,1769,2.28,MEDIUM,0.791,1,520.2,26628.6,92.7,70.1,3.07,6.7,0.087,0.0,0.912,UP14DM7400,1.0,awiros
delhi_1080p_s0_t512,593,593,19.94,753.9,817.5,845.4,863.3,91.6,45.8,4195,2.0,MEDIUM,0.767,1,322.1,11007.8,62.6,64.3,3.77,11.6,0.182,0.0,0.931,DL1LT1087,1.0,awiros
delhi_1080p_s0_t579,593,593,19.94,1466.1,694.2,1489.5,704.9,23.4,10.7,250,2.19,VERY_SMALL,0.375,1,10.9,3608.3,97.2,54.1,4.29,0.0,0.0,0.0,0.489,GJ12BK36,0.574,crnn
delhi_1080p_s0_t532,594,594,19.974,601.7,703.7,665.0,731.8,63.4,28.1,1779,2.26,MEDIUM,0.796,1,503.4,26107.2,93.7,71.9,3.08,6.7,0.085,0.0,0.909,UP14DM7400,1.0,awiros
delhi_1080p_s0_t512,594,594,19.974,737.4,820.0,830.6,867.0,93.2,46.9,4371,1.99,MEDIUM,0.76,1,317.9,10925.4,62.7,64.0,3.63,11.7,0.185,0.0,0.932,DL1LT1087,0.966,awiros
delhi_1080p_s0_t532,595,595,20.008,592.0,705.0,655.8,733.2,63.8,28.3,1804,2.26,MEDIUM,0.805,1,455.8,24956.9,93.1,69.7,3.01,7.0,0.077,0.0,0.913,UP14DM7400,1.0,awiros
delhi_1080p_s0_t512,595,595,20.008,722.6,824.4,816.5,871.0,93.9,46.6,4373,2.02,MEDIUM,0.76,1,328.6,11193.0,64.0,65.3,3.78,11.6,0.173,0.0,0.932,DL1LT1087,1.0,awiros
delhi_1080p_s0_t579,595,595,20.008,1462.2,693.5,1488.4,705.5,26.1,12.0,314,2.18,VERY_SMALL,0.277,1,14.5,4236.7,91.7,54.2,2.82,8.3,0.035,0.0,0.498,,0.0,
delhi_1080p_s0_t532,596,596,20.041,582.2,705.9,645.7,734.1,63.6,28.2,1791,2.26,MEDIUM,0.808,1,506.2,25321.0,92.6,69.6,2.75,6.7,0.088,0.0,0.915,UP14DM7400,1.0,awiros
delhi_1080p_s0_t512,596,596,20.041,705.3,826.0,800.3,875.2,95.1,49.2,4677,1.93,MEDIUM,0.775,1,343.8,10987.3,63.4,66.0,3.24,11.9,0.187,0.0,0.934,DL1LT1087,1.0,awiros
delhi_1080p_s0_t579,596,596,20.041,1462.8,693.3,1488.1,705.3,25.3,11.9,302,2.12,VERY_SMALL,0.415,1,16.5,4734.5,93.3,55.4,2.55,7.1,0.026,0.0,0.505,LD20CB36,0.555,crnn
delhi_1080p_s0_t532,597,597,20.075,573.7,706.5,636.1,734.7,62.4,28.2,1760,2.21,MEDIUM,0.801,1,423.2,24338.3,94.6,69.3,3.04,6.6,0.083,0.0,0.905,UP14DM7400,1.0,awiros
delhi_1080p_s0_t512,597,597,20.075,689.0,828.8,784.8,878.9,95.8,50.1,4798,1.91,MEDIUM,0.772,1,313.7,10570.3,64.5,64.9,3.48,12.1,0.18,0.0,0.933,DL1LT1087,0.977,awiros
delhi_1080p_s0_t579,597,597,20.075,1456.4,692.1,1488.4,705.2,31.9,13.2,421,2.42,VERY_SMALL,0.33,1,26.2,5542.9,85.4,55.2,2.91,0.0,0.077,0.0,0.547,DL2CE0883,0.586,crnn_reader_crnn_v6
delhi_1080p_s0_t532,598,598,20.108,562.2,707.2,626.0,735.6,63.8,28.4,1811,2.25,MEDIUM,0.799,1,452.0,23616.8,94.1,69.9,2.96,6.1,0.072,0.0,0.916,UP14DM7400,1.0,awiros
delhi_1080p_s0_t512,598,598,20.108,671.6,831.8,768.1,881.8,96.5,50.1,4835,1.93,MEDIUM,0.774,1,310.2,10449.7,66.2,64.1,3.73,12.3,0.167,0.0,0.932,DL1LT1087,1.0,awiros
delhi_1080p_s0_t579,598,598,20.108,1464.2,693.5,1487.0,703.8,22.8,10.3,235,2.21,VERY_SMALL,0.537,1,9.6,3426.3,99.5,54.4,3.59,7.8,0.02,0.0,0.475,,0.0,
delhi_1080p_s0_t532,599,599,20.142,551.2,707.3,615.6,736.8,64.4,29.5,1898,2.19,MEDIUM,0.804,1,404.9,23266.5,93.0,69.3,2.7,7.2,0.074,0.0,0.92,UP14DM7400,0.996,awiros
delhi_1080p_s0_t512,599,599,20.142,656.7,835.5,751.7,886.8,95.0,51.3,4869,1.85,MEDIUM,0.765,1,273.7,10021.1,66.0,64.1,3.87,12.8,0.172,0.0,0.907,DL1LT1087,0.981,awiros
delhi_1080p_s0_t532,600,600,20.176,540.3,707.6,604.5,737.0,64.1,29.5,1889,2.18,MEDIUM,0.805,1,439.3,23528.4,94.6,68.8,2.49,6.7,0.068,0.0,0.923,UP14DM7400,1.0,awiros
delhi_1080p_s0_t512,600,600,20.176,638.0,839.4,735.4,891.4,97.4,52.0,5066,1.87,MEDIUM,0.767,1,309.0,10022.7,66.9,64.8,3.61,12.7,0.168,0.0,0.932,DL1LT1087,1.0,awiros
delhi_1080p_s0_t532,601,601,20.209,530.5,710.0,593.0,737.9,62.5,28.0,1749,2.23,MEDIUM,0.8,1,359.4,21750.2,100.8,68.2,3.11,6.9,0.061,0.0,0.91,UP14DM7400,1.0,awiros
delhi_1080p_s0_t512,601,601,20.209,619.7,843.1,717.8,896.0,98.2,52.8,5186,1.86,MEDIUM,0.767,1,275.4,9613.0,68.0,63.3,3.99,13.0,0.159,0.0,0.909,DL1LT1087,1.0,awiros
delhi_1080p_s0_t532,602,602,20.243,518.1,710.3,581.3,739.2,63.1,28.9,1823,2.19,MEDIUM,0.786,1,332.1,19718.5,103.5,66.8,2.9,0.0,0.055,0.0,0.924,UP14DM7400,1.0,awiros
delhi_1080p_s0_t512,602,602,20.243,600.3,845.5,699.1,900.6,98.8,55.1,5446,1.79,MEDIUM,0.772,1,261.6,9118.6,67.9,63.5,3.63,13.4,0.155,0.0,0.9,DL1LT1087,1.0,awiros
delhi_1080p_s0_t512,603,603,20.277,578.3,848.4,678.8,905.1,100.4,56.7,5697,1.77,MEDIUM,0.77,1,254.1,8748.5,69.0,61.8,3.89,13.7,0.143,0.0,0.892,DL1LT1087,1.0,awiros
delhi_1080p_s0_t532,603,603,20.277,505.9,710.6,562.1,738.9,56.2,28.3,1591,1.98,SMALL,0.756,1,193.9,16089.1,106.3,65.7,3.42,4.8,0.05,0.0,0.789,,0.0,
delhi_1080p_s0_t512,604,604,20.31,559.6,851.5,660.3,910.0,100.7,58.4,5887,1.72,MEDIUM,0.781,1,284.8,9211.9,68.9,62.9,3.19,14.0,0.142,0.0,0.923,DL1LT1087,0.993,awiros
delhi_1080p_s0_t532,604,604,20.31,493.2,711.4,541.3,739.2,48.1,27.8,1337,1.73,SMALL,0.762,1,118.7,12265.4,106.1,66.3,3.16,7.0,0.058,0.0,0.69,,0.0,
delhi_1080p_s0_t512,605,605,20.344,538.3,856.5,640.0,915.3,101.7,58.8,5984,1.73,MEDIUM,0.779,1,251.5,8678.5,70.7,61.8,3.47,14.6,0.122,0.0,0.894,DL1LT1087,1.0,awiros
delhi_1080p_s0_t532,605,605,20.344,482.1,712.8,521.9,738.5,39.9,25.8,1027,1.55,VERY_SMALL,0.705,1,54.7,8776.4,111.4,65.1,3.37,0.0,0.055,0.0,0.604,,0.0,
delhi_1080p_s0_t512,606,606,20.377,517.7,860.2,619.7,921.4,102.0,61.2,6245,1.67,MEDIUM,0.791,1,225.4,8344.4,71.4,61.5,3.42,14.9,0.113,0.0,0.873,DL1LT1087,1.0,awiros
delhi_1080p_s0_t532,606,606,20.377,469.7,714.0,505.1,739.0,35.4,25.0,884,1.42,VERY_SMALL,0.638,1,32.0,6502.2,115.7,64.8,3.31,0.0,0.054,0.0,0.567,,0.0,
delhi_1080p_s0_t512,607,607,20.411,495.9,865.7,597.5,927.1,101.6,61.4,6240,1.65,MEDIUM,0.786,1,209.3,7886.2,73.1,61.5,3.65,16.4,0.096,0.0,0.857,,0.0,
delhi_1080p_s0_t512,608,608,20.445,472.4,870.7,574.4,934.3,102.0,63.6,6482,1.6,MEDIUM,0.767,1,207.8,7563.1,73.5,61.3,2.89,0.0,0.09,0.0,0.89,DL1LT1087,0.968,awiros
delhi_1080p_s0_t512,609,609,20.478,447.0,876.0,550.5,940.5,103.5,64.4,6667,1.61,MEDIUM,0.776,1,206.8,7090.2,75.8,60.2,3.07,0.0,0.069,0.0,0.89,DL1LT1087,0.996,awiros
delhi_1080p_s0_t532,609,609,20.478,414.4,646.5,508.3,698.7,93.8,52.2,4897,1.8,MEDIUM,0.397,1,1116.7,32753.8,152.3,79.1,1.9,0.0,0.081,0.002,0.975,KL767104,0.527,crnn
delhi_1080p_s0_t512,610,610,20.512,422.9,880.2,527.2,946.1,104.2,65.9,6870,1.58,MEDIUM,0.775,1,123.4,5975.0,76.4,59.0,2.96,0.0,0.06,0.0,0.822,,0.0,
delhi_1080p_s0_t532,610,610,20.512,401.3,646.7,492.3,698.2,91.0,51.5,4690,1.77,MEDIUM,0.387,1,968.2,29528.3,154.1,78.9,1.61,0.0,0.086,0.001,0.977,KL222777,0.554,crnn_reader_crnn_v6
delhi_1080p_s0_t512,611,611,20.546,395.1,883.0,501.3,953.1,106.3,70.1,7454,1.52,MEDIUM,0.766,1,126.2,6043.7,77.1,57.5,2.77,0.0,0.052,0.0,0.827,,0.0,
delhi_1080p_s0_t532,611,611,20.546,386.9,649.3,474.0,699.8,87.2,50.4,4397,1.73,MEDIUM,0.335,1,739.5,27038.5,156.2,76.6,2.06,0.0,0.074,0.002,0.975,KL67W7404,0.679,crnn
delhi_1080p_s0_t512,612,612,20.579,368.6,889.5,473.9,958.9,105.3,69.4,7306,1.52,MEDIUM,0.784,1,128.2,5646.5,78.5,56.3,2.45,0.0,0.044,0.0,0.832,,0.0,
delhi_1080p_s0_t532,612,612,20.579,373.8,650.7,442.1,695.7,68.3,45.0,3071,1.52,MEDIUM,0.375,1,436.6,24156.9,150.6,77.5,1.77,0.0,0.049,0.001,0.961,ML767404,0.641,crnn
delhi_1080p_s0_t512,613,613,20.613,344.1,892.7,446.8,964.1,102.7,71.4,7329,1.44,MEDIUM,0.774,1,152.5,6304.3,78.8,57.5,2.63,0.0,0.046,0.0,0.851,DL11SN7763,0.503,crnn_reader_crnn_v6
delhi_1080p_s0_t532,613,613,20.613,360.9,651.1,431.7,695.4,70.8,44.3,3139,1.6,MEDIUM,0.311,1,395.0,20567.8,162.5,72.4,1.75,0.0,0.019,0.001,0.975,ML47F7407,0.539,crnn
delhi_1080p_s0_t512,614,614,20.646,314.7,899.0,419.6,973.6,104.9,74.7,7828,1.4,MEDIUM,0.767,1,103.4,5183.6,79.0,56.4,2.17,0.0,0.042,0.0,0.814,DL7MTU6187,0.547,crnn
delhi_1080p_s0_t613,614,614,20.646,1475.0,614.8,1549.0,656.6,74.0,41.8,3095,1.77,MEDIUM,0.258,1,243.5,17799.9,114.2,71.5,1.01,0.0,0.002,0.0,0.944,DL07F7993,0.617,crnn
delhi_1080p_s0_t532,614,614,20.646,349.1,652.2,409.9,694.0,60.8,41.7,2536,1.46,MEDIUM,0.24,1,216.4,15937.9,165.7,71.2,1.86,0.0,0.005,0.0,0.86,,0.0,
delhi_1080p_s0_t512,615,615,20.68,320.3,898.5,391.6,979.1,71.3,80.6,5748,0.88,MEDIUM,0.607,1,46.1,4052.0,75.3,60.5,0.69,18.0,0.066,0.0,0.742,,0.0,
delhi_1080p_s0_t512,616,616,20.714,266.8,903.7,358.6,986.4,91.8,82.7,7595,1.11,MEDIUM,0.706,1,115.3,5712.3,79.9,59.9,0.73,0.0,0.055,0.0,0.835,,0.0,
delhi_1080p_s0_t613,616,616,20.714,1463.0,613.9,1543.9,654.6,80.9,40.7,3297,1.99,MEDIUM,0.203,1,409.0,21988.5,115.3,72.1,2.17,0.0,0.003,0.0,0.982,KL07F668,0.523,crnn_reader_crnn_v6
delhi_1080p_s0_t512,617,617,20.747,251.0,911.1,326.5,992.6,75.5,81.5,6157,0.93,MEDIUM,0.652,1,55.2,4373.9,78.2,60.2,0.47,0.0,0.059,0.0,0.786,,0.0,
delhi_1080p_s0_t613,617,617,20.747,1440.0,615.0,1544.1,655.2,104.1,40.2,4186,2.59,MEDIUM,0.304,1,745.9,26379.9,109.5,72.7,2.54,0.0,0.003,0.0,0.979,MH02F7668,0.516,crnn_reader_crnn_v6
delhi_1080p_s0_t512,618,618,20.781,233.0,915.2,293.5,1003.7,60.5,88.5,5357,0.68,MEDIUM,0.375,1,28.3,3076.0,76.3,60.4,0.56,19.3,0.064,0.0,0.673,,0.0,
delhi_1080p_s0_t512,619,619,20.815,202.0,928.8,258.7,1007.8,56.7,79.0,4479,0.72,SMALL,0.405,1,22.8,2676.9,76.1,60.9,0.84,19.9,0.053,0.0,0.647,,0.0,
delhi_1080p_s0_t512,620,620,20.848,161.0,930.9,224.0,1018.6,62.9,87.6,5513,0.72,MEDIUM,0.459,1,37.2,3431.5,78.3,59.8,0.63,0.0,0.053,0.0,0.724,,0.0,
delhi_1080p_s0_t512,622,622,20.915,92.0,937.0,150.5,1038.4,58.5,101.5,5934,0.58,SMALL,0.331,1,30.4,3196.7,83.2,59.3,1.08,0.0,0.037,0.0,0.697,,0.0,
delhi_1080p_s0_t569,622,622,20.915,16.2,662.9,71.7,702.4,55.5,39.5,2191,1.41,SMALL,0.202,1,16.3,2140.5,66.6,57.7,2.76,0.0,0.278,0.0,0.632,MH07F018,0.603,crnn
delhi_1080p_s0_t512,623,623,20.949,25.8,946.8,114.9,1043.7,89.1,96.9,8637,0.92,MEDIUM,0.619,1,103.6,4921.7,88.1,55.2,0.9,0.0,0.022,0.0,0.827,,0.0,
delhi_1080p_s0_t613,623,623,20.949,1438.0,697.6,1452.8,713.0,14.8,15.3,226,0.96,EXTREMELY_TINY,0.448,1,2.9,1401.3,83.6,62.7,1.43,0.0,0.171,0.0,0.446,,0.0,
delhi_1080p_s0_t581,623,623,20.949,1426.2,698.8,1452.0,713.1,25.8,14.2,367,1.81,VERY_SMALL,0.232,1,14.3,4010.6,97.6,56.0,2.35,0.0,0.074,0.0,0.512,,0.0,
delhi_1080p_s0_t581,624,624,20.983,1416.6,698.4,1451.0,712.4,34.4,14.0,483,2.45,VERY_SMALL,0.788,1,46.7,7845.5,97.5,56.8,3.58,0.0,0.086,0.0,0.57,GJ18R2083,0.55,crnn_reader_crnn_v6
delhi_1080p_s0_t512,624,624,20.983,0.0,959.4,77.2,1053.2,77.2,93.8,7240,0.82,MEDIUM,0.541,1,52.7,3615.4,84.7,56.1,1.03,0.0,0.019,0.0,0.768,,0.0,
delhi_1080p_s0_t581,625,625,21.016,1404.3,696.9,1449.7,712.1,45.4,15.2,692,2.98,SMALL,0.788,0,134.1,13732.1,94.0,60.6,3.29,0.0,0.112,0.0,0.696,HR26CC2083,0.944,awiros
delhi_1080p_s0_t612,625,625,21.016,1061.0,771.7,1110.0,796.2,49.0,24.5,1200,2.0,SMALL,0.294,1,124.1,12407.6,99.9,61.3,3.3,0.0,0.007,0.0,0.71,KL01MA478,0.507,crnn_reader_crnn_v6
delhi_1080p_s0_t581,626,626,21.05,1398.2,697.6,1447.2,713.0,49.0,15.4,754,3.18,SMALL,0.789,0,192.9,17196.1,86.2,67.7,3.49,0.0,0.138,0.0,0.756,HR26CC2083,1.0,awiros
delhi_1080p_s0_t612,626,626,21.05,1043.4,807.6,1092.4,842.0,49.0,34.4,1688,1.42,SMALL,0.297,1,73.3,7574.4,82.1,52.7,1.01,0.0,0.052,0.0,0.686,KL26CC2081,0.81,crnn_reader_crnn_v6
delhi_1080p_s0_t512,626,626,21.05,0.9,954.1,146.3,1059.9,145.4,105.8,15381,1.37,LARGE,0.236,1,190.9,8412.3,78.4,56.0,0.14,0.0,0.004,0.0,0.908,MH06CA11,0.512,crnn_reader_crnn_v6
delhi_1080p_s0_t581,627,627,21.084,1394.6,698.5,1444.7,714.1,50.1,15.7,784,3.2,SMALL,0.79,0,201.0,17827.2,85.3,65.9,3.21,4.3,0.138,0.0,0.762,HR26CC2083,1.0,awiros
delhi_1080p_s0_t613,627,627,21.084,1419.1,699.1,1445.1,714.8,26.0,15.8,409,1.65,VERY_SMALL,0.691,1,20.6,5878.1,90.5,62.6,2.44,7.3,0.138,0.0,0.502,DL05E848,0.53,crnn_reader_crnn_v6
delhi_1080p_s0_t512,627,627,21.084,0.0,958.7,101.8,1067.7,101.8,108.9,11088,0.93,MEDIUM,0.361,1,114.7,7057.1,82.5,55.4,1.91,0.0,0.002,0.0,0.83,HR26CC2083,0.999,awiros
delhi_1080p_s0_t612,627,627,21.084,1068.0,770.0,1091.5,779.9,23.5,10.0,234,2.35,VERY_SMALL,0.334,1,12.4,4420.3,98.1,51.5,5.06,0.0,0.032,0.0,0.48,,0.0,
delhi_1080p_s0_t581,628,628,21.117,1393.5,699.6,1442.9,715.0,49.4,15.5,764,3.19,SMALL,0.787,0,222.8,18639.6,87.4,67.0,3.3,4.6,0.128,0.0,0.776,HR26CC2083,0.999,awiros
delhi_1080p_s0_t612,628,628,21.117,1060.8,770.3,1095.0,782.3,34.1,12.0,410,2.85,VERY_SMALL,0.407,0,39.3,7302.1,101.2,53.7,2.43,0.0,0.021,0.0,0.58,GJ32UJ9079,0.528,crnn
delhi_1080p_s0_t581,629,629,21.151,1390.9,700.1,1440.8,715.6,49.9,15.5,775,3.22,SMALL,0.777,0,217.9,19276.0,88.7,68.2,3.31,4.6,0.123,0.0,0.776,HR26CC2083,0.999,awiros
delhi_1080p_s0_t612,629,629,21.151,1053.3,773.4,1079.3,784.2,26.0,10.8,281,2.41,VERY_SMALL,0.327,1,17.2,5350.7,96.8,53.9,2.83,0.0,0.035,0.0,0.514,BR029957,0.686,crnn
delhi_1080p_s0_t581,630,630,21.184,1387.8,700.5,1439.2,716.4,51.3,15.8,813,3.24,SMALL,0.772,0,258.6,20199.6,87.6,68.2,2.6,4.6,0.139,0.0,0.822,HR26CC2083,1.0,awiros
delhi_1080p_s0_t612,630,630,21.184,1045.5,774.4,1070.1,786.6,24.6,12.2,300,2.02,VERY_SMALL,0.333,1,16.2,5105.2,92.7,57.1,2.45,0.0,0.054,0.0,0.511,HR02B1577,0.668,crnn
delhi_1080p_s0_t581,631,631,21.218,1384.9,700.9,1437.0,717.1,52.2,16.2,846,3.22,SMALL,0.773,0,269.6,21301.9,86.1,69.6,2.99,4.5,0.16,0.0,0.83,HR26CC2083,1.0,awiros
delhi_1080p_s0_t612,631,631,21.218,1037.5,775.9,1060.1,788.3,22.6,12.4,280,1.82,VERY_SMALL,0.334,1,12.4,4917.0,85.6,64.1,1.81,3.2,0.088,0.0,0.492,,0.0,
delhi_1080p_s0_t581,632,632,21.252,1382.6,701.2,1435.1,717.7,52.5,16.5,866,3.18,SMALL,0.782,0,299.1,21856.4,88.3,69.3,2.91,4.8,0.146,0.0,0.856,HR26CC2083,1.0,awiros
delhi_1080p_s0_t612,632,632,21.252,1028.4,777.3,1049.3,789.8,20.9,12.5,261,1.67,VERY_SMALL,0.391,1,10.3,4351.8,81.8,62.7,3.13,0.0,0.118,0.0,0.475,GA10H5571,0.545,crnn_reader_crnn_v6
delhi_1080p_s0_t581,633,633,21.285,1380.3,701.8,1432.3,718.1,52.0,16.3,850,3.18,SMALL,0.787,0,262.6,21438.4,88.4,68.0,2.99,4.7,0.156,0.0,0.82,HR26CC2083,1.0,awiros
delhi_1080p_s0_t627,634,634,21.319,1376.3,701.6,1429.0,719.7,52.6,18.1,952,2.91,SMALL,0.777,0,265.5,21783.5,87.6,69.5,3.26,4.3,0.177,0.0,0.823,,0.0,
delhi_1080p_s0_t612,634,634,21.319,939.2,824.3,1010.9,873.0,71.8,48.7,3493,1.47,MEDIUM,0.452,1,144.0,7837.3,82.5,53.2,1.74,0.0,0.061,0.0,0.846,26CC2083,0.9,awiros
delhi_1080p_s0_t627,635,635,21.353,1372.6,702.3,1425.4,720.1,52.9,17.8,939,2.98,SMALL,0.783,0,260.7,21516.0,88.3,70.3,2.7,4.4,0.182,0.0,0.823,,0.0,
delhi_1080p_s0_t612,635,635,21.353,998.6,783.0,1013.6,796.0,15.1,13.0,196,1.16,EXTREMELY_TINY,0.207,1,3.9,2226.0,74.1,63.8,1.81,3.2,0.137,0.0,0.446,,0.0,
delhi_1080p_s0_t581,636,636,21.386,1370.3,703.2,1422.3,719.8,52.0,16.6,862,3.14,SMALL,0.78,0,294.6,21924.6,94.0,65.6,2.56,4.9,0.135,0.0,0.852,HR26CC2083,0.999,awiros
delhi_1080p_s0_t612,636,636,21.386,911.6,825.3,964.3,880.0,52.7,54.7,2883,0.96,SMALL,0.33,1,39.6,3785.8,89.0,54.4,1.89,0.0,0.069,0.0,0.664,,0.0,
delhi_1080p_s0_t581,637,637,21.42,1366.4,703.4,1419.4,720.3,53.0,16.9,894,3.14,SMALL,0.794,0,284.1,21649.6,94.6,65.9,2.5,4.5,0.135,0.0,0.853,HR26CC2083,0.994,awiros
delhi_1080p_s0_t627,638,638,21.453,1363.4,703.0,1417.4,721.2,53.9,18.2,982,2.96,SMALL,0.78,0,281.8,22041.8,91.7,69.1,2.86,4.3,0.164,0.0,0.849,,0.0,
delhi_1080p_s0_t627,639,639,21.487,1359.7,703.4,1414.8,722.2,55.1,18.8,1037,2.93,SMALL,0.776,0,286.3,22131.7,91.1,70.4,2.46,4.4,0.178,0.0,0.858,HR26CC2083,1.0,awiros
delhi_1080p_s0_t512,639,639,21.487,748.3,668.4,798.8,734.9,50.6,66.5,3365,0.76,SMALL,0.235,1,46.0,4380.4,111.6,51.6,0.79,0.0,0.021,0.0,0.672,,0.0,
delhi_1080p_s0_t627,640,640,21.521,1356.1,704.1,1410.7,723.0,54.6,18.9,1029,2.89,SMALL,0.776,0,319.4,22869.5,92.0,70.5,2.43,4.5,0.171,0.0,0.871,HR26CC2083,1.0,awiros
delhi_1080p_s0_t512,640,640,21.521,732.4,670.5,793.8,737.2,61.4,66.7,4099,0.92,MEDIUM,0.46,1,97.0,6051.0,109.3,51.3,1.23,0.0,0.024,0.0,0.768,HR26CC2083,1.0,awiros
delhi_1080p_s0_t581,641,641,21.554,1352.6,706.1,1407.0,723.2,54.4,17.2,935,3.17,SMALL,0.777,0,285.0,21824.2,95.4,67.5,2.46,4.7,0.139,0.0,0.857,DD566623,0.644,crnn
delhi_1080p_s0_t581,642,642,21.588,1349.8,706.6,1405.0,723.0,55.2,16.4,904,3.37,SMALL,0.782,0,341.0,22933.3,97.0,66.9,2.81,0.0,0.128,0.0,0.879,HR26CC2083,0.989,awiros
delhi_1080p_s0_t512,642,642,21.588,697.3,677.2,772.0,720.8,74.7,43.6,3256,1.71,MEDIUM,0.215,1,273.5,10503.5,112.1,54.9,3.24,0.0,0.011,0.0,0.95,PB012187,0.547,crnn
delhi_1080p_s0_t581,643,643,21.622,1345.8,707.8,1400.6,724.7,54.8,16.9,929,3.24,SMALL,0.781,0,334.5,22985.6,98.1,67.0,2.64,0.0,0.124,0.0,0.881,HR26CC2083,1.0,awiros
delhi_1080p_s0_t581,644,644,21.655,1342.5,708.6,1397.2,725.9,54.7,17.4,950,3.15,SMALL,0.789,0,368.9,24439.9,98.6,67.5,2.85,4.6,0.118,0.0,0.872,HR26CC2083,0.999,awiros
delhi_1080p_s0_t581,645,645,21.689,1339.6,708.7,1394.2,725.7,54.6,17.0,928,3.22,SMALL,0.78,0,328.2,23137.4,99.7,67.2,2.83,0.0,0.111,0.0,0.877,HR26CC2083,1.0,awiros
delhi_1080p_s0_t581,646,646,21.722,1336.6,708.3,1391.8,724.8,55.3,16.6,915,3.34,SMALL,0.767,0,386.8,24117.4,102.6,67.8,3.02,0.0,0.101,0.0,0.884,HR26CC2083,1.0,awiros
delhi_1080p_s0_t581,647,647,21.756,1333.5,708.0,1389.6,724.9,56.0,16.9,948,3.31,SMALL,0.776,0,407.1,24941.8,100.2,67.6,2.79,4.8,0.118,0.0,0.88,HR26CC2083,1.0,awiros
delhi_1080p_s0_t512,647,647,21.756,609.7,681.5,690.3,728.7,80.7,47.2,3805,1.71,MEDIUM,0.274,1,208.4,7866.2,115.1,51.8,2.77,0.0,0.001,0.0,0.9,DL07T8087,0.687,crnn_reader_crnn_v6
delhi_1080p_s0_t581,648,648,21.79,1331.3,709.2,1386.9,726.8,55.6,17.6,976,3.16,SMALL,0.781,0,409.8,25542.1,99.2,68.2,2.67,4.8,0.124,0.0,0.877,HR26CC2083,1.0,awiros
delhi_1080p_s0_t512,648,648,21.79,589.4,682.5,676.7,747.4,87.3,64.9,5670,1.34,MEDIUM,0.42,1,262.0,7874.0,114.2,49.1,1.45,0.0,0.001,0.0,0.956,HR09MMA007,0.568,crnn_reader_crnn_v6
delhi_1080p_s0_t612,648,648,21.79,764.9,863.4,867.8,917.0,102.9,53.6,5513,1.92,MEDIUM,0.225,1,540.8,12373.2,78.8,57.2,1.81,0.0,0.071,0.0,0.978,,0.0,
delhi_1080p_s0_t627,649,649,21.823,1327.3,710.0,1383.7,729.1,56.4,19.1,1078,2.95,SMALL,0.786,0,390.1,24965.9,98.4,70.2,2.5,4.9,0.132,0.0,0.881,HR26CC2083,1.0,awiros
delhi_1080p_s0_t512,649,649,21.823,610.1,715.6,654.3,753.3,44.2,37.7,1666,1.17,SMALL,0.509,1,22.0,3560.4,87.1,50.8,0.91,0.0,0.006,0.0,0.625,HR26CC2083,1.0,awiros
delhi_1080p_s0_t612,649,649,21.823,750.1,867.2,852.9,921.0,102.8,53.8,5530,1.91,MEDIUM,0.235,1,485.3,11912.1,80.2,55.1,2.45,0.0,0.069,0.0,0.973,,0.0,
delhi_1080p_s0_t581,650,650,21.857,1324.8,712.8,1380.4,731.0,55.6,18.2,1014,3.05,SMALL,0.793,0,402.6,25646.0,100.4,67.1,2.89,5.1,0.12,0.0,0.875,HR26CC2083,1.0,awiros
delhi_1080p_s0_t512,650,650,21.857,590.9,718.1,637.0,757.8,46.1,39.7,1834,1.16,SMALL,0.346,1,26.2,3884.2,85.9,53.2,1.38,0.0,0.011,0.0,0.632,,0.0,
delhi_1080p_s0_t612,650,650,21.857,735.0,872.5,835.3,926.0,100.3,53.5,5361,1.88,MEDIUM,0.204,1,409.7,11555.1,78.9,56.4,2.52,0.0,0.086,0.0,0.97,,0.0,
delhi_1080p_s0_t627,651,651,21.891,1320.6,713.7,1377.4,733.3,56.8,19.6,1110,2.9,SMALL,0.78,0,360.8,24167.9,97.1,68.8,2.13,4.7,0.153,0.0,0.886,HR26CC2083,0.992,awiros
delhi_1080p_s0_t512,651,651,21.891,570.9,721.3,618.8,761.7,47.9,40.3,1932,1.19,SMALL,0.412,1,26.3,3839.6,84.9,52.0,1.03,0.0,0.013,0.0,0.643,,0.0,
delhi_1080p_s0_t627,652,652,21.924,1317.9,714.9,1375.9,734.5,58.0,19.6,1137,2.96,SMALL,0.769,0,436.6,26081.6,99.6,68.4,2.28,4.7,0.135,0.0,0.891,HR26CC2083,1.0,awiros
delhi_1080p_s0_t627,653,653,21.958,1315.0,716.1,1373.8,735.9,58.8,19.8,1165,2.97,SMALL,0.767,0,414.3,25649.8,100.7,70.1,2.51,4.7,0.129,0.0,0.893,HR26CC2083,1.0,awiros
delhi_1080p_s0_t627,654,654,21.991,1312.0,716.7,1369.9,736.5,57.8,19.8,1143,2.92,SMALL,0.777,0,409.4,25768.9,98.0,68.7,2.14,4.7,0.14,0.0,0.887,HR26CC2083,1.0,awiros
delhi_1080p_s0_t612,654,654,21.991,684.9,889.5,768.9,944.0,83.9,54.5,4576,1.54,MEDIUM,0.499,1,203.2,9129.6,83.3,54.4,1.61,0.0,0.063,0.0,0.9,DL1CW0942,0.996,awiros
delhi_1080p_s0_t627,655,655,22.025,1308.9,717.2,1367.3,737.4,58.4,20.2,1179,2.89,SMALL,0.78,0,428.6,26117.0,99.6,70.7,2.42,4.6,0.135,0.0,0.893,DL1RTA5056,0.965,awiros
delhi_1080p_s0_t612,655,655,22.025,669.7,893.1,751.8,947.0,82.1,53.9,4429,1.52,MEDIUM,0.493,1,182.4,8830.7,83.1,55.4,2.42,0.0,0.064,0.0,0.875,,0.0,
delhi_1080p_s0_t512,655,655,22.025,440.4,696.6,553.1,748.8,112.7,52.2,5882,2.16,MEDIUM,0.261,1,295.9,8938.2,105.0,53.2,3.17,0.0,0.016,0.0,0.969,KL99BBQ07,0.56,crnn_reader_crnn_v6
delhi_1080p_s0_t627,656,656,22.059,1305.7,717.9,1365.5,738.9,59.8,21.0,1257,2.84,SMALL,0.768,0,509.3,28234.4,97.5,70.9,2.44,4.6,0.157,0.0,0.895,HR26CC2083,1.0,awiros
delhi_1080p_s0_t512,656,656,22.059,417.7,698.6,530.1,750.1,112.4,51.6,5799,2.18,MEDIUM,0.446,1,292.4,7997.7,104.5,52.6,2.73,0.0,0.018,0.0,0.969,AP09BAQ07,0.55,crnn_reader_crnn_v6
delhi_1080p_s0_t612,656,656,22.059,651.9,894.3,733.1,951.0,81.2,56.7,4604,1.43,MEDIUM,0.224,1,184.0,8610.8,83.4,53.3,2.68,0.0,0.063,0.0,0.875,,0.0,
delhi_1080p_s0_t627,657,657,22.092,1302.7,718.6,1362.9,739.5,60.2,20.9,1255,2.88,MEDIUM,0.779,0,473.5,27021.9,98.9,70.5,2.71,4.5,0.142,0.0,0.898,HR26CC2083,1.0,awiros
delhi_1080p_s0_t612,657,657,22.092,635.5,901.0,717.2,958.0,81.7,57.0,4655,1.44,MEDIUM,0.39,1,181.8,8550.0,83.2,54.3,2.31,0.0,0.055,0.0,0.877,,0.0,
delhi_1080p_s0_t640,657,657,22.092,622.6,871.4,889.0,967.6,266.4,96.2,25635,2.77,LARGE,0.215,0,1443.5,16669.7,70.8,63.4,2.3,0.0,0.146,0.0,0.966,DL01CW0723,0.649,crnn_reader_crnn_v6
delhi_1080p_s0_t627,658,658,22.126,1300.1,718.8,1360.3,740.1,60.2,21.3,1281,2.83,MEDIUM,0.773,0,514.0,28112.8,98.3,70.8,2.47,4.6,0.147,0.0,0.899,HR26CC2083,1.0,awiros
delhi_1080p_s0_t612,658,658,22.126,618.2,904.8,700.3,961.0,82.1,56.2,4615,1.46,MEDIUM,0.267,1,178.1,8331.8,84.4,56.0,2.44,0.0,0.054,0.0,0.873,UP73MHV4477,0.619,crnn
delhi_1080p_s0_t512,658,658,22.126,421.6,730.9,479.1,779.8,57.5,49.0,2817,1.18,SMALL,0.209,1,32.3,3927.4,78.7,52.7,0.77,0.0,0.03,0.0,0.698,,0.0,
delhi_1080p_s0_t627,659,659,22.16,1296.1,719.2,1357.0,740.6,60.9,21.4,1306,2.84,MEDIUM,0.768,0,526.5,28486.9,98.2,69.9,2.37,4.7,0.151,0.0,0.903,HR26CC2083,1.0,awiros
delhi_1080p_s0_t612,659,659,22.16,597.7,908.6,683.8,966.0,86.1,57.4,4943,1.5,MEDIUM,0.271,1,188.2,8667.8,83.6,58.0,2.77,0.0,0.074,0.0,0.876,UP96MH727,0.623,crnn
delhi_1080p_s0_t627,660,660,22.193,1292.9,719.6,1353.7,741.5,60.8,22.0,1336,2.77,MEDIUM,0.769,0,563.9,29458.3,98.4,69.6,2.55,4.8,0.15,0.0,0.902,HR26CC2083,1.0,awiros
delhi_1080p_s0_t512,660,660,22.193,368.5,733.7,438.6,786.1,70.1,52.4,3671,1.34,MEDIUM,0.319,1,60.7,4793.3,80.9,51.0,1.0,0.0,0.027,0.0,0.778,,0.0,
delhi_1080p_s0_t612,660,660,22.193,578.9,912.3,665.0,971.0,86.1,58.7,5051,1.47,MEDIUM,0.213,1,218.7,9372.3,83.9,57.7,2.6,0.0,0.083,0.0,0.902,,0.0,
delhi_1080p_s0_t627,661,661,22.227,1289.2,720.1,1349.8,741.6,60.6,21.5,1302,2.82,MEDIUM,0.772,0,516.7,28052.9,98.5,70.2,2.24,4.9,0.148,0.0,0.905,HR26CC2083,1.0,awiros
delhi_1080p_s0_t512,661,661,22.227,346.9,735.6,416.8,789.1,69.9,53.5,3739,1.31,MEDIUM,0.331,1,49.8,4543.4,80.0,51.3,0.6,0.0,0.023,0.0,0.773,,0.0,
delhi_1080p_s0_t627,662,662,22.26,1285.5,721.0,1346.6,742.8,61.0,21.8,1327,2.8,MEDIUM,0.778,0,527.1,28986.1,98.0,69.4,2.05,4.9,0.157,0.0,0.901,HR26CC2083,0.968,awiros
delhi_1080p_s0_t612,662,662,22.26,417.0,846.1,462.1,889.8,45.1,43.7,1967,1.03,SMALL,0.394,1,17.9,2697.3,89.5,59.0,1.65,0.0,0.096,0.0,0.611,,0.0,
delhi_1080p_s0_t512,662,662,22.26,260.9,707.7,395.7,772.6,134.7,64.9,8743,2.08,LARGE,0.248,1,291.9,7299.8,105.0,51.2,2.06,0.0,0.013,0.0,0.975,DL4ZT7087,0.588,crnn_reader_crnn_v6
delhi_1080p_s0_t627,663,663,22.294,1282.0,722.4,1343.1,743.7,61.1,21.4,1306,2.86,MEDIUM,0.779,0,566.1,29517.1,100.2,69.5,2.32,4.8,0.139,0.0,0.905,HR26CC2083,1.0,awiros
delhi_1080p_s0_t612,663,663,22.294,397.0,852.7,440.8,892.8,43.8,40.1,1759,1.09,SMALL,0.564,1,20.0,2943.3,91.8,57.5,1.87,0.0,0.083,0.0,0.608,TG71A712,0.732,crnn_reader_crnn_v6
delhi_1080p_s0_t627,664,664,22.328,1278.2,723.7,1339.0,745.1,60.8,21.4,1301,2.84,MEDIUM,0.772,0,615.1,30464.8,99.8,69.3,2.32,4.9,0.142,0.0,0.904,HR26CC2083,1.0,awiros
delhi_1080p_s0_t640,664,664,22.328,359.8,850.1,423.0,898.4,63.2,48.2,3047,1.31,MEDIUM,0.582,1,54.3,4338.8,86.7,59.8,1.48,0.0,0.082,0.0,0.729,MH12C5712,0.668,crnn_reader_crnn_v6
delhi_1080p_s0_t627,665,665,22.361,1273.3,724.1,1335.1,746.5,61.8,22.4,1385,2.76,MEDIUM,0.779,0,549.9,29432.6,98.1,70.1,2.68,4.8,0.162,0.0,0.904,HR26CC2083,1.0,awiros
delhi_1080p_s0_t640,665,665,22.361,339.4,854.9,402.8,902.6,63.4,47.7,3022,1.33,MEDIUM,0.555,1,55.4,4548.5,89.3,59.2,1.67,0.0,0.087,0.0,0.731,ML57A0265,0.635,crnn
delhi_1080p_s0_t627,666,666,22.395,1269.1,725.1,1331.2,747.3,62.1,22.2,1381,2.79,MEDIUM,0.777,0,570.8,29189.2,99.0,70.6,2.49,5.1,0.146,0.0,0.906,HR26CC2083,0.999,awiros
delhi_1080p_s0_t640,666,666,22.395,313.9,856.4,381.4,907.1,67.5,50.7,3421,1.33,MEDIUM,0.717,1,71.9,5128.6,91.2,60.1,1.57,0.0,0.083,0.0,0.765,PB12N5712,0.702,crnn_reader_crnn_v6
delhi_1080p_s0_t640,667,667,22.429,290.1,858.5,362.6,907.6,72.5,49.1,3562,1.48,MEDIUM,0.773,1,96.3,6023.9,94.3,58.7,2.0,0.0,0.078,0.0,0.806,CG574201,0.612,crnn
delhi_1080p_s0_t627,667,667,22.429,1265.6,725.1,1328.1,747.5,62.5,22.4,1397,2.79,MEDIUM,0.768,0,538.8,28946.6,98.7,69.3,2.83,4.8,0.152,0.0,0.903,HR26CC2083,1.0,awiros
delhi_1080p_s0_t640,668,668,22.462,261.7,858.3,343.5,911.7,81.8,53.4,4371,1.53,MEDIUM,0.773,1,166.9,7327.7,93.7,59.9,1.77,0.0,0.077,0.0,0.867,DL0DN6266,0.72,crnn
delhi_1080p_s0_t627,668,668,22.462,1261.9,724.9,1325.1,747.4,63.2,22.5,1424,2.81,MEDIUM,0.765,0,631.8,30674.5,99.4,68.9,2.67,4.9,0.151,0.0,0.908,HR26CC2083,1.0,awiros
delhi_1080p_s0_t640,669,669,22.496,234.1,859.2,321.1,915.1,87.1,55.9,4871,1.56,MEDIUM,0.795,1,200.4,8259.7,93.6,59.3,2.25,0.0,0.072,0.0,0.891,UP78FH3291,0.768,crnn
delhi_1080p_s0_t627,669,669,22.496,1258.1,725.1,1321.7,748.0,63.6,22.8,1453,2.79,MEDIUM,0.777,0,596.5,30048.3,99.4,70.7,2.6,5.0,0.149,0.0,0.913,HR26CC2083,0.956,awiros
delhi_1080p_s0_t640,670,670,22.529,202.5,859.4,298.3,918.3,95.8,58.9,5645,1.63,MEDIUM,0.793,1,281.3,10168.6,93.3,58.8,2.27,0.0,0.065,0.0,0.959,DL3CCN5712,0.999,awiros
delhi_1080p_s0_t627,670,670,22.529,1253.3,725.3,1317.5,748.8,64.3,23.5,1507,2.74,MEDIUM,0.771,0,637.1,30571.6,98.7,70.1,2.5,5.2,0.16,0.0,0.916,HR26CC2083,0.998,awiros
delhi_1080p_s0_t640,671,671,22.563,175.6,860.8,275.5,922.1,99.9,61.3,6127,1.63,MEDIUM,0.795,1,307.8,11183.4,97.4,59.5,2.3,0.0,0.055,0.0,0.975,DL3CCN5712,0.95,awiros
delhi_1080p_s0_t627,671,671,22.563,1248.4,725.9,1313.0,750.4,64.6,24.5,1581,2.64,MEDIUM,0.758,0,629.1,31135.2,96.8,72.5,2.73,4.8,0.175,0.0,0.913,HR26CC2083,1.0,awiros
delhi_1080p_s0_t640,672,672,22.597,153.7,864.0,250.9,927.6,97.1,63.6,6182,1.53,MEDIUM,0.803,1,302.6,11051.3,104.2,59.2,1.81,0.0,0.054,0.0,0.98,DL3CCN5712,0.997,awiros
delhi_1080p_s0_t627,672,672,22.597,1244.1,727.1,1309.1,751.4,65.0,24.3,1578,2.68,MEDIUM,0.768,0,702.7,32549.3,98.6,70.4,2.84,4.9,0.158,0.0,0.914,HR26CC2083,1.0,awiros
delhi_1080p_s0_t512,673,673,22.63,128.4,866.4,227.3,932.2,98.9,65.8,6508,1.5,MEDIUM,0.801,1,300.2,10983.9,107.6,58.1,1.7,0.0,0.043,0.0,0.982,DL3CCN5712,0.999,awiros
delhi_1080p_s0_t627,673,673,22.63,1240.6,727.5,1305.5,752.2,64.9,24.7,1602,2.63,MEDIUM,0.766,0,658.1,31684.0,97.8,71.7,2.55,5.1,0.163,0.0,0.919,HR26CC2083,1.0,awiros
delhi_1080p_s0_t654,673,673,22.63,954.6,689.2,1001.1,705.4,46.5,16.2,752,2.88,SMALL,0.726,0,129.1,10741.6,127.1,54.7,2.08,0.0,0.004,0.0,0.717,DL8CAP1152,0.735,crnn
delhi_1080p_s0_t640,674,674,22.664,104.4,870.5,201.0,935.7,96.7,65.2,6303,1.48,MEDIUM,0.786,1,305.5,11091.0,107.8,58.1,1.71,0.0,0.043,0.0,0.981,DL3CCN5712,0.999,awiros
delhi_1080p_s0_t627,674,674,22.664,1236.3,728.9,1301.1,752.8,64.8,23.9,1550,2.71,MEDIUM,0.78,0,641.2,30951.6,97.8,71.9,2.26,5.1,0.151,0.0,0.919,HR26CC2083,1.0,awiros
delhi_1080p_s0_t654,674,674,22.664,949.8,689.7,995.4,706.3,45.6,16.6,758,2.74,SMALL,0.746,0,112.5,10328.4,127.3,57.1,1.52,0.0,0.004,0.0,0.7,DL8EAP1373,0.623,crnn_reader_crnn_v6
delhi_1080p_s0_t640,675,675,22.698,78.4,873.4,175.6,939.7,97.1,66.3,6442,1.46,MEDIUM,0.785,1,324.8,11333.3,108.3,56.7,1.51,0.0,0.041,0.0,0.983,DL3CCN5712,1.0,awiros
delhi_1080p_s0_t627,675,675,22.698,1231.6,729.5,1296.4,753.9,64.8,24.4,1580,2.66,MEDIUM,0.785,0,670.5,31615.2,98.6,69.7,2.6,5.2,0.153,0.0,0.92,HR26CC2083,1.0,awiros
delhi_1080p_s0_t654,675,675,22.698,943.7,689.3,987.0,708.1,43.3,18.9,818,2.29,SMALL,0.692,1,82.4,9354.8,123.7,56.7,2.66,0.0,0.005,0.0,0.658,,0.0,
delhi_1080p_s0_t644,676,676,22.731,55.5,877.4,150.9,941.0,95.4,63.6,6065,1.5,MEDIUM,0.8,1,359.4,11923.2,108.7,55.6,1.67,0.0,0.042,0.0,0.982,DL3CCN5712,0.992,awiros
delhi_1080p_s0_t627,676,676,22.731,1227.4,730.2,1292.6,754.9,65.1,24.8,1615,2.63,MEDIUM,0.782,0,726.6,32679.3,96.5,72.0,2.52,5.2,0.168,0.0,0.919,HR26CC2083,1.0,awiros
delhi_1080p_s0_t654,676,676,22.731,940.2,689.6,986.8,709.5,46.6,19.8,925,2.35,SMALL,0.75,1,116.3,10377.8,112.8,60.8,2.66,0.0,0.007,0.0,0.701,DL8CA8287,0.535,crnn_reader_crnn_v6
delhi_1080p_s0_t640,677,677,22.765,27.6,882.3,125.1,949.5,97.5,67.2,6553,1.45,MEDIUM,0.795,1,367.5,11824.0,107.4,57.5,1.71,0.0,0.046,0.0,0.981,DL3CCN5712,1.0,awiros
delhi_1080p_s0_t654,677,677,22.765,934.7,690.5,970.9,708.1,36.1,17.6,636,2.05,VERY_SMALL,0.761,1,53.1,7281.5,120.8,61.7,2.91,0.0,0.0,0.0,0.597,,0.0,
delhi_1080p_s0_t627,677,677,22.765,1222.8,731.8,1288.4,755.8,65.6,24.1,1577,2.73,MEDIUM,0.757,0,752.5,32921.9,99.5,70.2,2.6,5.0,0.148,0.0,0.924,HR26CC2083,1.0,awiros
delhi_1080p_s0_t640,678,678,22.798,2.4,883.3,98.4,953.5,96.0,70.2,6733,1.37,MEDIUM,0.798,1,292.9,10965.1,104.8,55.6,0.45,0.0,0.05,0.0,0.985,DL3CCN5712,1.0,awiros
delhi_1080p_s0_t627,678,678,22.798,1218.7,732.0,1285.2,758.0,66.5,26.0,1730,2.56,MEDIUM,0.767,1,739.9,33850.8,97.3,71.1,2.49,5.0,0.166,0.0,0.927,HR26CC2083,1.0,awiros
delhi_1080p_s0_t654,678,678,22.798,930.2,690.9,957.3,707.8,27.1,16.8,456,1.61,VERY_SMALL,0.569,1,22.1,4816.3,122.6,61.0,1.83,0.0,0.0,0.0,0.538,,0.0,
delhi_1080p_s0_t627,679,679,22.832,1215.0,734.1,1281.0,759.1,66.0,25.0,1651,2.64,MEDIUM,0.756,0,692.1,32991.7,97.9,70.7,2.64,5.2,0.157,0.0,0.919,HR26CC2083,1.0,awiros
delhi_1080p_s0_t640,679,679,22.832,0.2,893.4,69.3,958.5,69.1,65.1,4498,1.06,MEDIUM,0.741,1,93.6,6853.6,101.9,54.3,0.84,0.0,0.066,0.0,0.764,CG01E7460,0.619,crnn
delhi_1080p_s0_t627,680,680,22.866,1210.9,734.7,1277.3,760.6,66.4,25.9,1718,2.56,MEDIUM,0.766,1,771.6,34155.1,97.8,71.1,2.46,4.9,0.156,0.0,0.929,HR26CC2083,1.0,awiros
delhi_1080p_s0_t482,680,680,22.866,1590.5,668.2,1622.8,677.8,32.3,9.6,310,3.36,VERY_SMALL,0.442,0,17.7,4182.8,82.2,40.3,3.57,0.0,0.137,0.0,0.513,DL10V1122,0.532,crnn
delhi_1080p_s0_t640,680,680,22.866,0.0,905.3,38.5,964.3,38.5,59.0,2272,0.65,VERY_SMALL,0.437,1,12.9,2434.3,105.9,52.3,1.67,0.0,0.086,0.0,0.557,TN16BV72,0.731,crnn_reader_crnn_v6
delhi_1080p_s0_t627,681,681,22.899,1206.8,735.7,1273.9,761.3,67.1,25.6,1717,2.62,MEDIUM,0.77,0,735.5,33170.0,99.3,70.8,2.71,5.2,0.146,0.0,0.927,HR26CC2083,1.0,awiros
delhi_1080p_s0_t627,682,682,22.933,1202.8,736.6,1270.7,762.0,67.9,25.4,1724,2.67,MEDIUM,0.76,0,766.1,33514.2,99.9,70.7,2.8,5.2,0.141,0.0,0.931,HR26CC2083,1.0,awiros
delhi_1080p_s0_t482,682,682,22.933,1588.5,669.5,1622.3,679.3,33.8,9.7,329,3.47,VERY_SMALL,0.348,0,21.1,4468.5,85.8,36.4,3.47,1.0,0.107,0.0,0.513,GJ17V972,0.592,crnn
delhi_1080p_s0_t627,683,683,22.967,1198.3,737.4,1266.6,762.8,68.3,25.4,1736,2.69,MEDIUM,0.77,0,787.8,34162.7,100.3,70.9,2.35,5.2,0.138,0.0,0.935,HR26CC2083,1.0,awiros
delhi_1080p_s0_t482,683,683,22.967,1587.4,670.2,1621.8,680.1,34.3,9.9,341,3.46,VERY_SMALL,0.387,0,23.1,5057.9,84.1,40.0,3.53,1.4,0.132,0.0,0.523,,0.0,
delhi_1080p_s0_t627,684,684,23.0,1194.7,738.2,1262.2,764.2,67.6,26.1,1761,2.59,MEDIUM,0.767,1,833.2,34378.3,98.3,71.9,2.41,5.4,0.152,0.0,0.933,HR26CC2083,1.0,awiros
delhi_1080p_s0_t482,684,684,23.0,1586.3,671.0,1621.5,681.3,35.2,10.2,361,3.44,VERY_SMALL,0.408,0,24.9,5253.6,84.1,40.2,3.76,2.0,0.136,0.0,0.526,,0.0,
delhi_1080p_s0_t654,684,684,23.0,900.4,693.6,954.4,712.7,54.0,19.1,1032,2.83,SMALL,0.287,0,174.1,11455.6,101.5,57.0,1.15,0.0,0.009,0.0,0.796,DL08DA7209,0.529,crnn
delhi_1080p_s0_t627,685,685,23.034,1190.6,739.4,1259.0,765.8,68.5,26.4,1810,2.59,MEDIUM,0.766,1,806.9,34653.9,97.6,71.3,2.47,5.3,0.151,0.0,0.936,HR26CC2083,1.0,awiros
delhi_1080p_s0_t627,686,686,23.068,1186.0,740.8,1254.8,767.2,68.8,26.4,1818,2.6,MEDIUM,0.767,0,870.3,35726.4,99.2,73.1,2.48,5.3,0.137,0.0,0.941,HR26CC2083,1.0,awiros
delhi_1080p_s0_t627,687,687,23.101,1182.0,742.3,1251.3,767.9,69.3,25.7,1779,2.7,MEDIUM,0.77,0,831.6,35800.3,98.1,73.1,2.47,5.5,0.133,0.0,0.942,HR26CC2083,1.0,awiros
delhi_1080p_s0_t669,687,687,23.101,868.5,806.1,901.2,824.5,32.7,18.4,600,1.78,VERY_SMALL,0.7,1,17.0,3870.8,103.9,59.3,2.09,0.0,0.08,0.0,0.55,,0.0,
delhi_1080p_s0_t627,688,688,23.135,1178.3,743.4,1248.0,769.4,69.7,25.9,1809,2.69,MEDIUM,0.767,0,905.5,35838.4,97.8,72.1,2.39,5.3,0.131,0.0,0.947,HR26CC2083,1.0,awiros
delhi_1080p_s0_t669,688,688,23.135,852.7,807.2,894.6,827.5,41.9,20.3,851,2.07,SMALL,0.735,1,40.5,5726.9,107.4,58.1,2.31,0.0,0.069,0.0,0.611,CG255289,0.571,crnn
delhi_1080p_s0_t627,689,689,23.168,1175.8,744.5,1245.3,770.3,69.5,25.8,1794,2.7,MEDIUM,0.784,0,784.9,33929.3,100.2,71.4,2.66,3.7,0.119,0.0,0.944,HR26CC2083,0.987,awiros
delhi_1080p_s0_t669,689,689,23.168,846.0,811.9,887.8,830.8,41.8,18.9,790,2.22,SMALL,0.704,1,32.1,4720.0,116.5,51.2,3.04,0.0,0.069,0.0,0.598,OR22D1849,0.612,crnn
delhi_1080p_s0_t671,689,689,23.168,838.7,647.3,872.2,660.8,33.5,13.5,454,2.47,VERY_SMALL,0.421,1,115.1,13147.1,124.4,63.1,1.85,4.0,0.003,0.001,0.638,UP78EM377,0.627,crnn_reader_crnn_v6
delhi_1080p_s0_t627,690,690,23.202,1173.6,745.7,1240.6,771.2,67.0,25.5,1707,2.63,MEDIUM,0.763,0,746.0,33433.2,99.7,72.4,2.78,4.3,0.115,0.0,0.931,HR26CC2083,1.0,awiros
delhi_1080p_s0_t669,690,690,23.202,832.6,813.9,880.3,833.6,47.7,19.7,939,2.42,SMALL,0.716,1,46.5,5278.6,120.1,50.0,2.55,0.0,0.065,0.0,0.646,KA025595,0.704,awiros
delhi_1080p_s0_t671,690,690,23.202,831.4,648.5,867.0,662.7,35.6,14.2,505,2.5,VERY_SMALL,0.548,1,147.6,15065.5,122.4,63.7,2.09,3.9,0.01,0.001,0.671,UP78FN52,0.821,crnn_reader_crnn_v6
delhi_1080p_s0_t534,690,690,23.202,1589.1,672.5,1622.2,681.4,33.1,8.9,295,3.71,VERY_SMALL,0.23,0,21.5,4241.6,95.2,36.0,3.51,0.0,0.069,0.0,0.513,,0.0,
delhi_1080p_s0_t627,691,691,23.236,1169.4,746.9,1233.7,771.9,64.2,25.0,1607,2.57,MEDIUM,0.756,1,649.3,31972.7,100.0,71.4,2.82,5.1,0.11,0.0,0.919,HR26CC208,1.0,awiros
delhi_1080p_s0_t669,691,691,23.236,825.2,816.1,872.8,836.1,47.6,20.0,952,2.38,SMALL,0.725,1,41.1,5213.3,120.2,50.6,2.7,0.0,0.068,0.0,0.636,OR04S6858,0.626,crnn
delhi_1080p_s0_t671,691,691,23.236,823.3,649.7,861.2,663.0,37.9,13.3,504,2.85,VERY_SMALL,0.609,0,173.6,16191.4,122.6,60.2,2.92,5.2,0.019,0.0,0.694,UP78FN5297,0.7,crnn_reader_crnn_v6
delhi_1080p_s0_t534,691,691,23.236,1589.3,671.8,1622.9,681.0,33.6,9.1,306,3.68,VERY_SMALL,0.257,0,21.6,4699.6,92.5,42.2,3.49,1.0,0.085,0.0,0.531,,0.0,
delhi_1080p_s0_t627,692,692,23.269,1165.8,748.5,1228.2,771.8,62.3,23.4,1456,2.67,MEDIUM,0.759,0,670.4,32019.0,101.6,70.8,2.61,5.3,0.089,0.0,0.91,HR26CC208,1.0,awiros
delhi_1080p_s0_t669,692,692,23.269,816.1,818.9,865.5,839.2,49.4,20.3,1003,2.44,SMALL,0.724,1,54.5,5712.0,119.8,51.2,2.18,0.0,0.065,0.0,0.659,OR095665,0.631,crnn
delhi_1080p_s0_t671,692,692,23.269,815.5,651.0,849.3,663.6,33.8,12.6,426,2.69,VERY_SMALL,0.66,0,119.4,14456.0,118.6,61.6,3.33,9.7,0.023,0.0,0.619,UP78F3291,0.871,awiros
delhi_1080p_s0_t534,692,692,23.269,1589.4,671.1,1623.0,680.6,33.6,9.6,322,3.51,VERY_SMALL,0.433,0,26.2,5542.9,87.7,45.4,3.87,1.5,0.132,0.0,0.539,,0.0,
delhi_1080p_s0_t627,693,693,23.303,1161.7,748.7,1222.1,772.7,60.5,24.0,1451,2.52,MEDIUM,0.76,1,521.7,29346.6,101.2,70.3,2.43,5.0,0.097,0.0,0.904,HR26CC208,0.913,awiros
delhi_1080p_s0_t671,693,693,23.303,807.3,651.3,842.7,665.0,35.4,13.7,485,2.58,VERY_SMALL,0.735,1,128.2,15172.5,114.4,64.1,2.49,9.1,0.02,0.0,0.638,UP18FN3291,0.826,awiros
delhi_1080p_s0_t669,693,693,23.303,809.0,821.1,857.5,841.5,48.5,20.4,990,2.38,SMALL,0.732,1,44.4,5433.5,120.9,49.9,2.5,0.0,0.059,0.0,0.645,KA035564,0.566,awiros
delhi_1080p_s0_t654,693,693,23.303,858.3,701.3,919.1,726.6,60.8,25.4,1542,2.4,MEDIUM,0.308,1,175.2,10430.6,81.0,62.2,3.18,0.0,0.066,0.0,0.805,DL03SF29,0.549,crnn_reader_crnn_v6
delhi_1080p_s0_t534,693,693,23.303,1591.1,670.4,1623.6,680.1,32.4,9.7,315,3.34,VERY_SMALL,0.272,0,22.8,5551.7,90.7,38.1,3.7,2.5,0.112,0.0,0.507,,0.0,
delhi_1080p_s0_t627,694,694,23.337,1159.5,749.4,1214.7,772.7,55.2,23.3,1289,2.37,SMALL,0.763,1,416.0,26531.1,102.8,69.2,2.22,4.7,0.077,0.0,0.885,HR26CC20,0.994,awiros
delhi_1080p_s0_t671,694,694,23.337,799.9,651.8,836.4,665.1,36.4,13.3,483,2.75,VERY_SMALL,0.746,0,149.8,16361.7,113.3,65.3,3.08,8.5,0.019,0.0,0.66,GJ18FN3291,0.747,crnn
delhi_1080p_s0_t669,694,694,23.337,801.0,822.4,851.4,842.8,50.4,20.3,1024,2.48,SMALL,0.721,1,52.3,5481.5,121.2,50.1,2.66,0.0,0.051,0.0,0.662,DL05E848,0.53,crnn_reader_crnn_v6
delhi_1080p_s0_t654,694,694,23.337,819.0,652.1,836.8,665.7,17.8,13.7,243,1.3,EXTREMELY_TINY,0.359,1,12.1,4941.0,113.2,64.6,2.47,6.7,0.022,0.0,0.465,,0.0,
delhi_1080p_s0_t534,694,694,23.337,1591.8,669.5,1625.3,679.1,33.5,9.6,321,3.49,VERY_SMALL,0.253,0,24.6,4970.7,93.1,39.5,3.37,0.0,0.088,0.0,0.531,,0.0,
delhi_1080p_s0_t671,695,695,23.37,792.3,651.0,829.3,664.8,37.0,13.9,513,2.67,VERY_SMALL,0.766,0,179.1,17960.1,108.6,65.6,2.96,7.9,0.027,0.0,0.69,UP78FH3291,0.861,awiros
delhi_1080p_s0_t627,695,695,23.37,1156.0,749.1,1209.0,772.6,53.1,23.5,1245,2.26,SMALL,0.763,1,335.2,24184.0,103.5,68.8,2.35,4.3,0.072,0.0,0.874,HR26CC20,0.998,awiros
delhi_1080p_s0_t669,695,695,23.37,794.3,823.7,844.4,844.3,50.1,20.6,1030,2.43,SMALL,0.739,1,49.3,5656.0,122.1,48.6,2.56,0.0,0.049,0.0,0.657,KA035584,0.742,awiros
delhi_1080p_s0_t654,695,695,23.37,812.0,651.3,829.6,665.4,17.6,14.2,249,1.24,EXTREMELY_TINY,0.437,1,12.4,5098.5,110.4,62.8,2.14,4.6,0.028,0.0,0.471,,0.0,
delhi_1080p_s0_t627,696,696,23.404,1152.4,748.6,1203.9,773.1,51.5,24.5,1260,2.1,SMALL,0.749,1,331.5,23909.0,101.1,69.2,1.88,4.2,0.083,0.0,0.869,HR26CC22,0.877,awiros
delhi_1080p_s0_t669,696,696,23.404,787.2,825.4,838.4,846.0,51.2,20.6,1055,2.49,SMALL,0.741,1,59.9,5990.1,121.3,50.3,2.38,0.0,0.045,0.0,0.672,OR05C6668,0.544,crnn
delhi_1080p_s0_t671,696,696,23.404,784.0,650.6,821.4,664.2,37.4,13.7,512,2.74,VERY_SMALL,0.735,0,175.2,17644.5,109.7,64.4,3.24,6.9,0.03,0.0,0.685,UP78FH3251,0.918,awiros
delhi_1080p_s0_t654,696,696,23.404,806.1,650.6,821.2,664.3,15.1,13.8,207,1.09,EXTREMELY_TINY,0.546,1,7.0,3642.6,113.7,61.9,2.53,6.1,0.033,0.0,0.444,,0.0,
delhi_1080p_s0_t671,697,697,23.437,776.2,649.3,814.0,664.1,37.8,14.8,559,2.56,VERY_SMALL,0.762,1,192.6,18415.0,106.7,66.6,2.1,8.7,0.029,0.0,0.71,UP78FH3291,0.847,awiros
delhi_1080p_s0_t669,697,697,23.437,779.9,826.9,832.4,847.8,52.5,20.9,1099,2.51,SMALL,0.739,1,60.4,6115.0,120.8,50.4,2.81,0.0,0.041,0.0,0.677,DL05S893,0.55,crnn_reader_crnn_v6
delhi_1080p_s0_t627,697,697,23.437,1148.7,747.8,1200.1,772.6,51.4,24.7,1272,2.08,SMALL,0.735,1,294.5,22703.2,101.2,69.6,1.94,0.0,0.081,0.0,0.871,HR26CC631,0.764,awiros
delhi_1080p_s0_t654,697,697,23.437,801.0,650.0,813.6,664.1,12.6,14.1,178,0.89,EXTREMELY_TINY,0.609,1,4.8,2831.8,109.5,63.4,3.61,4.1,0.036,0.0,0.429,,0.0,
delhi_1080p_s0_t671,698,698,23.471,767.4,648.8,804.1,663.5,36.7,14.7,539,2.51,VERY_SMALL,0.768,1,177.8,17926.0,107.4,65.5,2.33,7.3,0.02,0.0,0.695,UP19FH3291,0.75,awiros
delhi_1080p_s0_t627,698,698,23.471,1143.9,748.3,1188.2,772.3,44.3,24.0,1064,1.84,SMALL,0.75,1,180.1,18556.4,104.7,67.9,2.59,0.0,0.059,0.0,0.738,,0.0,
delhi_1080p_s0_t669,698,698,23.471,771.8,828.7,823.9,849.8,52.1,21.1,1100,2.47,SMALL,0.744,1,61.4,6139.2,120.2,50.3,2.84,0.0,0.041,0.0,0.677,OD05HBH8240,0.585,crnn
delhi_1080p_s0_t654,698,698,23.471,796.0,649.7,804.9,664.2,8.9,14.5,129,0.61,EXTREMELY_TINY,0.22,1,2.4,1341.0,110.5,62.6,4.08,0.0,0.013,0.0,0.417,,0.0,
delhi_1080p_s0_t671,699,699,23.505,756.5,648.1,794.3,663.2,37.8,15.0,568,2.51,VERY_SMALL,0.775,1,190.2,18564.0,107.4,65.8,2.2,8.5,0.041,0.0,0.707,UP78FM3231,0.921,awiros
delhi_1080p_s0_t669,699,699,23.505,763.0,830.4,815.0,851.9,52.0,21.4,1115,2.43,SMALL,0.749,1,61.4,6148.8,120.1,50.3,2.34,0.0,0.037,0.0,0.682,OD015581,0.57,crnn
delhi_1080p_s0_t627,699,699,23.505,1138.3,748.4,1181.6,773.5,43.3,25.1,1089,1.72,SMALL,0.744,1,160.4,17560.8,102.5,69.5,2.51,13.3,0.065,0.0,0.692,,0.0,
delhi_1080p_s0_t534,699,699,23.505,1592.2,665.9,1625.8,675.7,33.6,9.8,328,3.43,VERY_SMALL,0.239,0,22.3,4639.1,93.5,44.1,3.82,0.0,0.109,0.0,0.534,,0.0,
delhi_1080p_s0_t671,700,700,23.538,745.3,648.0,783.6,662.9,38.4,14.9,570,2.58,VERY_SMALL,0.781,1,221.2,20042.3,106.9,66.3,2.46,7.3,0.037,0.0,0.736,UP78F3231,0.899,awiros
delhi_1080p_s0_t627,700,700,23.538,1132.1,748.9,1172.3,774.1,40.2,25.1,1012,1.6,SMALL,0.748,1,132.2,16066.7,101.6,69.0,2.64,0.0,0.071,0.0,0.677,,0.0,
delhi_1080p_s0_t669,700,700,23.538,752.9,832.4,805.0,853.9,52.0,21.5,1121,2.42,SMALL,0.731,1,70.7,6509.6,121.0,49.6,2.2,0.0,0.04,0.0,0.69,DD15SBM6,0.526,crnn
delhi_1080p_s0_t534,700,700,23.538,1590.1,666.0,1624.1,675.9,34.0,9.9,335,3.45,VERY_SMALL,0.212,0,31.1,5834.8,93.5,42.1,4.03,1.0,0.11,0.0,0.536,DL1RTA5056,0.95,awiros
delhi_1080p_s0_t671,701,701,23.572,734.8,647.5,772.9,662.6,38.1,15.1,576,2.52,VERY_SMALL,0.777,1,202.7,19585.2,106.1,66.3,1.87,8.4,0.021,0.0,0.722,UP18F5291,0.788,awiros
delhi_1080p_s0_t669,701,701,23.572,745.3,834.9,795.5,855.2,50.2,20.3,1020,2.47,SMALL,0.731,1,54.9,5964.2,121.4,46.5,2.21,0.0,0.037,0.0,0.666,OD05GBH7290,0.553,crnn
delhi_1080p_s0_t627,701,701,23.572,1127.1,749.8,1162.0,773.6,34.9,23.8,830,1.47,VERY_SMALL,0.724,1,86.8,13680.6,105.8,69.0,2.92,12.5,0.051,0.0,0.595,,0.0,
delhi_1080p_s0_t534,701,701,23.572,1588.5,666.1,1622.4,675.8,34.0,9.7,330,3.49,VERY_SMALL,0.26,0,31.3,5896.8,93.7,42.8,4.11,1.0,0.108,0.0,0.537,,0.0,
delhi_1080p_s0_t671,702,702,23.606,724.1,647.4,762.4,662.5,38.3,15.0,575,2.55,VERY_SMALL,0.766,1,200.0,19658.5,106.4,66.2,2.07,7.5,0.038,0.0,0.718,UP78FH9291,0.866,awiros
delhi_1080p_s0_t669,702,702,23.606,732.9,835.8,787.9,857.7,55.1,21.9,1206,2.52,SMALL,0.749,1,74.0,6667.3,120.1,48.4,2.23,0.0,0.04,0.0,0.704,OD05BBN7290,0.563,crnn
delhi_1080p_s0_t627,702,702,23.606,1121.1,750.3,1156.2,774.9,35.1,24.6,862,1.43,VERY_SMALL,0.607,1,81.5,12825.1,103.6,66.5,2.84,15.8,0.06,0.0,0.585,,0.0,
delhi_1080p_s0_t534,702,702,23.606,1587.9,666.1,1620.8,675.5,32.9,9.4,309,3.49,VERY_SMALL,0.259,0,27.5,5472.1,100.0,38.5,2.86,0.0,0.07,0.0,0.532,,0.0,
delhi_1080p_s0_t671,703,703,23.639,702.5,647.1,741.0,662.7,38.5,15.7,603,2.46,VERY_SMALL,0.769,1,220.7,20688.7,106.9,65.6,2.17,7.2,0.036,0.0,0.739,UP78FH9291,0.924,awiros
delhi_1080p_s0_t669,703,703,23.639,712.8,836.6,771.8,860.3,59.0,23.7,1397,2.49,SMALL,0.744,1,101.2,7787.1,115.1,52.2,1.76,0.0,0.048,0.0,0.75,OD08S6352,0.516,crnn
delhi_1080p_s0_t627,703,703,23.639,1108.5,751.0,1186.1,783.1,77.6,32.1,2489,2.42,MEDIUM,0.617,1,794.7,31417.1,100.1,69.3,1.77,2.6,0.115,0.003,0.968,HR288693,0.79,awiros
delhi_1080p_s0_t534,703,703,23.639,1585.5,665.8,1618.9,675.4,33.4,9.6,320,3.48,VERY_SMALL,0.428,0,21.4,4679.7,101.9,40.3,2.55,0.0,0.075,0.0,0.535,,0.0,
delhi_1080p_s0_t671,704,704,23.673,690.8,647.8,728.9,662.9,38.1,15.1,577,2.52,VERY_SMALL,0.761,1,206.0,20139.6,109.4,65.6,2.01,6.4,0.044,0.0,0.725,UP76FH3231,0.936,awiros
delhi_1080p_s0_t627,704,704,23.673,1102.2,751.6,1180.1,785.1,77.9,33.5,2608,2.33,MEDIUM,0.682,1,923.7,33154.2,100.9,69.1,1.0,0.0,0.111,0.003,0.979,DN200082,0.501,crnn
delhi_1080p_s0_t669,704,704,23.673,699.6,837.2,758.8,861.4,59.2,24.1,1429,2.45,SMALL,0.676,1,107.8,8341.4,117.3,51.1,2.02,0.0,0.04,0.0,0.754,OD155878,0.587,crnn
delhi_1080p_s0_t534,704,704,23.673,1584.3,665.7,1618.5,675.2,34.2,9.5,324,3.61,VERY_SMALL,0.204,0,22.3,4772.3,101.1,38.5,2.8,0.0,0.083,0.0,0.531,,0.0,
delhi_1080p_s0_t671,705,705,23.706,679.6,647.9,718.1,663.6,38.5,15.7,606,2.45,VERY_SMALL,0.768,1,217.3,20853.7,106.9,64.6,1.71,8.3,0.029,0.0,0.739,UP78F3251,0.851,awiros
delhi_1080p_s0_t669,705,705,23.706,686.9,838.6,746.2,863.2,59.3,24.6,1460,2.41,SMALL,0.724,1,94.4,7852.5,117.7,51.8,2.22,0.0,0.035,0.0,0.745,DD566623,0.644,crnn
delhi_1080p_s0_t654,705,705,23.706,1097.7,753.0,1122.8,766.3,25.1,13.2,333,1.9,VERY_SMALL,0.701,1,30.1,7611.5,114.1,68.3,2.05,0.0,0.0,0.0,0.531,,0.0,
delhi_1080p_s0_t627,705,705,23.706,1096.2,752.5,1174.3,786.0,78.1,33.5,2616,2.33,MEDIUM,0.609,1,884.0,32597.0,102.2,69.4,1.28,0.0,0.1,0.003,0.978,HR27K2083,0.868,awiros
delhi_1080p_s0_t671,706,706,23.74,666.8,647.7,706.5,663.9,39.7,16.2,642,2.45,VERY_SMALL,0.77,1,236.7,21575.0,106.7,65.9,1.57,8.4,0.032,0.0,0.759,UP78FH9251,0.898,awiros
delhi_1080p_s0_t669,706,706,23.74,671.7,842.2,729.2,866.0,57.4,23.8,1367,2.41,SMALL,0.704,1,104.1,8096.9,121.5,47.7,1.94,0.0,0.028,0.0,0.749,,0.0,
delhi_1080p_s0_t627,706,706,23.74,1090.8,756.8,1168.2,786.2,77.4,29.4,2273,2.63,MEDIUM,0.533,0,995.0,33466.8,107.5,67.3,1.83,0.0,0.068,0.004,0.976,HR243083,0.964,awiros
delhi_1080p_s0_t654,706,706,23.74,1091.9,753.2,1119.9,768.3,28.1,15.1,423,1.86,VERY_SMALL,0.533,1,39.0,8240.4,110.4,66.3,1.86,0.0,0.007,0.0,0.555,GJ02HR34,0.551,crnn_reader_crnn_v6
delhi_1080p_s0_t534,706,706,23.74,1581.1,665.5,1615.3,674.2,34.3,8.8,300,3.92,VERY_SMALL,0.347,0,21.7,4733.5,103.7,40.3,3.64,0.0,0.066,0.0,0.535,,0.0,
delhi_1080p_s0_t671,707,707,23.774,654.4,647.6,693.8,664.1,39.5,16.6,654,2.38,VERY_SMALL,0.779,1,233.1,21434.0,105.6,65.6,1.73,8.6,0.033,0.0,0.755,UP78FH3291,0.801,awiros
delhi_1080p_s0_t669,707,707,23.774,653.6,844.9,727.3,873.4,73.7,28.5,2100,2.59,MEDIUM,0.722,1,149.6,9128.2,109.0,56.6,1.79,0.0,0.065,0.0,0.853,DD56BH2749,0.613,crnn
delhi_1080p_s0_t534,707,707,23.774,1579.4,665.1,1613.7,674.4,34.3,9.3,318,3.7,VERY_SMALL,0.535,0,25.2,5013.6,104.3,36.0,2.98,0.0,0.066,0.0,0.525,,0.0,
delhi_1080p_s0_t627,707,707,23.774,1096.8,758.8,1162.3,787.5,65.5,28.7,1880,2.29,MEDIUM,0.527,1,647.8,29357.1,104.5,66.9,1.62,0.0,0.061,0.003,0.948,HR24CS2083,0.728,crnn_reader_crnn_v6
delhi_1080p_s0_t671,708,708,23.807,642.6,648.5,681.6,664.6,39.0,16.1,628,2.42,VERY_SMALL,0.78,1,229.5,21188.6,107.3,65.2,1.69,6.4,0.037,0.0,0.755,UP78FH3231,0.922,awiros
delhi_1080p_s0_t669,708,708,23.807,641.2,851.1,695.0,875.6,53.8,24.5,1317,2.2,SMALL,0.652,1,73.8,6385.7,127.1,46.8,1.49,0.0,0.015,0.0,0.709,OD05G0240,0.522,crnn
delhi_1080p_s0_t534,708,708,23.807,1578.1,665.0,1612.7,674.7,34.7,9.8,338,3.55,VERY_SMALL,0.633,0,29.4,5563.5,99.2,46.4,3.37,0.0,0.091,0.0,0.556,,0.0,
delhi_1080p_s0_t627,708,708,23.807,1078.6,758.7,1156.7,789.8,78.1,31.1,2430,2.51,MEDIUM,0.579,1,1081.2,33549.0,103.9,65.9,1.7,0.0,0.059,0.003,0.979,DL2TCF2083,0.617,crnn_reader_crnn_v6
delhi_1080p_s0_t671,709,709,23.841,629.2,649.4,669.6,666.3,40.4,16.9,682,2.39,SMALL,0.767,1,215.5,20515.4,105.8,64.6,1.95,7.4,0.025,0.0,0.745,UP78FH3251,0.928,awiros
delhi_1080p_s0_t669,709,709,23.841,623.4,856.2,678.1,880.3,54.7,24.1,1317,2.27,SMALL,0.693,1,62.8,5571.6,129.5,43.0,2.0,0.0,0.005,0.0,0.694,DD56BH2232,0.7,crnn
delhi_1080p_s0_t627,709,709,23.841,1069.7,761.4,1148.6,790.4,78.9,29.0,2283,2.72,MEDIUM,0.615,0,1120.0,34706.9,107.6,67.0,1.59,0.0,0.041,0.005,0.981,DL4CC2083,0.654,crnn
delhi_1080p_s0_t534,709,709,23.841,1576.5,665.7,1611.8,675.4,35.3,9.7,342,3.64,VERY_SMALL,0.365,0,24.3,4864.6,103.7,39.3,2.98,0.0,0.067,0.0,0.543,,0.0,
delhi_1080p_s0_t654,709,709,23.841,1070.3,755.2,1086.6,781.6,16.3,26.3,429,0.62,EXTREMELY_TINY,0.225,1,5.1,2516.6,106.9,63.3,2.76,0.0,0.029,0.0,0.459,,0.0,
delhi_1080p_s0_t671,710,710,23.875,616.0,648.9,657.3,666.0,41.2,17.1,707,2.41,SMALL,0.77,1,256.9,22355.3,104.9,66.3,1.72,0.0,0.026,0.0,0.797,UP78FH3231,0.862,awiros
delhi_1080p_s0_t669,710,710,23.875,603.9,859.9,685.1,888.7,81.2,28.7,2334,2.83,MEDIUM,0.703,0,202.1,10081.0,106.8,59.3,2.35,0.0,0.073,0.0,0.892,MP55EA37,0.535,crnn_reader_crnn_v6
delhi_1080p_s0_t627,710,710,23.875,1084.8,764.1,1139.3,790.5,54.6,26.4,1440,2.07,SMALL,0.681,1,387.1,25973.0,103.7,65.1,2.78,0.4,0.047,0.006,0.881,DL6CC2083,0.87,crnn+crnn_reader_crnn_v6
delhi_1080p_s0_t534,710,710,23.875,1575.8,665.4,1610.7,675.9,34.9,10.4,365,3.34,VERY_SMALL,0.481,0,28.3,6234.9,96.8,43.5,2.78,1.0,0.109,0.0,0.552,,0.0,
delhi_1080p_s0_t654,711,711,23.908,603.1,648.7,644.1,667.8,40.9,19.1,780,2.15,SMALL,0.758,1,254.9,23231.9,102.8,66.5,0.89,5.6,0.037,0.0,0.788,UP78FR3291,0.756,crnn
delhi_1080p_s0_t627,711,711,23.908,1076.3,764.5,1128.7,791.6,52.4,27.0,1417,1.94,SMALL,0.726,1,340.8,25174.4,101.1,69.0,3.17,0.5,0.066,0.006,0.868,26CC2083,0.9,awiros
delhi_1080p_s0_t669,711,711,23.908,588.1,866.1,643.8,891.4,55.7,25.3,1407,2.2,SMALL,0.693,1,54.5,5114.0,129.0,41.0,1.96,0.0,0.003,0.0,0.685,DL05S845,0.624,crnn_reader_crnn_v6
delhi_1080p_s0_t534,711,711,23.908,1574.9,665.6,1609.8,675.9,34.9,10.3,360,3.38,VERY_SMALL,0.57,0,23.3,4800.4,100.1,45.9,3.54,0.0,0.093,0.0,0.55,,0.0,
delhi_1080p_s0_t671,712,712,23.942,590.3,650.1,631.2,667.5,40.8,17.4,710,2.35,SMALL,0.763,1,253.6,21951.9,105.7,65.3,1.49,8.2,0.037,0.0,0.781,UP38FH3291,0.906,awiros
delhi_1080p_s0_t627,712,712,23.942,1065.8,764.7,1119.5,792.2,53.6,27.5,1476,1.95,SMALL,0.739,1,370.5,25356.1,98.4,68.4,2.91,2.8,0.075,0.006,0.869,KL26CC2081,0.81,crnn_reader_crnn_v6
delhi_1080p_s0_t669,712,712,23.942,569.7,871.8,625.9,897.0,56.2,25.2,1417,2.23,SMALL,0.697,1,63.7,5286.0,128.1,43.9,1.67,0.0,0.006,0.0,0.708,DL05S840,0.558,crnn_reader_crnn_v6
delhi_1080p_s0_t534,712,712,23.942,1573.3,665.5,1608.8,676.1,35.4,10.6,375,3.35,VERY_SMALL,0.614,0,32.8,6887.3,98.4,43.6,2.54,1.5,0.105,0.0,0.562,,0.0,
delhi_1080p_s0_t671,713,713,23.975,578.1,650.7,619.2,668.2,41.0,17.5,719,2.34,SMALL,0.783,1,223.9,20590.9,105.7,64.3,1.56,5.0,0.025,0.0,0.763,UP78FH9291,0.875,awiros
delhi_1080p_s0_t627,713,713,23.975,1054.9,765.7,1110.2,793.5,55.3,27.8,1535,1.99,SMALL,0.748,1,360.2,25403.6,98.1,69.3,3.04,1.9,0.069,0.006,0.877,HR26CC201,0.865,awiros
delhi_1080p_s0_t669,713,713,23.975,546.8,875.3,609.6,901.5,62.7,26.2,1646,2.39,MEDIUM,0.686,1,68.2,5554.9,125.9,42.6,2.34,0.0,0.007,0.0,0.733,,0.0,
delhi_1080p_s0_t534,713,713,23.975,1571.3,665.8,1607.8,676.2,36.5,10.3,377,3.54,VERY_SMALL,0.518,0,42.0,6870.8,101.8,39.4,3.09,0.0,0.057,0.0,0.566,,0.0,
delhi_1080p_s0_t676,713,713,23.975,167.5,935.8,346.0,1080.0,178.4,144.2,25726,1.24,LARGE,0.228,1,589.2,12134.7,72.3,61.5,0.36,0.0,0.163,0.0,0.981,KA54KA57,0.522,awiros
delhi_1080p_s0_t671,714,714,24.009,564.2,651.3,606.1,668.6,41.9,17.3,724,2.42,SMALL,0.757,1,246.2,21342.4,106.1,62.3,1.35,3.3,0.021,0.0,0.79,UP78FH9291,0.891,awiros
delhi_1080p_s0_t627,714,714,24.009,1044.1,766.2,1101.7,795.4,57.6,29.3,1686,1.97,SMALL,0.729,1,429.9,26612.0,95.6,68.6,2.64,0.0,0.07,0.005,0.896,HR26CC20,0.89,awiros
delhi_1080p_s0_t669,714,714,24.009,530.8,881.5,587.7,907.1,56.9,25.6,1456,2.22,SMALL,0.619,1,52.7,4605.2,126.9,43.9,2.25,0.0,0.007,0.0,0.698,DL10F558,0.544,crnn_reader_crnn_v6
delhi_1080p_s0_t534,714,714,24.009,1569.8,666.5,1607.0,677.3,37.2,10.8,402,3.44,VERY_SMALL,0.467,0,34.3,6913.2,94.4,47.7,3.37,1.5,0.115,0.0,0.567,,0.0,
delhi_1080p_s0_t627,715,715,24.043,1033.3,767.0,1091.7,796.8,58.3,29.8,1739,1.96,SMALL,0.745,1,406.2,25812.6,95.0,68.6,2.44,0.0,0.069,0.002,0.903,HR26CC20,0.999,awiros
delhi_1080p_s0_t654,715,715,24.043,549.0,652.0,591.8,670.8,42.9,18.8,805,2.28,SMALL,0.72,1,222.3,19400.3,104.3,65.4,1.55,6.6,0.015,0.0,0.768,UP78FK9291,0.93,crnn
delhi_1080p_s0_t669,715,715,24.043,508.6,887.7,566.4,912.4,57.8,24.7,1430,2.34,SMALL,0.705,1,50.4,4371.4,126.2,42.6,2.27,0.0,0.01,0.0,0.695,DD56BH2352,0.638,crnn
delhi_1080p_s0_t534,715,715,24.043,1566.8,666.6,1605.4,677.8,38.6,11.2,432,3.46,VERY_SMALL,0.48,0,44.0,7858.1,95.1,47.2,3.65,2.0,0.105,0.0,0.581,,0.0,
delhi_1080p_s0_t671,716,716,24.076,536.4,654.0,577.7,670.6,41.3,16.6,685,2.49,SMALL,0.75,1,194.2,18002.8,108.8,62.2,1.88,5.9,0.021,0.0,0.734,UP78FH9231,0.848,awiros
delhi_1080p_s0_t627,716,716,24.076,1023.8,768.4,1081.3,797.4,57.4,29.0,1668,1.98,SMALL,0.75,1,457.5,27281.2,95.5,66.6,2.44,1.7,0.061,0.0,0.901,HP28BH2600,0.632,crnn
delhi_1080p_s0_t669,716,716,24.076,483.8,893.8,543.6,919.2,59.9,25.4,1520,2.36,SMALL,0.731,1,57.1,4290.8,124.6,42.2,2.06,0.0,0.013,0.0,0.708,DL14QF5585,0.541,crnn_reader_crnn_v6
delhi_1080p_s0_t534,716,716,24.076,1564.9,667.4,1603.4,678.3,38.5,10.9,420,3.53,VERY_SMALL,0.62,0,44.0,7672.1,94.0,49.8,3.53,1.5,0.11,0.0,0.582,,0.0,
delhi_1080p_s0_t676,716,716,24.076,26.9,972.3,244.9,1080.0,217.9,107.7,23480,2.02,LARGE,0.414,1,686.0,11450.6,64.6,57.2,0.58,0.0,0.199,0.0,0.975,KA52KA04,0.635,awiros
delhi_1080p_s0_t691,717,717,24.11,1014.5,769.0,1065.7,797.1,51.2,28.0,1436,1.83,SMALL,0.78,1,295.8,23647.6,99.3,69.1,3.01,3.6,0.056,0.0,0.856,HR26CC21,0.871,awiros
delhi_1080p_s0_t671,717,717,24.11,522.1,653.4,564.0,671.1,41.9,17.7,741,2.37,SMALL,0.749,1,187.1,17483.8,107.0,61.4,1.97,1.0,0.018,0.0,0.74,UP75FH9231,0.921,crnn
delhi_1080p_s0_t669,717,717,24.11,457.8,899.3,518.0,925.5,60.3,26.1,1574,2.31,MEDIUM,0.649,1,47.6,3555.4,124.3,41.3,2.21,0.0,0.016,0.0,0.7,DL1CQ9558,0.541,crnn_reader_crnn_v6
delhi_1080p_s0_t534,717,717,24.11,1563.2,667.7,1601.5,678.9,38.3,11.2,430,3.42,VERY_SMALL,0.576,0,47.6,8349.5,95.6,47.4,3.5,2.0,0.116,0.0,0.584,,0.0,
delhi_1080p_s0_t691,718,718,24.144,1007.8,769.7,1056.6,798.4,48.8,28.6,1397,1.7,SMALL,0.785,1,266.5,22379.1,99.6,67.9,2.49,11.0,0.059,0.0,0.815,HR26CC31,0.81,awiros
delhi_1080p_s0_t669,718,718,24.144,433.8,905.3,491.2,932.1,57.5,26.9,1544,2.14,SMALL,0.754,1,41.6,3146.6,125.7,41.4,2.26,0.0,0.007,0.0,0.684,,0.0,
delhi_1080p_s0_t671,718,718,24.144,508.9,653.7,550.1,671.7,41.2,18.0,743,2.29,SMALL,0.726,1,179.1,16783.9,106.3,64.1,2.01,1.2,0.012,0.0,0.733,UP18FH9291,0.844,awiros
delhi_1080p_s0_t534,718,718,24.144,1563.0,668.5,1601.3,680.0,38.2,11.5,439,3.33,VERY_SMALL,0.561,0,50.4,8444.6,95.4,46.4,3.18,2.0,0.119,0.0,0.585,,0.0,
delhi_1080p_s0_t691,719,719,24.177,1000.1,770.6,1047.1,798.9,47.0,28.3,1331,1.66,SMALL,0.792,1,210.8,20214.7,100.7,69.1,2.84,13.2,0.059,0.0,0.751,HR26CC00,0.833,awiros
delhi_1080p_s0_t671,719,719,24.177,495.2,654.0,537.1,671.5,41.9,17.5,733,2.39,SMALL,0.74,1,171.5,16144.6,108.7,59.6,2.2,0.0,0.009,0.0,0.728,UP18FH9291,0.855,awiros
delhi_1080p_s0_t669,719,719,24.177,405.1,910.8,464.3,936.9,59.1,26.1,1542,2.27,SMALL,0.68,1,47.5,3526.2,127.3,40.8,1.78,0.0,0.001,0.0,0.695,,0.0,
delhi_1080p_s0_t534,719,719,24.177,1563.1,669.0,1600.4,680.5,37.3,11.4,426,3.26,VERY_SMALL,0.487,0,37.9,7615.3,94.8,49.9,3.22,1.5,0.129,0.0,0.57,,0.0,
delhi_1080p_s0_t671,720,720,24.211,481.8,654.5,524.4,672.9,42.6,18.5,787,2.31,SMALL,0.77,1,183.0,16709.9,106.0,63.1,1.95,0.0,0.009,0.0,0.743,AP11E6244,0.616,crnn
delhi_1080p_s0_t669,720,720,24.211,377.1,918.7,434.0,944.2,56.9,25.5,1452,2.23,SMALL,0.761,1,43.1,3147.1,129.6,40.7,1.86,0.0,0.002,0.0,0.679,,0.0,
delhi_1080p_s0_t627,720,720,24.211,991.4,771.0,1035.7,801.1,44.4,30.0,1333,1.48,SMALL,0.756,1,171.7,17609.0,97.5,68.7,2.28,13.4,0.082,0.0,0.709,,0.0,
delhi_1080p_s0_t534,720,720,24.211,1562.3,669.9,1599.9,681.5,37.6,11.6,435,3.25,VERY_SMALL,0.603,0,41.5,7633.4,94.8,48.0,3.05,1.0,0.124,0.0,0.58,,0.0,
delhi_1080p_s0_t691,721,721,24.244,984.9,773.6,1023.5,803.0,38.7,29.4,1139,1.31,VERY_SMALL,0.759,1,104.2,14129.6,97.0,68.4,2.09,13.4,0.076,0.0,0.628,HP26HK260,0.862,crnn_reader_crnn_v6
delhi_1080p_s0_t654,721,721,24.244,465.0,654.4,509.5,675.0,44.5,20.6,916,2.16,SMALL,0.732,1,190.9,16969.8,103.4,64.1,1.44,0.0,0.003,0.0,0.762,PY71EV6244,0.524,crnn
delhi_1080p_s0_t669,721,721,24.244,346.2,926.7,401.5,951.3,55.3,24.6,1360,2.25,SMALL,0.72,1,30.7,2716.5,129.4,40.2,1.79,0.0,0.001,0.0,0.664,,0.0,
delhi_1080p_s0_t534,721,721,24.244,1559.9,670.8,1599.1,682.2,39.2,11.4,445,3.44,VERY_SMALL,0.477,0,44.5,7896.9,91.8,49.5,3.01,2.0,0.133,0.0,0.584,HP06C7799,0.619,crnn
delhi_1080p_s0_t669,722,722,24.278,314.6,933.6,368.3,959.3,53.7,25.7,1378,2.09,SMALL,0.761,1,28.9,2682.0,129.3,39.0,1.51,0.0,0.001,0.0,0.649,UP065589,0.512,crnn_reader_crnn_v6
delhi_1080p_s0_t627,722,722,24.278,975.0,773.5,1011.0,802.8,36.0,29.3,1055,1.23,VERY_SMALL,0.74,1,77.3,11907.1,98.5,66.6,2.08,14.5,0.076,0.0,0.592,,0.0,
delhi_1080p_s0_t671,722,722,24.278,452.5,655.6,495.3,674.2,42.7,18.5,792,2.3,SMALL,0.681,1,158.0,15178.7,106.5,61.2,1.77,2.9,0.005,0.0,0.719,UP18FH9231,0.895,awiros
delhi_1080p_s0_t534,722,722,24.278,1558.9,670.6,1597.8,682.2,39.0,11.7,455,3.33,VERY_SMALL,0.655,0,42.7,7673.7,92.1,47.9,2.79,2.0,0.134,0.0,0.584,,0.0,
delhi_1080p_s0_t627,723,723,24.312,969.1,775.6,1000.5,803.3,31.4,27.7,870,1.14,VERY_SMALL,0.726,1,45.2,9216.2,100.1,66.6,2.14,14.6,0.051,0.0,0.544,,0.0,
delhi_1080p_s0_t671,723,723,24.312,438.8,655.5,481.6,674.5,42.8,19.0,811,2.26,SMALL,0.667,1,147.4,14572.3,105.7,62.0,1.96,3.5,0.004,0.0,0.708,GJ10S6284,0.701,crnn
delhi_1080p_s0_t669,723,723,24.312,283.6,940.1,334.6,965.9,50.9,25.7,1310,1.98,SMALL,0.639,1,22.9,2344.9,129.5,38.0,1.41,0.0,0.001,0.0,0.63,TR79C2223,0.565,crnn
delhi_1080p_s0_t534,723,723,24.312,1558.4,670.5,1596.9,681.9,38.5,11.3,436,3.4,VERY_SMALL,0.622,0,42.1,7726.4,95.2,48.7,3.39,1.5,0.105,0.0,0.582,,0.0,
delhi_1080p_s0_t671,724,724,24.345,425.4,655.2,467.8,674.1,42.4,18.9,799,2.25,SMALL,0.69,1,135.9,13695.8,107.4,62.6,1.65,3.0,0.0,0.0,0.698,UP18FH9231,0.906,awiros
delhi_1080p_s0_t534,724,724,24.345,1557.4,669.7,1596.7,680.6,39.3,11.0,431,3.59,VERY_SMALL,0.608,0,50.7,8347.8,95.7,46.7,3.62,1.5,0.107,0.0,0.591,,0.0,
delhi_1080p_s0_t691,724,724,24.345,962.1,776.3,987.1,805.2,25.0,28.8,721,0.87,VERY_SMALL,0.494,1,21.4,6486.1,99.9,66.5,1.96,0.0,0.057,0.0,0.519,LA028192,0.503,crnn
delhi_1080p_s0_t669,724,724,24.345,251.1,946.5,301.4,972.6,50.3,26.1,1316,1.92,SMALL,0.249,1,24.5,2399.3,129.2,38.8,1.52,0.0,0.004,0.0,0.629,UP855598,0.515,crnn_reader_crnn_v6
delhi_1080p_s0_t671,725,725,24.379,411.7,655.4,454.1,673.7,42.4,18.4,778,2.31,SMALL,0.679,1,119.3,12598.0,107.4,61.1,1.61,0.0,0.001,0.0,0.694,AP09R2366,0.648,crnn
delhi_1080p_s0_t534,725,725,24.379,1557.2,669.4,1595.9,680.3,38.7,10.9,423,3.54,VERY_SMALL,0.67,0,48.8,8044.7,94.9,52.2,3.75,1.0,0.115,0.0,0.585,,0.0,
delhi_1080p_s0_t534,726,726,24.413,1554.8,669.2,1594.1,680.3,39.3,11.1,439,3.53,VERY_SMALL,0.666,0,55.4,8358.5,95.1,52.4,3.68,1.0,0.109,0.0,0.591,,0.0,
delhi_1080p_s0_t671,726,726,24.413,396.3,654.9,438.2,673.4,41.9,18.5,777,2.26,SMALL,0.422,1,109.3,11988.5,108.0,60.9,1.44,1.5,0.001,0.0,0.68,UP78FH9291,0.844,crnn_reader_crnn_v6
delhi_1080p_s0_t534,727,727,24.446,1553.1,669.6,1592.1,680.8,38.9,11.1,433,3.5,VERY_SMALL,0.691,0,49.5,8657.4,96.9,48.5,3.53,1.5,0.114,0.0,0.586,DL1CW0942,0.997,awiros
delhi_1080p_s0_t671,727,727,24.446,380.2,654.4,423.2,673.8,43.0,19.4,836,2.21,SMALL,0.675,1,125.2,12811.1,106.7,61.5,1.52,0.0,0.001,0.0,0.703,AP76S6266,0.679,crnn
delhi_1080p_s0_t691,727,727,24.446,648.0,669.6,750.0,718.6,102.0,49.0,5003,2.08,MEDIUM,0.277,1,1343.5,28290.0,167.7,57.2,0.36,0.0,0.008,0.029,0.985,GJ07F4777,0.545,crnn
delhi_1080p_s0_t534,728,728,24.48,1551.9,670.6,1591.5,682.7,39.6,12.1,478,3.28,VERY_SMALL,0.732,0,57.7,8994.9,93.4,50.2,2.14,2.0,0.117,0.0,0.608,DL1CW0723,0.674,crnn_reader_crnn_v6
delhi_1080p_s0_t671,728,728,24.48,364.8,655.0,408.6,674.2,43.8,19.2,840,2.28,SMALL,0.68,1,128.7,12727.7,108.0,59.3,1.48,1.9,0.001,0.0,0.703,UP18FH3231,0.799,awiros
delhi_1080p_s0_t534,729,729,24.513,1551.8,672.5,1590.8,684.6,39.0,12.1,472,3.22,VERY_SMALL,0.728,0,47.1,8147.3,93.6,49.5,2.47,2.0,0.112,0.0,0.593,,0.0,
delhi_1080p_s0_t671,729,729,24.513,350.0,657.8,392.5,675.0,42.5,17.1,728,2.48,SMALL,0.676,1,88.5,10262.1,111.2,56.1,2.1,0.0,0.001,0.0,0.664,UP10S2366,0.605,crnn
delhi_1080p_s0_t534,730,730,24.547,1549.5,674.8,1588.6,686.5,39.1,11.7,457,3.35,VERY_SMALL,0.722,0,50.5,8348.6,93.0,52.0,2.43,2.0,0.113,0.0,0.599,DL1CW0723,0.649,crnn_reader_crnn_v6
delhi_1080p_s0_t671,730,730,24.547,334.5,658.8,377.6,677.1,43.0,18.3,785,2.36,SMALL,0.623,1,90.9,10196.7,109.5,57.0,2.03,2.3,0.001,0.0,0.663,UP18F3291,0.776,awiros
delhi_1080p_s0_t534,731,731,24.581,1548.2,675.8,1587.3,687.4,39.1,11.7,456,3.36,VERY_SMALL,0.737,0,46.7,8102.5,93.2,51.9,2.56,1.5,0.113,0.0,0.596,DL1CW6542,0.804,awiros
delhi_1080p_s0_t534,732,732,24.614,1547.9,675.4,1586.8,686.5,38.9,11.1,433,3.49,VERY_SMALL,0.74,0,55.7,8393.7,95.0,54.0,3.12,1.0,0.107,0.0,0.597,DL1CW0723,0.676,crnn_reader_crnn_v6
delhi_1080p_s0_t534,733,733,24.648,1547.2,674.4,1586.5,686.2,39.3,11.8,464,3.34,VERY_SMALL,0.697,0,44.9,8204.8,91.8,54.8,3.03,1.0,0.137,0.0,0.589,DL1CW0942,0.996,awiros
delhi_1080p_s0_t534,734,734,24.682,1547.4,674.0,1586.0,685.7,38.6,11.7,453,3.28,VERY_SMALL,0.727,0,54.4,8239.7,95.6,53.1,2.87,0.0,0.1,0.0,0.6,DL1CW4123,0.713,crnn_reader_crnn_v6
delhi_1080p_s0_t534,735,735,24.715,1544.7,674.5,1584.1,686.3,39.4,11.8,464,3.35,VERY_SMALL,0.71,0,44.1,8009.3,92.2,53.7,2.65,1.0,0.142,0.0,0.591,,0.0,
delhi_1080p_s0_t534,736,736,24.749,1544.0,674.3,1582.9,686.6,38.9,12.3,477,3.17,VERY_SMALL,0.721,0,41.6,7705.8,93.6,49.5,2.1,1.5,0.135,0.0,0.59,,0.0,
delhi_1080p_s0_t654,736,736,24.749,437.8,729.8,491.7,766.6,53.9,36.8,1985,1.47,SMALL,0.25,1,51.4,5480.8,82.3,65.0,1.57,3.0,0.04,0.0,0.682,MH42B4175,0.644,crnn_reader_crnn_v6
delhi_1080p_s0_t534,737,737,24.782,1542.6,673.9,1581.5,686.5,39.0,12.6,491,3.09,VERY_SMALL,0.707,0,43.5,7551.4,92.1,48.7,2.52,2.6,0.124,0.0,0.591,,0.0,
delhi_1080p_s0_t654,737,737,24.782,405.1,730.2,473.2,767.6,68.1,37.4,2547,1.82,MEDIUM,0.404,1,96.8,7549.3,82.5,63.5,2.95,3.9,0.035,0.0,0.777,DL1RF4424,0.527,crnn
delhi_1080p_s0_t654,738,738,24.816,397.2,732.4,454.9,767.2,57.7,34.8,2005,1.66,SMALL,0.751,1,70.5,6919.7,104.6,61.7,2.28,2.5,0.015,0.0,0.711,DL8CAP4175,0.989,awiros
delhi_1080p_s0_t534,738,738,24.816,1541.4,673.6,1581.1,686.0,39.6,12.4,492,3.19,VERY_SMALL,0.57,0,46.3,7670.8,91.9,49.8,2.64,2.0,0.115,0.0,0.594,DL1CW0542,0.546,crnn
delhi_1080p_s0_t654,739,739,24.85,363.7,727.6,436.7,769.9,72.9,42.3,3084,1.72,MEDIUM,0.751,1,120.6,8334.5,96.5,60.7,2.66,5.5,0.021,0.0,0.817,DL8CAP4175,0.998,awiros
delhi_1080p_s0_t534,739,739,24.85,1540.0,673.5,1580.2,686.4,40.1,12.8,514,3.13,SMALL,0.507,0,43.1,7458.6,91.8,50.4,2.19,2.5,0.116,0.0,0.594,DL01CW0723,0.649,crnn_reader_crnn_v6
delhi_1080p_s0_t654,740,740,24.883,344.7,729.2,417.4,771.5,72.7,42.3,3076,1.72,MEDIUM,0.755,1,137.3,8671.3,101.7,59.6,2.43,5.5,0.022,0.0,0.833,DL8CAP4175,0.999,awiros
delhi_1080p_s0_t534,740,740,24.883,1538.0,673.4,1579.2,686.1,41.2,12.7,522,3.26,SMALL,0.499,0,54.6,8301.0,92.2,49.3,2.34,2.5,0.115,0.0,0.61,DL1CW0723,0.584,crnn_reader_crnn_v6
delhi_1080p_s0_t654,741,741,24.917,325.1,732.0,397.7,776.2,72.6,44.2,3207,1.64,MEDIUM,0.76,1,123.1,8430.1,105.3,59.8,2.61,0.0,0.02,0.0,0.829,DL8CAP4175,1.0,awiros
delhi_1080p_s0_t534,741,741,24.917,1538.2,674.3,1578.6,687.0,40.4,12.7,512,3.18,SMALL,0.517,0,44.5,7730.1,91.8,51.5,2.23,2.0,0.124,0.0,0.599,DL1CW0727,0.536,crnn_reader_crnn_v6
delhi_1080p_s0_t654,742,742,24.951,303.0,734.5,376.0,778.5,73.0,44.0,3214,1.66,MEDIUM,0.757,1,116.0,8348.1,107.1,58.4,2.7,0.0,0.021,0.0,0.822,DL8CAP4175,1.0,awiros
delhi_1080p_s0_t534,742,742,24.951,1536.9,675.3,1577.5,688.1,40.6,12.8,518,3.18,SMALL,0.512,0,44.6,7757.9,92.2,50.9,2.35,2.0,0.121,0.0,0.598,DL1CM0123,0.594,crnn_reader_crnn_v6
delhi_1080p_s0_t705,743,743,24.984,280.9,737.0,354.4,781.0,73.4,44.0,3227,1.67,MEDIUM,0.782,1,119.5,8531.7,107.1,58.8,2.9,0.0,0.026,0.0,0.823,DL8CAP4175,1.0,awiros
delhi_1080p_s0_t534,743,743,24.984,1535.5,676.2,1576.0,689.2,40.5,12.9,523,3.13,SMALL,0.572,0,44.1,7743.6,92.3,51.6,2.42,2.0,0.128,0.0,0.597,DL11CX0792,0.585,crnn
delhi_1080p_s0_t705,744,744,25.018,258.4,738.7,332.9,782.8,74.5,44.2,3288,1.69,MEDIUM,0.784,1,138.1,8855.8,107.1,58.6,2.74,0.0,0.03,0.0,0.839,DL8CAP4175,0.956,awiros
delhi_1080p_s0_t534,744,744,25.018,1532.7,676.8,1575.0,689.9,42.3,13.1,553,3.24,SMALL,0.51,0,61.1,8646.0,89.8,50.7,2.31,2.5,0.137,0.0,0.622,DL07CW0123,0.583,crnn_reader_crnn_v6
delhi_1080p_s0_t671,744,744,25.018,116.7,666.0,152.9,685.6,36.2,19.6,709,1.84,VERY_SMALL,0.482,1,36.8,5294.6,111.0,47.1,0.92,0.0,0.002,0.0,0.6,DL122997,0.508,crnn
delhi_1080p_s0_t705,745,745,25.051,236.2,741.1,310.4,785.9,74.2,44.8,3325,1.65,MEDIUM,0.792,1,122.2,8577.6,106.0,58.8,3.13,0.0,0.033,0.0,0.822,DL8CAP4175,1.0,awiros
delhi_1080p_s0_t534,745,745,25.051,1532.3,677.1,1575.0,690.4,42.6,13.2,565,3.22,SMALL,0.415,0,63.8,9393.3,91.4,50.0,2.24,3.0,0.115,0.0,0.626,DL1CW0123,0.547,crnn_reader_crnn_v6
delhi_1080p_s0_t705,746,746,25.085,212.9,743.8,286.9,788.9,74.1,45.0,3336,1.64,MEDIUM,0.793,1,127.8,8770.6,106.5,59.2,2.97,0.0,0.034,0.0,0.828,DL8CAP4175,1.0,awiros
delhi_1080p_s0_t534,746,746,25.085,1530.9,677.3,1574.1,691.0,43.1,13.6,589,3.16,SMALL,0.642,0,63.4,8986.9,89.2,49.8,2.06,3.5,0.125,0.0,0.629,DL07CW0123,0.615,crnn_reader_crnn_v6
delhi_1080p_s0_t671,746,746,25.085,77.6,667.0,121.0,688.5,43.5,21.5,935,2.02,SMALL,0.252,1,83.6,9459.5,103.4,55.0,1.59,0.0,0.001,0.0,0.668,UP78FH3291,0.768,crnn
delhi_1080p_s0_t705,747,747,25.119,189.3,746.2,263.2,791.9,73.9,45.7,3378,1.62,MEDIUM,0.783,1,133.6,9146.7,105.4,58.3,2.98,0.0,0.04,0.0,0.832,DL8CAP4175,1.0,awiros
delhi_1080p_s0_t534,747,747,25.119,1531.1,677.9,1573.0,691.8,41.9,13.9,583,3.01,SMALL,0.62,0,50.8,8214.7,89.5,51.8,2.15,3.5,0.129,0.0,0.606,DL1CW0123,0.614,crnn_reader_crnn_v6
delhi_1080p_s0_t671,747,747,25.119,62.8,667.4,105.6,689.9,42.8,22.5,961,1.9,SMALL,0.452,1,79.9,9907.4,100.7,56.7,1.92,0.0,0.003,0.0,0.658,UP135291,0.63,awiros
delhi_1080p_s0_t579,747,747,25.119,1315.0,706.5,1341.3,722.7,26.3,16.2,426,1.62,VERY_SMALL,0.233,1,23.8,6628.8,108.2,57.1,0.72,0.0,0.143,0.0,0.53,KL55CA5458,0.559,crnn_reader_crnn_v6
delhi_1080p_s0_t705,748,748,25.152,164.7,749.5,238.7,795.8,74.0,46.3,3432,1.6,MEDIUM,0.781,1,203.2,10875.3,104.1,59.7,2.09,0.0,0.052,0.0,0.897,DL8CAP4175,1.0,awiros
delhi_1080p_s0_t534,748,748,25.152,1529.7,679.2,1573.1,693.3,43.4,14.1,612,3.08,SMALL,0.696,0,65.8,9205.1,89.9,50.0,2.09,2.8,0.128,0.0,0.631,DL2TCW0723,0.558,crnn_reader_crnn_v6
delhi_1080p_s0_t671,748,748,25.152,47.7,669.5,89.5,692.0,41.7,22.5,940,1.85,SMALL,0.319,1,82.6,10188.2,99.1,56.7,1.82,0.8,0.01,0.0,0.655,CH78FH3291,0.77,crnn
delhi_1080p_s0_t705,749,749,25.186,138.7,751.6,213.1,799.5,74.4,47.9,3563,1.55,MEDIUM,0.789,1,190.9,10970.6,102.1,59.8,2.34,0.0,0.063,0.0,0.883,DL8CAP4175,1.0,awiros
delhi_1080p_s0_t534,749,749,25.186,1529.5,680.1,1571.2,693.8,41.7,13.7,571,3.04,SMALL,0.685,0,50.8,8148.1,89.7,50.5,2.3,3.0,0.121,0.0,0.61,DL2FCW0723,0.633,crnn_reader_crnn_v6
delhi_1080p_s0_t671,749,749,25.186,29.0,670.7,72.9,693.2,43.9,22.5,987,1.95,SMALL,0.414,1,98.5,10901.7,98.9,58.1,1.9,0.0,0.011,0.0,0.68,OD71S6244,0.502,crnn
delhi_1080p_s0_t705,750,750,25.22,111.7,755.6,185.4,803.3,73.7,47.7,3514,1.54,MEDIUM,0.803,1,187.1,10810.7,102.4,59.5,2.32,0.0,0.064,0.0,0.88,DL8CAP4175,0.931,awiros
delhi_1080p_s0_t534,750,750,25.22,1526.1,681.2,1568.9,694.4,42.9,13.1,562,3.27,SMALL,0.702,0,70.3,9281.2,92.1,50.7,2.89,3.0,0.117,0.0,0.629,DL1CX0923,0.537,crnn
delhi_1080p_s0_t705,751,751,25.253,85.0,757.5,158.6,805.9,73.6,48.4,3557,1.52,MEDIUM,0.789,1,160.6,10350.7,103.2,59.3,2.67,0.0,0.061,0.0,0.856,DL8CAP4175,1.0,awiros
delhi_1080p_s0_t534,751,751,25.253,1525.8,681.6,1568.2,694.7,42.4,13.2,559,3.22,SMALL,0.662,0,51.8,8229.0,91.1,51.0,3.54,2.0,0.125,0.0,0.606,DL14W0342,0.594,awiros
delhi_1080p_s0_t671,751,751,25.253,0.0,670.4,37.4,694.0,37.4,23.6,885,1.58,VERY_SMALL,0.379,1,35.0,6807.4,98.9,56.6,1.8,0.0,0.023,0.0,0.573,AP78B8091,0.578,crnn
delhi_1080p_s0_t654,752,752,25.287,57.2,759.5,131.4,810.6,74.2,51.0,3788,1.46,MEDIUM,0.759,1,172.7,10220.9,101.8,60.2,2.54,0.0,0.062,0.0,0.867,DL8CAP4175,1.0,awiros
delhi_1080p_s0_t534,752,752,25.287,1523.7,681.7,1567.2,695.0,43.5,13.2,576,3.28,SMALL,0.682,0,58.6,8724.1,91.2,52.2,3.19,2.5,0.133,0.0,0.616,DL1CK0194,0.613,crnn
delhi_1080p_s0_t671,752,752,25.287,0.3,671.2,20.7,694.9,20.4,23.6,482,0.86,VERY_SMALL,0.497,1,5.3,2424.1,96.8,55.7,1.67,0.0,0.026,0.0,0.48,,0.0,
delhi_1080p_s0_t579,752,752,25.287,1295.6,710.1,1328.5,727.5,33.0,17.3,571,1.9,VERY_SMALL,0.232,1,49.7,9825.5,106.8,58.6,1.38,0.0,0.16,0.0,0.575,TS05G0056,0.711,crnn_reader_crnn_v6
delhi_1080p_s0_t654,753,753,25.32,28.3,760.6,102.6,813.8,74.3,53.3,3957,1.39,MEDIUM,0.758,1,167.6,9833.2,101.7,59.5,2.61,0.0,0.051,0.0,0.863,DL8CAP4175,1.0,awiros
delhi_1080p_s0_t534,753,753,25.32,1523.3,681.7,1566.5,695.0,43.2,13.3,574,3.25,SMALL,0.672,0,50.6,8111.9,91.2,50.0,3.24,2.5,0.138,0.0,0.605,DL1CW0123,0.714,crnn_reader_crnn_v6
delhi_1080p_s0_t579,753,753,25.32,1293.6,709.3,1326.6,728.3,33.0,19.0,628,1.73,VERY_SMALL,0.361,1,46.8,9535.7,99.2,63.5,1.21,0.0,0.183,0.0,0.572,LA505626,0.708,crnn
delhi_1080p_s0_t654,754,754,25.354,0.8,762.5,72.0,818.8,71.2,56.3,4009,1.26,MEDIUM,0.755,1,121.3,8011.9,100.4,58.9,1.3,9.6,0.048,0.0,0.781,DL8CAP4175,0.984,awiros
delhi_1080p_s0_t691,754,754,25.354,655.8,783.5,701.0,826.0,45.2,42.5,1924,1.06,SMALL,0.686,1,37.0,4511.4,96.5,74.7,5.62,0.0,0.034,0.0,0.6,MH07F6777,0.708,crnn
delhi_1080p_s0_t534,754,754,25.354,1520.6,681.5,1565.5,695.0,44.9,13.6,610,3.31,SMALL,0.653,0,58.5,8638.1,90.6,52.1,2.85,2.5,0.138,0.0,0.622,DL1CW0182,0.593,crnn
delhi_1080p_s0_t579,754,754,25.354,1289.9,710.5,1323.4,728.3,33.5,17.8,596,1.88,VERY_SMALL,0.501,1,61.7,10972.7,106.1,60.9,1.47,0.0,0.164,0.0,0.588,TS50SG0056,0.606,crnn_reader_crnn_v6
delhi_1080p_s0_t534,755,755,25.388,1518.2,682.1,1563.6,695.7,45.4,13.6,620,3.33,SMALL,0.67,0,66.6,9196.2,88.8,52.1,2.54,3.0,0.136,0.0,0.639,DL1CW0123,0.702,crnn_reader_crnn_v6
delhi_1080p_s0_t579,755,755,25.388,1284.7,710.7,1318.9,729.6,34.1,18.9,644,1.81,VERY_SMALL,0.491,1,54.6,10368.0,102.6,61.3,1.51,0.0,0.179,0.0,0.58,AS05ATS056,0.629,awiros
delhi_1080p_s0_t691,755,755,25.388,642.1,784.7,700.8,829.4,58.6,44.7,2619,1.31,SMALL,0.469,1,108.1,8603.1,108.3,78.7,5.84,0.0,0.021,0.0,0.72,,0.0,
delhi_1080p_s0_t654,755,755,25.388,0.8,763.4,39.4,823.0,38.6,59.6,2302,0.65,VERY_SMALL,0.364,1,16.0,3151.3,93.5,60.5,1.17,0.0,0.06,0.0,0.571,MH02BE756,0.563,crnn_reader_crnn_v6
delhi_1080p_s0_t534,756,756,25.421,1515.2,683.3,1561.2,697.2,46.1,13.9,640,3.31,SMALL,0.655,0,68.9,9383.8,89.5,51.4,2.33,3.5,0.127,0.0,0.643,DL1CK0582,0.592,crnn
delhi_1080p_s0_t654,756,756,25.421,632.6,838.7,677.7,871.7,45.1,33.0,1486,1.37,SMALL,0.539,1,52.6,6290.7,121.2,53.2,1.3,0.0,0.005,0.0,0.652,KA03T617,0.633,crnn_reader_crnn_v6
delhi_1080p_s0_t579,756,756,25.421,1279.4,711.8,1314.9,731.0,35.4,19.1,678,1.85,VERY_SMALL,0.485,1,65.0,11425.5,102.2,63.0,2.33,0.0,0.178,0.0,0.59,TS506455,0.641,crnn
delhi_1080p_s0_t691,756,756,25.421,625.2,786.5,685.1,835.1,59.9,48.7,2916,1.23,SMALL,0.434,1,128.2,9184.2,112.4,78.3,5.05,0.0,0.024,0.0,0.755,MH01CC4770,0.563,crnn
delhi_1080p_s0_t654,757,757,25.455,618.3,842.5,676.5,882.3,58.2,39.8,2312,1.46,SMALL,0.614,1,137.4,10217.8,121.2,53.0,2.36,0.0,0.006,0.0,0.775,HR26CH00,0.625,awiros
delhi_1080p_s0_t534,757,757,25.455,1514.2,685.0,1559.6,698.9,45.4,14.0,634,3.25,SMALL,0.613,0,65.2,8907.4,89.0,50.8,2.35,3.0,0.124,0.0,0.64,DL1CW0192,0.633,crnn
delhi_1080p_s0_t579,757,757,25.455,1274.0,712.7,1311.8,732.6,37.7,19.9,752,1.89,VERY_SMALL,0.51,1,73.2,11785.2,100.6,63.4,1.91,0.0,0.183,0.0,0.611,TN52EG5056,0.728,crnn_reader_crnn_v6
delhi_1080p_s0_t699,757,757,25.455,625.0,842.1,724.7,902.0,99.7,59.9,5977,1.66,MEDIUM,0.378,1,607.9,17559.8,92.5,63.3,2.3,0.5,0.07,0.0,0.973,HP26CC2093,0.915,awiros
delhi_1080p_s0_t691,757,757,25.455,612.9,788.9,671.5,840.2,58.6,51.3,3006,1.14,SMALL,0.354,1,110.9,8740.4,111.9,77.6,5.63,0.0,0.022,0.0,0.728,MH01CCA6740,0.618,crnn
delhi_1080p_s0_t699,758,758,25.489,607.0,845.8,709.9,904.6,102.9,58.8,6047,1.75,MEDIUM,0.71,1,942.3,20999.3,96.1,62.5,2.32,0.0,0.076,0.0,0.973,HR26CC2083,1.0,awiros
delhi_1080p_s0_t534,758,758,25.489,1512.5,686.7,1557.6,701.0,45.1,14.3,644,3.16,SMALL,0.67,0,66.1,8834.0,88.4,51.0,2.5,3.0,0.137,0.0,0.635,DL1CW0182,0.727,crnn
delhi_1080p_s0_t579,758,758,25.489,1267.5,714.8,1308.1,734.9,40.7,20.2,821,2.01,SMALL,0.549,1,102.0,13343.9,103.8,62.4,2.48,0.0,0.174,0.0,0.647,TN50EG5056,0.673,crnn_reader_crnn_v6
delhi_1080p_s0_t699,759,759,25.522,601.0,848.3,695.2,908.2,94.2,59.9,5645,1.57,MEDIUM,0.717,1,652.6,21378.7,92.1,65.1,2.37,0.9,0.087,0.0,0.97,HR26CC2083,1.0,awiros
delhi_1080p_s0_t534,759,759,25.522,1511.3,688.3,1556.6,702.7,45.2,14.5,655,3.12,SMALL,0.645,0,57.1,8396.9,87.2,50.6,1.72,4.0,0.143,0.0,0.632,DL1CW0182,0.578,crnn
delhi_1080p_s0_t579,759,759,25.522,1265.1,716.6,1305.2,736.3,40.1,19.7,789,2.04,SMALL,0.625,1,88.0,12697.5,102.0,64.1,2.21,0.0,0.176,0.0,0.63,KA50EG5056,0.697,crnn_reader_crnn_v6
delhi_1080p_s0_t699,760,760,25.556,591.2,850.7,681.9,912.3,90.7,61.6,5588,1.47,MEDIUM,0.684,1,571.5,21252.8,89.2,67.4,2.16,1.5,0.099,0.0,0.97,HR26CC2083,1.0,awiros
delhi_1080p_s0_t534,760,760,25.556,1510.3,689.1,1555.7,703.9,45.4,14.8,673,3.06,SMALL,0.663,0,63.7,8871.9,87.2,52.8,2.57,3.5,0.151,0.0,0.634,DL1CW0123,0.653,crnn_reader_crnn_v6
delhi_1080p_s0_t579,760,760,25.556,1261.3,717.3,1302.4,737.9,41.2,20.6,846,2.0,SMALL,0.621,1,101.7,13487.0,100.3,65.3,2.03,0.0,0.184,0.0,0.649,MH50SG0056,0.759,crnn_reader_crnn_v6
delhi_1080p_s0_t699,761,761,25.589,575.0,853.9,668.5,916.2,93.5,62.3,5823,1.5,MEDIUM,0.706,1,643.8,23294.5,90.4,68.5,2.38,1.4,0.093,0.0,0.968,HR26CC2083,1.0,awiros
delhi_1080p_s0_t534,761,761,25.589,1509.1,690.0,1555.0,704.7,45.9,14.7,675,3.11,SMALL,0.693,0,66.3,8969.5,86.4,53.4,2.42,3.5,0.152,0.0,0.637,DL3CW0542,0.682,crnn
delhi_1080p_s0_t579,761,761,25.589,1259.8,719.2,1300.0,737.7,40.2,18.5,744,2.17,SMALL,0.642,1,95.5,13697.5,103.6,64.1,2.68,0.0,0.169,0.0,0.633,ML14S056,0.696,crnn_reader_crnn_v6
delhi_1080p_s0_t691,761,761,25.589,561.6,855.9,694.9,876.0,133.4,20.1,2687,6.62,LARGE,0.205,0,1091.9,20340.0,96.5,80.7,3.61,0.0,0.096,0.0,0.96,,0.0,
delhi_1080p_s0_t534,762,762,25.623,1508.8,690.6,1553.9,704.9,45.0,14.3,645,3.15,SMALL,0.745,0,69.7,9335.4,87.1,51.9,2.36,3.5,0.149,0.0,0.637,DL1CW0942,0.964,awiros
delhi_1080p_s0_t699,762,762,25.623,558.0,855.2,654.5,920.6,96.5,65.4,6310,1.48,MEDIUM,0.723,1,696.1,23932.1,90.4,69.7,2.14,11.1,0.102,0.0,0.953,HR26CC2083,1.0,awiros
delhi_1080p_s0_t579,762,762,25.623,1257.9,719.7,1298.3,738.1,40.4,18.4,743,2.2,SMALL,0.697,1,116.3,14784.0,104.4,64.4,2.01,0.0,0.167,0.0,0.66,PB50A5056,0.685,crnn_reader_crnn_v6
delhi_1080p_s0_t534,763,763,25.657,1508.6,690.8,1553.8,705.5,45.2,14.7,664,3.08,SMALL,0.762,0,61.7,9027.6,86.2,52.7,2.74,3.0,0.165,0.0,0.626,DL1CW0942,0.867,awiros
delhi_1080p_s0_t722,763,763,25.657,1254.8,720.1,1295.5,738.6,40.7,18.5,753,2.2,SMALL,0.722,1,112.5,14897.2,103.6,63.7,2.83,0.0,0.165,0.0,0.654,BR145056,0.751,crnn
delhi_1080p_s0_t699,763,763,25.657,546.0,859.0,640.6,922.4,94.6,63.4,6003,1.49,MEDIUM,0.708,1,615.3,23459.7,93.4,69.2,2.39,11.3,0.095,0.0,0.952,HR26CC2083,1.0,awiros
delhi_1080p_s0_t534,764,764,25.69,1507.3,691.5,1553.1,706.0,45.9,14.5,664,3.17,SMALL,0.763,0,73.9,9454.4,86.5,54.2,2.7,3.5,0.156,0.0,0.641,DL1CW0342,0.882,awiros
delhi_1080p_s0_t722,764,764,25.69,1250.0,720.6,1293.5,739.4,43.5,18.8,820,2.31,SMALL,0.75,1,155.5,16828.8,102.0,65.5,2.36,0.0,0.179,0.0,0.704,TR14EB5056,0.663,crnn_reader_crnn_v6
delhi_1080p_s0_t699,764,764,25.69,540.1,861.3,625.8,926.1,85.7,64.7,5548,1.32,MEDIUM,0.722,1,470.4,20940.0,90.7,69.7,1.91,13.4,0.106,0.0,0.951,HR26CC2083,0.989,awiros
delhi_1080p_s0_t722,765,765,25.724,1246.1,721.4,1290.9,741.5,44.9,20.1,904,2.23,SMALL,0.753,1,161.0,17604.3,104.2,68.1,2.69,0.0,0.179,0.001,0.713,HR50SG0056,0.675,crnn_reader_crnn_v6
delhi_1080p_s0_t534,765,765,25.724,1506.3,692.5,1551.7,706.9,45.5,14.4,657,3.15,SMALL,0.744,0,72.0,9506.7,88.7,54.6,2.74,3.5,0.143,0.0,0.64,DL1CW0542,0.914,awiros
delhi_1080p_s0_t699,765,765,25.724,533.1,867.2,609.0,928.1,75.8,60.9,4615,1.25,MEDIUM,0.696,1,271.9,17925.3,96.0,69.5,1.7,14.9,0.068,0.0,0.931,26CC2083,0.998,awiros
delhi_1080p_s0_t691,765,765,25.724,500.6,863.8,610.4,905.0,109.8,41.2,4523,2.66,MEDIUM,0.529,0,711.7,22022.0,101.6,70.0,3.61,0.0,0.067,0.0,0.963,HR26CC2083,0.959,awiros
delhi_1080p_s0_t691,766,766,25.758,482.4,866.1,591.9,917.0,109.5,50.9,5573,2.15,MEDIUM,0.759,1,674.0,23132.7,108.3,71.8,3.62,0.0,0.021,0.0,0.968,HR26CC2083,1.0,awiros
delhi_1080p_s0_t534,766,766,25.758,1503.1,692.9,1550.6,707.5,47.5,14.7,697,3.24,SMALL,0.75,0,87.7,10405.8,90.8,55.3,2.96,3.0,0.136,0.0,0.661,DL1CW0942,0.96,awiros
delhi_1080p_s0_t722,766,766,25.758,1242.3,722.1,1287.5,741.8,45.3,19.7,893,2.29,SMALL,0.731,1,200.1,19975.1,110.7,67.5,2.62,0.0,0.159,0.015,0.742,HR14SQ6601,0.598,crnn
delhi_1080p_s0_t699,766,766,25.758,532.2,871.2,594.1,934.3,61.9,63.1,3908,0.98,MEDIUM,0.66,1,136.7,13134.8,99.1,70.5,0.76,9.8,0.026,0.0,0.789,CG209220,0.737,crnn
delhi_1080p_s0_t691,767,767,25.791,466.8,869.0,577.8,924.0,110.9,55.0,6095,2.02,MEDIUM,0.757,1,606.7,22301.1,109.3,72.3,3.82,0.0,0.012,0.0,0.967,HR26CC2083,1.0,awiros
delhi_1080p_s0_t534,767,767,25.791,1502.1,693.3,1549.8,708.1,47.7,14.8,708,3.22,SMALL,0.755,0,83.5,10766.9,92.8,54.4,3.05,3.2,0.129,0.0,0.657,DL1CW0542,0.88,awiros
delhi_1080p_s0_t722,767,767,25.791,1240.0,723.1,1285.6,742.7,45.6,19.7,897,2.32,SMALL,0.755,1,177.4,18770.1,109.2,67.4,2.38,0.0,0.16,0.019,0.728,HR45UG0056,0.759,crnn_reader_crnn_v6
delhi_1080p_s0_t699,767,767,25.791,531.0,880.4,577.2,937.6,46.2,57.1,2640,0.81,SMALL,0.516,1,47.9,8128.0,97.1,70.9,1.09,14.6,0.013,0.0,0.628,UP210883,0.531,crnn_reader_crnn_v6
delhi_1080p_s0_t691,768,768,25.825,449.8,871.4,559.7,929.5,109.9,58.1,6386,1.89,MEDIUM,0.783,1,581.3,22067.8,108.6,73.1,3.5,0.0,0.009,0.0,0.97,HR26CC2083,0.998,awiros
delhi_1080p_s0_t534,768,768,25.825,1501.6,694.0,1549.9,708.8,48.3,14.8,716,3.26,SMALL,0.754,0,88.9,10473.5,91.9,57.4,2.98,3.0,0.128,0.0,0.666,DL1CW0542,0.944,awiros
delhi_1080p_s0_t722,768,768,25.825,1236.8,724.0,1283.5,743.3,46.7,19.3,903,2.42,SMALL,0.749,1,199.9,19459.2,108.2,66.7,1.97,0.0,0.163,0.014,0.755,HR45SG0056,0.703,crnn_reader_crnn_v6
delhi_1080p_s0_t699,768,768,25.825,530.3,886.8,558.4,943.3,28.1,56.4,1588,0.5,VERY_SMALL,0.329,1,9.6,3331.5,91.5,70.5,1.98,2.4,0.011,0.0,0.525,MH02K4279,0.594,crnn_reader_crnn_v6
delhi_1080p_s0_t534,769,769,25.858,1500.2,694.4,1548.4,709.8,48.2,15.4,744,3.12,SMALL,0.752,0,82.8,10347.8,91.7,56.2,3.03,3.1,0.127,0.0,0.66,DL1CW0542,0.917,awiros
delhi_1080p_s0_t722,769,769,25.858,1231.6,724.6,1280.4,744.5,48.8,19.9,969,2.46,SMALL,0.749,1,221.6,20333.6,108.4,68.8,2.48,0.0,0.165,0.015,0.78,HR50SG0056,0.731,crnn_reader_crnn_v6
delhi_1080p_s0_t691,769,769,25.858,432.1,875.6,542.4,927.8,110.4,52.3,5770,2.11,MEDIUM,0.73,1,594.0,21828.0,108.6,71.4,4.08,0.0,0.009,0.0,0.965,HR26CC2083,1.0,awiros
delhi_1080p_s0_t699,769,769,25.858,509.4,891.8,539.8,946.3,30.4,54.5,1656,0.56,VERY_SMALL,0.37,1,12.6,4006.0,95.0,70.5,1.54,1.7,0.009,0.0,0.544,MH02K439,0.782,crnn
delhi_1080p_s0_t534,770,770,25.892,1499.0,695.5,1547.1,710.8,48.1,15.2,733,3.15,SMALL,0.771,0,87.1,10514.7,91.9,54.4,2.81,3.5,0.129,0.0,0.661,DL1CW0542,0.897,awiros
delhi_1080p_s0_t722,770,770,25.892,1227.5,725.1,1277.2,745.8,49.7,20.7,1031,2.4,SMALL,0.747,1,263.7,22194.6,106.1,68.8,2.28,0.0,0.166,0.015,0.821,TR11E0661,0.52,crnn
delhi_1080p_s0_t691,770,770,25.892,412.3,878.9,523.9,930.0,111.6,51.1,5697,2.19,MEDIUM,0.733,1,637.6,21796.3,108.6,71.4,3.68,0.0,0.01,0.0,0.968,HR26CC2083,1.0,awiros
delhi_1080p_s0_t699,770,770,25.892,499.0,897.3,522.3,954.6,23.3,57.3,1336,0.41,VERY_SMALL,0.212,1,5.5,2225.9,93.3,70.4,2.29,0.0,0.01,0.0,0.5,,0.0,
delhi_1080p_s0_t534,771,771,25.926,1497.5,696.3,1546.1,711.2,48.6,14.9,725,3.26,SMALL,0.757,0,83.3,10422.4,94.8,55.7,3.29,3.2,0.109,0.0,0.66,DL1CW0542,0.897,awiros
delhi_1080p_s0_t722,771,771,25.926,1222.0,724.9,1274.6,746.7,52.6,21.9,1150,2.41,SMALL,0.745,1,277.7,22482.8,104.3,71.0,2.59,0.0,0.164,0.019,0.84,HR50SG0056,0.727,crnn_reader_crnn_v6
delhi_1080p_s0_t691,771,771,25.926,394.2,882.9,503.2,928.3,109.0,45.5,4958,2.4,MEDIUM,0.56,1,584.4,21191.3,106.8,70.4,3.87,0.0,0.009,0.0,0.967,HR26CC2083,1.0,awiros
delhi_1080p_s0_t534,772,772,25.959,1496.1,696.6,1544.9,711.7,48.8,15.1,738,3.23,SMALL,0.763,0,85.0,10392.6,92.6,56.0,3.08,3.2,0.13,0.0,0.662,DL1CW0542,0.918,awiros
delhi_1080p_s0_t722,772,772,25.959,1216.3,724.8,1271.3,746.8,55.0,22.0,1207,2.5,SMALL,0.734,1,351.1,24850.6,106.2,70.6,2.35,0.0,0.155,0.017,0.873,DL1RTA5056,0.929,awiros
delhi_1080p_s0_t691,772,772,25.959,373.8,887.1,483.4,931.9,109.7,44.8,4915,2.45,MEDIUM,0.68,1,608.5,21443.9,107.2,70.4,3.85,0.0,0.009,0.0,0.967,HR26CC2083,1.0,awiros
delhi_1080p_s0_t534,773,773,25.993,1494.1,697.2,1543.4,712.3,49.3,15.1,743,3.27,SMALL,0.755,0,87.4,10527.0,91.6,55.5,2.83,3.2,0.13,0.0,0.669,DL1CW0942,0.853,awiros
delhi_1080p_s0_t722,773,773,25.993,1211.4,725.1,1268.3,747.1,57.0,22.1,1257,2.58,SMALL,0.733,1,402.5,27090.1,106.7,72.1,2.28,0.0,0.143,0.023,0.884,DL1RTA5056,0.991,awiros
delhi_1080p_s0_t534,774,774,26.027,1492.5,697.4,1542.2,712.5,49.7,15.1,750,3.29,SMALL,0.76,0,104.3,10955.5,91.2,57.3,2.63,3.2,0.126,0.0,0.689,DL1CW0942,0.937,awiros
delhi_1080p_s0_t722,774,774,26.027,1206.7,726.1,1265.5,748.7,58.9,22.6,1333,2.6,SMALL,0.731,1,442.0,26883.8,103.9,70.6,2.49,0.0,0.155,0.017,0.891,DL1RTA5056,1.0,awiros
delhi_1080p_s0_t534,775,775,26.06,1492.2,697.2,1541.9,712.5,49.7,15.2,756,3.26,SMALL,0.76,0,81.8,10119.1,89.8,56.0,2.79,3.0,0.145,0.0,0.664,DL1CW0342,0.93,awiros
delhi_1080p_s0_t579,775,775,26.06,1203.7,726.1,1261.8,747.6,58.1,21.5,1250,2.7,SMALL,0.743,0,398.9,26078.1,103.4,70.6,2.49,0.0,0.152,0.019,0.887,DL1RTA5056,1.0,awiros
delhi_1080p_s0_t691,775,775,26.06,310.2,899.5,422.6,942.7,112.4,43.2,4857,2.6,MEDIUM,0.563,0,617.5,20778.8,104.5,70.8,3.63,0.0,0.026,0.0,0.967,HR26CC2083,0.981,awiros
delhi_1080p_s0_t534,776,776,26.094,1490.7,696.7,1540.3,712.1,49.6,15.4,764,3.23,SMALL,0.765,0,103.0,11114.5,87.9,58.2,2.72,3.2,0.141,0.0,0.686,DL1CW0942,0.967,awiros
delhi_1080p_s0_t579,776,776,26.094,1198.9,725.8,1258.6,748.1,59.7,22.3,1331,2.68,SMALL,0.759,0,452.9,27317.0,100.4,70.6,2.0,0.0,0.157,0.017,0.899,DL1RTA5056,1.0,awiros
delhi_1080p_s0_t691,776,776,26.094,291.5,904.6,398.4,946.8,106.9,42.2,4512,2.53,MEDIUM,0.263,1,575.5,19836.8,101.5,66.8,3.82,0.0,0.043,0.0,0.964,HR26CC2083,0.965,awiros
delhi_1080p_s0_t534,777,777,26.127,1487.9,697.0,1539.2,712.8,51.3,15.8,812,3.24,SMALL,0.752,0,102.9,10859.6,85.8,56.2,3.08,3.1,0.151,0.0,0.69,DL1CW0342,0.932,awiros
delhi_1080p_s0_t579,777,777,26.127,1194.3,726.1,1255.0,748.9,60.8,22.8,1386,2.66,MEDIUM,0.751,0,457.7,27959.1,98.3,70.7,2.52,7.5,0.154,0.017,0.89,DL1RTA5056,0.95,awiros
delhi_1080p_s0_t691,777,777,26.127,265.0,907.8,373.1,952.0,108.1,44.2,4779,2.44,MEDIUM,0.72,1,532.9,19443.4,100.0,66.1,3.72,0.0,0.047,0.0,0.964,HR26CC2083,0.954,awiros
delhi_1080p_s0_t534,778,778,26.161,1486.8,698.4,1537.8,713.9,51.0,15.5,789,3.29,SMALL,0.759,0,106.8,11023.8,85.7,58.3,2.91,3.2,0.144,0.0,0.691,DL1CW0942,0.958,awiros
delhi_1080p_s0_t691,778,778,26.161,240.6,912.6,348.7,960.0,108.1,47.4,5124,2.28,MEDIUM,0.752,1,547.7,19634.4,100.1,66.9,3.74,0.0,0.052,0.0,0.964,HR26CC2083,1.0,awiros
delhi_1080p_s0_t579,778,778,26.161,1188.8,726.6,1251.2,749.9,62.5,23.3,1458,2.68,MEDIUM,0.751,0,532.0,29425.5,97.3,70.8,2.15,8.0,0.147,0.016,0.898,DL1RTA5056,0.989,awiros
delhi_1080p_s0_t534,779,779,26.195,1484.2,698.9,1536.9,715.7,52.7,16.8,887,3.14,SMALL,0.773,0,109.3,11254.6,81.7,56.7,3.04,3.0,0.159,0.0,0.702,DL1CW0942,0.97,awiros
delhi_1080p_s0_t579,779,779,26.195,1185.2,728.1,1248.0,751.3,62.8,23.2,1456,2.71,MEDIUM,0.749,0,493.8,28127.1,94.6,69.7,2.48,7.5,0.157,0.012,0.9,DL1RTA5056,1.0,awiros
delhi_1080p_s0_t691,779,779,26.195,214.2,917.1,323.0,965.0,108.8,47.9,5216,2.27,MEDIUM,0.726,1,552.3,19930.6,98.1,66.5,3.7,0.0,0.086,0.0,0.961,HR26CC2083,1.0,awiros
delhi_1080p_s0_t579,780,780,26.228,1181.1,729.3,1244.3,752.6,63.2,23.3,1475,2.71,MEDIUM,0.758,0,517.2,28558.2,92.2,69.9,2.67,7.5,0.167,0.008,0.899,DL1RTA5056,1.0,awiros
delhi_1080p_s0_t534,780,780,26.228,1482.8,700.2,1535.1,716.3,52.3,16.2,845,3.24,SMALL,0.756,0,101.2,10429.9,80.9,57.5,2.86,3.2,0.16,0.0,0.693,DL1CW0942,0.975,awiros
delhi_1080p_s0_t691,780,780,26.228,188.2,922.9,296.4,973.0,108.2,50.1,5420,2.16,MEDIUM,0.743,1,543.6,19806.8,97.7,68.6,3.76,0.0,0.09,0.0,0.96,HR26CC2083,1.0,awiros
delhi_1080p_s0_t579,781,781,26.262,1178.0,730.1,1241.7,753.6,63.7,23.5,1497,2.71,MEDIUM,0.76,0,504.1,27641.9,90.0,71.2,2.56,7.5,0.167,0.009,0.903,DL1RTA5056,0.949,awiros
delhi_1080p_s0_t534,781,781,26.262,1481.8,701.0,1533.7,717.5,51.9,16.6,860,3.13,SMALL,0.758,0,96.3,9936.2,79.1,54.9,2.46,3.1,0.187,0.0,0.686,DL1CW0942,0.949,awiros
delhi_1080p_s0_t691,781,781,26.262,161.9,928.8,268.7,982.0,106.8,53.2,5681,2.01,MEDIUM,0.75,1,539.4,19703.0,98.5,68.2,3.74,0.0,0.086,0.0,0.96,HR26CC2083,1.0,awiros
delhi_1080p_s0_t579,782,782,26.296,1174.1,730.9,1238.2,754.5,64.2,23.6,1511,2.73,MEDIUM,0.768,0,537.8,27740.7,89.2,69.7,2.3,7.4,0.175,0.009,0.905,DL1RTA5056,1.0,awiros
delhi_1080p_s0_t691,782,782,26.296,134.8,927.7,241.8,990.0,107.1,62.3,6672,1.72,MEDIUM,0.757,1,525.3,18666.5,95.8,70.5,2.91,0.0,0.104,0.0,0.965,HR26CC2083,1.0,awiros
delhi_1080p_s0_t534,782,782,26.296,1480.4,702.0,1532.8,718.2,52.4,16.2,851,3.23,SMALL,0.756,0,110.7,10487.4,77.8,57.6,2.39,3.4,0.197,0.0,0.701,DL1CW0942,0.964,awiros
delhi_1080p_s0_t482,782,782,26.296,1467.9,617.1,1604.0,666.0,136.2,48.8,6650,2.79,LARGE,0.371,0,557.0,16009.5,81.1,67.6,0.76,0.0,0.022,0.0,0.991,,0.0,
delhi_1080p_s0_t579,783,783,26.329,1170.3,731.5,1234.8,755.3,64.5,23.8,1536,2.71,MEDIUM,0.771,0,533.7,28145.9,88.9,71.1,2.81,8.0,0.172,0.007,0.905,DL1RTA5056,0.994,awiros
delhi_1080p_s0_t534,783,783,26.329,1479.5,703.1,1532.0,719.1,52.5,16.0,842,3.28,SMALL,0.759,0,98.7,9983.8,78.3,58.9,2.92,3.0,0.187,0.0,0.688,DL1CW0942,0.974,awiros
delhi_1080p_s0_t579,784,784,26.363,1167.2,731.7,1231.6,756.5,64.3,24.8,1595,2.59,MEDIUM,0.768,1,487.9,27396.5,88.3,71.0,2.56,8.4,0.168,0.008,0.906,DL1RTA5056,0.988,awiros
delhi_1080p_s0_t534,784,784,26.363,1478.9,703.8,1531.4,719.9,52.4,16.2,848,3.24,SMALL,0.755,0,92.9,9656.9,79.3,57.7,3.67,3.5,0.183,0.0,0.676,DL1CW0942,0.984,awiros
delhi_1080p_s0_t736,784,784,26.363,77.3,932.8,126.8,982.0,49.6,49.2,2439,1.01,SMALL,0.631,1,83.5,9306.8,109.6,61.2,2.04,0.0,0.014,0.0,0.69,HR26CQ81,0.758,awiros
delhi_1080p_s0_t482,784,784,26.363,1465.7,619.1,1602.5,667.2,136.8,48.1,6581,2.84,LARGE,0.391,0,549.6,16152.5,81.9,67.6,1.08,0.0,0.023,0.0,0.989,HP06C7799,0.619,crnn
delhi_1080p_s0_t579,785,785,26.396,1164.9,733.1,1228.4,757.8,63.6,24.7,1568,2.58,MEDIUM,0.763,1,463.5,26959.6,88.4,70.5,2.56,8.5,0.168,0.006,0.903,DL1RTA5056,0.997,awiros
delhi_1080p_s0_t534,785,785,26.396,1477.9,704.3,1531.0,721.0,53.0,16.6,882,3.19,SMALL,0.763,0,89.1,9383.5,76.4,56.4,3.67,3.1,0.215,0.0,0.675,DL1CW0942,0.963,awiros
delhi_1080p_s0_t482,785,785,26.396,1461.3,618.5,1602.1,668.0,140.8,49.5,6968,2.84,LARGE,0.417,0,630.2,16999.3,82.0,67.2,1.24,0.0,0.028,0.0,0.987,,0.0,
delhi_1080p_s0_t534,786,786,26.43,1475.4,704.8,1529.5,722.1,54.1,17.3,933,3.13,SMALL,0.77,0,98.7,9731.6,74.8,56.4,3.89,3.4,0.226,0.0,0.683,DL1CW0942,0.998,awiros
delhi_1080p_s0_t579,786,786,26.43,1161.0,733.9,1225.1,759.1,64.2,25.2,1616,2.55,MEDIUM,0.757,1,484.2,27034.1,86.8,71.0,2.7,8.5,0.174,0.006,0.901,DL1RTA5056,0.965,awiros
delhi_1080p_s0_t482,786,786,26.43,1462.3,617.9,1601.2,668.3,138.9,50.4,7000,2.76,LARGE,0.29,0,595.2,16424.6,81.5,69.7,1.15,0.0,0.03,0.0,0.987,,0.0,
delhi_1080p_s0_t534,787,787,26.464,1474.3,705.6,1528.5,722.8,54.2,17.1,929,3.16,SMALL,0.769,0,88.9,9474.6,74.4,55.7,4.38,3.4,0.224,0.0,0.671,DL1CW0942,0.946,awiros
delhi_1080p_s0_t579,787,787,26.464,1156.9,734.4,1222.7,760.6,65.9,26.2,1723,2.52,MEDIUM,0.759,1,505.9,28067.9,85.0,71.1,3.05,9.0,0.175,0.005,0.909,DL1RTA5056,0.997,awiros
delhi_1080p_s0_t534,788,788,26.497,1473.1,706.6,1527.4,723.5,54.3,17.0,921,3.2,SMALL,0.765,0,101.5,10232.6,76.1,55.7,3.26,3.5,0.211,0.0,0.692,DL1CW0942,0.988,awiros
delhi_1080p_s0_t579,788,788,26.497,1153.2,735.0,1219.4,761.7,66.1,26.7,1765,2.48,MEDIUM,0.759,1,532.9,28644.7,84.7,71.4,3.0,9.0,0.178,0.007,0.909,DL1RTA5056,0.972,awiros
delhi_1080p_s0_t534,789,789,26.531,1471.6,707.3,1525.9,724.3,54.3,17.0,925,3.19,SMALL,0.766,0,94.2,9861.6,75.8,56.9,3.61,3.1,0.221,0.0,0.683,DL1CW0942,0.999,awiros
delhi_1080p_s0_t579,789,789,26.531,1150.3,736.4,1215.6,761.9,65.3,25.4,1661,2.57,MEDIUM,0.748,1,512.9,27906.5,86.1,70.6,2.71,8.0,0.179,0.004,0.91,DL1RTA5056,0.997,awiros
delhi_1080p_s0_t534,790,790,26.565,1470.1,707.9,1524.6,725.2,54.5,17.3,942,3.15,SMALL,0.77,0,118.4,10617.2,74.9,58.7,3.63,3.4,0.227,0.0,0.705,DL1CW0942,0.997,awiros
delhi_1080p_s0_t579,790,790,26.565,1145.4,737.0,1211.7,763.0,66.3,26.0,1724,2.55,MEDIUM,0.754,1,586.3,29307.8,85.6,70.8,2.29,8.5,0.182,0.005,0.916,DL1RTA5056,0.969,awiros
delhi_1080p_s0_t534,791,791,26.598,1468.4,709.1,1522.9,726.0,54.5,16.9,923,3.22,SMALL,0.77,0,105.1,10188.0,75.3,58.4,3.94,3.5,0.226,0.0,0.692,DL1CW0942,0.999,awiros
delhi_1080p_s0_t579,791,791,26.598,1141.2,738.0,1207.5,764.1,66.4,26.1,1733,2.54,MEDIUM,0.748,1,545.4,28350.2,86.0,70.8,2.38,8.5,0.179,0.004,0.916,DL1RTA5056,0.959,awiros
delhi_1080p_s0_t534,792,792,26.632,1466.4,709.7,1521.4,727.3,55.0,17.6,966,3.13,SMALL,0.771,0,121.4,10838.0,75.7,57.1,3.67,3.3,0.217,0.0,0.713,DL1CW0942,0.996,awiros
delhi_1080p_s0_t579,792,792,26.632,1136.1,738.6,1203.6,765.2,67.5,26.7,1800,2.53,MEDIUM,0.747,1,569.4,29536.9,85.9,71.3,2.35,9.0,0.172,0.005,0.919,DL1RTA5056,1.0,awiros
delhi_1080p_s0_t534,793,793,26.665,1464.7,710.8,1519.8,728.6,55.1,17.8,982,3.09,SMALL,0.776,0,106.8,10252.6,74.3,59.0,3.64,3.6,0.24,0.0,0.694,DL1CW0942,0.997,awiros
delhi_1080p_s0_t579,793,793,26.665,1133.3,739.1,1200.2,766.7,66.9,27.6,1845,2.42,MEDIUM,0.756,1,561.2,29085.9,85.1,73.3,2.13,9.3,0.177,0.006,0.92,DL1RTA5056,0.999,awiros
delhi_1080p_s0_t534,794,794,26.699,1461.9,711.8,1517.3,729.7,55.5,17.9,990,3.1,SMALL,0.774,0,115.2,10475.8,74.0,58.4,3.82,3.5,0.242,0.0,0.699,DL1CW0942,0.96,awiros
delhi_1080p_s0_t579,794,794,26.699,1127.1,740.2,1195.7,767.8,68.6,27.6,1893,2.49,MEDIUM,0.75,1,604.7,29480.1,84.7,71.1,2.12,9.0,0.182,0.005,0.928,DL1RTA5056,0.998,awiros
delhi_1080p_s0_t534,795,795,26.733,1459.5,712.3,1515.1,730.4,55.6,18.2,1009,3.06,SMALL,0.774,0,115.8,10856.2,75.9,57.0,3.63,3.3,0.227,0.0,0.707,DL1CW0942,0.996,awiros
delhi_1080p_s0_t579,795,795,26.733,1123.2,741.1,1191.4,769.1,68.2,28.0,1907,2.44,MEDIUM,0.75,1,543.1,28252.9,84.1,71.0,2.5,9.0,0.187,0.006,0.92,DL1RTA5056,0.996,awiros
delhi_1080p_s0_t534,796,796,26.766,1458.7,712.9,1514.4,730.5,55.7,17.7,985,3.15,SMALL,0.773,0,120.8,10827.9,76.6,57.1,3.47,3.6,0.217,0.0,0.717,DL1CW0942,0.991,awiros
delhi_1080p_s0_t579,796,796,26.766,1121.2,741.2,1188.4,769.8,67.2,28.5,1919,2.36,MEDIUM,0.761,1,554.6,28794.3,84.6,72.1,2.38,9.5,0.181,0.005,0.917,DL1RTA5056,1.0,awiros
